solid OpenSCAD_Model
  facet normal -1 0 0
    outer loop
      vertex -26.95 3 26.8
      vertex -26.95 0.951056 28.091
      vertex -26.95 1 28.4
    endloop
  endfacet
  facet normal -1 0 0
    outer loop
      vertex -26.95 3 26.8
      vertex -26.95 0.809016 27.8122
      vertex -26.95 0.951056 28.091
    endloop
  endfacet
  facet normal -1 0 0
    outer loop
      vertex -26.95 3 26.8
      vertex -26.95 0.587785 27.591
      vertex -26.95 0.809016 27.8122
    endloop
  endfacet
  facet normal -1 0 0
    outer loop
      vertex -26.95 3 26.8
      vertex -26.95 0.309016 27.4489
      vertex -26.95 0.587785 27.591
    endloop
  endfacet
  facet normal -1 0 0
    outer loop
      vertex -26.95 3 26.8
      vertex -26.95 0 27.4
      vertex -26.95 0.309016 27.4489
    endloop
  endfacet
  facet normal -1 0 0
    outer loop
      vertex -26.95 -3 26.8
      vertex -26.95 0 27.4
      vertex -26.95 3 26.8
    endloop
  endfacet
  facet normal -1 -0 0
    outer loop
      vertex -26.95 -0.951056 28.091
      vertex -26.95 -3 26.8
      vertex -26.95 -1 28.4
    endloop
  endfacet
  facet normal -1 -0 0
    outer loop
      vertex -26.95 -0.809016 27.8122
      vertex -26.95 -3 26.8
      vertex -26.95 -0.951056 28.091
    endloop
  endfacet
  facet normal -1 -0 0
    outer loop
      vertex -26.95 -0.587785 27.591
      vertex -26.95 -3 26.8
      vertex -26.95 -0.809016 27.8122
    endloop
  endfacet
  facet normal -1 -0 0
    outer loop
      vertex -26.95 -0.309016 27.4489
      vertex -26.95 -3 26.8
      vertex -26.95 -0.587785 27.591
    endloop
  endfacet
  facet normal -1 -0 0
    outer loop
      vertex -26.95 0 27.4
      vertex -26.95 -3 26.8
      vertex -26.95 -0.309016 27.4489
    endloop
  endfacet
  facet normal -1 0 0
    outer loop
      vertex -26.95 4.38564 24.4
      vertex -26.95 9.9 30.2
      vertex -26.95 9.9 1.90735e-07
    endloop
  endfacet
  facet normal -1 0 0
    outer loop
      vertex -26.95 9.9 30.2
      vertex -26.95 4.52169 24.7056
      vertex -26.95 4.59123 25.0328
    endloop
  endfacet
  facet normal -1 0 0
    outer loop
      vertex -26.95 9.9 30.2
      vertex -26.95 4.38564 24.4
      vertex -26.95 4.52169 24.7056
    endloop
  endfacet
  facet normal -1 0 0
    outer loop
      vertex -26.95 9.9 1.90735e-07
      vertex -26.95 4.18903 24.1294
      vertex -26.95 4.38564 24.4
    endloop
  endfacet
  facet normal -1 0 0
    outer loop
      vertex -26.95 9.9 1.90735e-07
      vertex -26.95 3.94046 23.9056
      vertex -26.95 4.18903 24.1294
    endloop
  endfacet
  facet normal -1 0 0
    outer loop
      vertex -26.95 9.9 1.90735e-07
      vertex -26.95 3.65078 23.7383
      vertex -26.95 3.94046 23.9056
    endloop
  endfacet
  facet normal -1 0 0
    outer loop
      vertex -26.95 9.9 1.90735e-07
      vertex -26.95 3.33266 23.635
      vertex -26.95 3.65078 23.7383
    endloop
  endfacet
  facet normal -1 0 0
    outer loop
      vertex -26.95 9.9 1.90735e-07
      vertex -26.95 3 23.6
      vertex -26.95 3.33266 23.635
    endloop
  endfacet
  facet normal -1 0 0
    outer loop
      vertex -26.95 9.9 1.90735e-07
      vertex -26.95 -3 23.6
      vertex -26.95 3 23.6
    endloop
  endfacet
  facet normal -1 0 0
    outer loop
      vertex -26.95 -9.9 1.90735e-07
      vertex -26.95 -3 23.6
      vertex -26.95 9.9 1.90735e-07
    endloop
  endfacet
  facet normal -1 -0 0
    outer loop
      vertex -26.95 -3 23.6
      vertex -26.95 -9.9 1.90735e-07
      vertex -26.95 -3.33266 23.635
    endloop
  endfacet
  facet normal -1 -0 0
    outer loop
      vertex -26.95 -3.33266 23.635
      vertex -26.95 -9.9 1.90735e-07
      vertex -26.95 -3.65078 23.7383
    endloop
  endfacet
  facet normal -1 -0 0
    outer loop
      vertex -26.95 -3.65078 23.7383
      vertex -26.95 -9.9 1.90735e-07
      vertex -26.95 -3.94046 23.9056
    endloop
  endfacet
  facet normal -1 -0 0
    outer loop
      vertex -26.95 -3.94046 23.9056
      vertex -26.95 -9.9 1.90735e-07
      vertex -26.95 -4.18903 24.1294
    endloop
  endfacet
  facet normal -1 0 0
    outer loop
      vertex -26.95 -4.52169 24.7056
      vertex -26.95 -9.9 30.2
      vertex -26.95 -4.59123 25.0328
    endloop
  endfacet
  facet normal -1 0 0
    outer loop
      vertex -26.95 -4.38564 24.4
      vertex -26.95 -9.9 30.2
      vertex -26.95 -4.52169 24.7056
    endloop
  endfacet
  facet normal -1 0 0
    outer loop
      vertex -26.95 -9.9 30.2
      vertex -26.95 -4.38564 24.4
      vertex -26.95 -9.9 1.90735e-07
    endloop
  endfacet
  facet normal -1 -0 0
    outer loop
      vertex -26.95 -4.18903 24.1294
      vertex -26.95 -9.9 1.90735e-07
      vertex -26.95 -4.38564 24.4
    endloop
  endfacet
  facet normal -1 0 0
    outer loop
      vertex -26.95 4.59123 25.3672
      vertex -26.95 9.9 30.2
      vertex -26.95 4.59123 25.0328
    endloop
  endfacet
  facet normal -1 0 0
    outer loop
      vertex -26.95 4.52169 25.6944
      vertex -26.95 9.9 30.2
      vertex -26.95 4.59123 25.3672
    endloop
  endfacet
  facet normal -1 0 0
    outer loop
      vertex -26.95 4.38564 26
      vertex -26.95 9.9 30.2
      vertex -26.95 4.52169 25.6944
    endloop
  endfacet
  facet normal -1 0 0
    outer loop
      vertex -26.95 4.18903 26.2706
      vertex -26.95 9.9 30.2
      vertex -26.95 4.38564 26
    endloop
  endfacet
  facet normal -1 0 0
    outer loop
      vertex -26.95 3.94046 26.4944
      vertex -26.95 9.9 30.2
      vertex -26.95 4.18903 26.2706
    endloop
  endfacet
  facet normal -1 0 0
    outer loop
      vertex -26.95 3.65078 26.6617
      vertex -26.95 9.9 30.2
      vertex -26.95 3.94046 26.4944
    endloop
  endfacet
  facet normal -1 0 0
    outer loop
      vertex -26.95 0.809016 28.9878
      vertex -26.95 3.65078 26.6617
      vertex -26.95 3.33266 26.765
    endloop
  endfacet
  facet normal -1 0 0
    outer loop
      vertex -26.95 0.951056 28.709
      vertex -26.95 3.33266 26.765
      vertex -26.95 3 26.8
    endloop
  endfacet
  facet normal -1 0 0
    outer loop
      vertex -26.95 0.951056 28.709
      vertex -26.95 3 26.8
      vertex -26.95 1 28.4
    endloop
  endfacet
  facet normal -1 0 0
    outer loop
      vertex -26.95 3.33266 26.765
      vertex -26.95 0.951056 28.709
      vertex -26.95 0.809016 28.9878
    endloop
  endfacet
  facet normal -1 0 0
    outer loop
      vertex -26.95 3.65078 26.6617
      vertex -26.95 0.809016 28.9878
      vertex -26.95 9.9 30.2
    endloop
  endfacet
  facet normal -1 0 0
    outer loop
      vertex -26.95 0.587785 29.209
      vertex -26.95 9.9 30.2
      vertex -26.95 0.809016 28.9878
    endloop
  endfacet
  facet normal -1 0 0
    outer loop
      vertex -26.95 0.309016 29.3511
      vertex -26.95 9.9 30.2
      vertex -26.95 0.587785 29.209
    endloop
  endfacet
  facet normal -1 0 0
    outer loop
      vertex -26.95 0 29.4
      vertex -26.95 9.9 30.2
      vertex -26.95 0.309016 29.3511
    endloop
  endfacet
  facet normal -1 0 0
    outer loop
      vertex -26.95 -3 26.8
      vertex -26.95 -0.951056 28.709
      vertex -26.95 -1 28.4
    endloop
  endfacet
  facet normal -1 0 0
    outer loop
      vertex -26.95 -3.33266 26.765
      vertex -26.95 -0.951056 28.709
      vertex -26.95 -3 26.8
    endloop
  endfacet
  facet normal -1 -0 0
    outer loop
      vertex -26.95 -0.951056 28.709
      vertex -26.95 -3.33266 26.765
      vertex -26.95 -0.809016 28.9878
    endloop
  endfacet
  facet normal -1 0 0
    outer loop
      vertex -26.95 -3.65078 26.6617
      vertex -26.95 -0.809016 28.9878
      vertex -26.95 -3.33266 26.765
    endloop
  endfacet
  facet normal -1 0 0
    outer loop
      vertex -26.95 -9.9 30.2
      vertex -26.95 -0.809016 28.9878
      vertex -26.95 -3.65078 26.6617
    endloop
  endfacet
  facet normal -1 0 0
    outer loop
      vertex -26.95 -9.9 30.2
      vertex -26.95 -3.65078 26.6617
      vertex -26.95 -3.94046 26.4944
    endloop
  endfacet
  facet normal -1 0 0
    outer loop
      vertex -26.95 0 29.4
      vertex -26.95 -9.9 30.2
      vertex -26.95 9.9 30.2
    endloop
  endfacet
  facet normal -1 0 0
    outer loop
      vertex -26.95 -0.309016 29.3511
      vertex -26.95 -9.9 30.2
      vertex -26.95 0 29.4
    endloop
  endfacet
  facet normal -1 0 0
    outer loop
      vertex -26.95 -0.587785 29.209
      vertex -26.95 -9.9 30.2
      vertex -26.95 -0.309016 29.3511
    endloop
  endfacet
  facet normal -1 0 0
    outer loop
      vertex -26.95 -0.809016 28.9878
      vertex -26.95 -9.9 30.2
      vertex -26.95 -0.587785 29.209
    endloop
  endfacet
  facet normal -1 0 0
    outer loop
      vertex -26.95 -4.18903 26.2706
      vertex -26.95 -9.9 30.2
      vertex -26.95 -3.94046 26.4944
    endloop
  endfacet
  facet normal -1 0 0
    outer loop
      vertex -26.95 -4.38564 26
      vertex -26.95 -9.9 30.2
      vertex -26.95 -4.18903 26.2706
    endloop
  endfacet
  facet normal -1 0 0
    outer loop
      vertex -26.95 -4.52169 25.6944
      vertex -26.95 -9.9 30.2
      vertex -26.95 -4.38564 26
    endloop
  endfacet
  facet normal -1 0 0
    outer loop
      vertex -26.95 -4.59123 25.3672
      vertex -26.95 -9.9 30.2
      vertex -26.95 -4.52169 25.6944
    endloop
  endfacet
  facet normal -1 0 0
    outer loop
      vertex -26.95 -4.59123 25.0328
      vertex -26.95 -9.9 30.2
      vertex -26.95 -4.59123 25.3672
    endloop
  endfacet
  facet normal -0.743202 -0.669067 0
    outer loop
      vertex -26.3544 -11.2377 1.90735e-07
      vertex -26.6062 -10.958 30.2
      vertex -26.6062 -10.958 1.90735e-07
    endloop
  endfacet
  facet normal -0.743202 -0.669067 0
    outer loop
      vertex -26.6062 -10.958 30.2
      vertex -26.3544 -11.2377 1.90735e-07
      vertex -26.3544 -11.2377 30.2
    endloop
  endfacet
  facet normal 0 1 -0
    outer loop
      vertex 25.3382 11.6901 1.90735e-07
      vertex -25.3382 11.6901 30.2
      vertex 25.3382 11.6901 30.2
    endloop
  endfacet
  facet normal 0 1 0
    outer loop
      vertex -25.3382 11.6901 30.2
      vertex 25.3382 11.6901 1.90735e-07
      vertex -25.3382 11.6901 1.90735e-07
    endloop
  endfacet
  facet normal 1 -0 0
    outer loop
      vertex 26.95 5.74127 8.07082
      vertex 26.95 9.9 1.90735e-07
      vertex 26.95 9.9 30.2
    endloop
  endfacet
  facet normal 1 0 0
    outer loop
      vertex 26.95 9.9 1.90735e-07
      vertex 26.95 5.77874 7.92486
      vertex 26.95 5.79763 7.77535
    endloop
  endfacet
  facet normal 1 0 0
    outer loop
      vertex 26.95 9.9 1.90735e-07
      vertex 26.95 5.74127 8.07082
      vertex 26.95 5.77874 7.92486
    endloop
  endfacet
  facet normal 1 0 0
    outer loop
      vertex 26.95 9.9 30.2
      vertex 26.95 5.68579 8.21093
      vertex 26.95 5.74127 8.07082
    endloop
  endfacet
  facet normal 1 0 0
    outer loop
      vertex 26.95 9.9 30.2
      vertex 26.95 5.61319 8.34299
      vertex 26.95 5.68579 8.21093
    endloop
  endfacet
  facet normal 1 0 0
    outer loop
      vertex 26.95 9.9 30.2
      vertex 26.95 5.52462 8.46491
      vertex 26.95 5.61319 8.34299
    endloop
  endfacet
  facet normal 1 0 0
    outer loop
      vertex 26.95 9.9 30.2
      vertex 26.95 5.42146 8.57476
      vertex 26.95 5.52462 8.46491
    endloop
  endfacet
  facet normal 1 0 0
    outer loop
      vertex 26.95 9.9 30.2
      vertex 26.95 5.30534 8.67082
      vertex 26.95 5.42146 8.57476
    endloop
  endfacet
  facet normal 1 0 0
    outer loop
      vertex 26.95 9.9 30.2
      vertex 26.95 5.1781 8.75157
      vertex 26.95 5.30534 8.67082
    endloop
  endfacet
  facet normal 1 0 0
    outer loop
      vertex 26.95 9.9 30.2
      vertex 26.95 5.04175 8.81573
      vertex 26.95 5.1781 8.75157
    endloop
  endfacet
  facet normal 1 0 0
    outer loop
      vertex 26.95 9.9 30.2
      vertex 26.95 4.89843 8.8623
      vertex 26.95 5.04175 8.81573
    endloop
  endfacet
  facet normal 1 -0 0
    outer loop
      vertex 26.95 0.587785 27.591
      vertex 26.95 4.89843 8.8623
      vertex 26.95 9.9 30.2
    endloop
  endfacet
  facet normal 1 0 0
    outer loop
      vertex 26.95 4.89843 8.8623
      vertex 26.95 0.587785 27.591
      vertex 26.95 4.7504 8.89054
    endloop
  endfacet
  facet normal 1 0 0
    outer loop
      vertex 26.95 4.7504 8.89054
      vertex 26.95 0.587785 27.591
      vertex 26.95 4.6 8.9
    endloop
  endfacet
  facet normal 1 -0 0
    outer loop
      vertex 26.95 0.309016 27.4489
      vertex 26.95 4.6 8.9
      vertex 26.95 0.587785 27.591
    endloop
  endfacet
  facet normal 1 0 0
    outer loop
      vertex 26.95 4.6 8.9
      vertex 26.95 0.309016 27.4489
      vertex 26.95 4.4496 8.89054
    endloop
  endfacet
  facet normal 1 0 0
    outer loop
      vertex 26.95 4.4496 8.89054
      vertex 26.95 0.309016 27.4489
      vertex 26.95 4.30157 8.8623
    endloop
  endfacet
  facet normal 1 0 0
    outer loop
      vertex 26.95 0.298428 8.8623
      vertex 26.95 4.30157 8.8623
      vertex 26.95 0.309016 27.4489
    endloop
  endfacet
  facet normal 1 0 0
    outer loop
      vertex 26.95 4.30157 8.8623
      vertex 26.95 0.298428 8.8623
      vertex 26.95 4.15825 8.81573
    endloop
  endfacet
  facet normal 1 0 -0
    outer loop
      vertex 26.95 0.441749 8.81573
      vertex 26.95 4.15825 8.81573
      vertex 26.95 0.298428 8.8623
    endloop
  endfacet
  facet normal 1 0 0
    outer loop
      vertex 26.95 4.15825 8.81573
      vertex 26.95 0.441749 8.81573
      vertex 26.95 4.0219 8.75157
    endloop
  endfacet
  facet normal 1 0 -0
    outer loop
      vertex 26.95 0.578104 8.75157
      vertex 26.95 4.0219 8.75157
      vertex 26.95 0.441749 8.81573
    endloop
  endfacet
  facet normal 1 0 0
    outer loop
      vertex 26.95 4.0219 8.75157
      vertex 26.95 0.578104 8.75157
      vertex 26.95 3.89466 8.67082
    endloop
  endfacet
  facet normal 1 0 0
    outer loop
      vertex 26.95 3.40237 7.77535
      vertex 26.95 1.19763 7.77535
      vertex 26.95 3.40237 7.62465
    endloop
  endfacet
  facet normal 1 0 0
    outer loop
      vertex 26.95 3.42126 7.92486
      vertex 26.95 1.19763 7.77535
      vertex 26.95 3.40237 7.77535
    endloop
  endfacet
  facet normal 1 0 0
    outer loop
      vertex 26.95 1.17874 7.92486
      vertex 26.95 3.42126 7.92486
      vertex 26.95 3.45873 8.07082
    endloop
  endfacet
  facet normal 1 0 0
    outer loop
      vertex 26.95 3.89466 8.67082
      vertex 26.95 0.705342 8.67082
      vertex 26.95 3.77854 8.57476
    endloop
  endfacet
  facet normal 1 0 0
    outer loop
      vertex 26.95 3.42126 7.92486
      vertex 26.95 1.17874 7.92486
      vertex 26.95 1.19763 7.77535
    endloop
  endfacet
  facet normal 1 0 0
    outer loop
      vertex 26.95 3.45873 8.07082
      vertex 26.95 1.14127 8.07082
      vertex 26.95 1.17874 7.92486
    endloop
  endfacet
  facet normal 1 0 0
    outer loop
      vertex 26.95 3.45873 8.07082
      vertex 26.95 1.08579 8.21093
      vertex 26.95 1.14127 8.07082
    endloop
  endfacet
  facet normal 1 0 0
    outer loop
      vertex 26.95 3.51421 8.21093
      vertex 26.95 1.08579 8.21093
      vertex 26.95 3.45873 8.07082
    endloop
  endfacet
  facet normal 1 0 0
    outer loop
      vertex 26.95 0.951056 28.091
      vertex 26.95 9.9 30.2
      vertex 26.95 1 28.4
    endloop
  endfacet
  facet normal 1 0 0
    outer loop
      vertex 26.95 9.9 30.2
      vertex 26.95 0.951056 28.709
      vertex 26.95 1 28.4
    endloop
  endfacet
  facet normal 1 0 0
    outer loop
      vertex 26.95 9.9 30.2
      vertex 26.95 0.809016 28.9878
      vertex 26.95 0.951056 28.709
    endloop
  endfacet
  facet normal 1 0 0
    outer loop
      vertex 26.95 9.9 30.2
      vertex 26.95 0.587785 29.209
      vertex 26.95 0.809016 28.9878
    endloop
  endfacet
  facet normal 1 0 0
    outer loop
      vertex 26.95 9.9 30.2
      vertex 26.95 0.309016 29.3511
      vertex 26.95 0.587785 29.209
    endloop
  endfacet
  facet normal 1 0 0
    outer loop
      vertex 26.95 9.9 30.2
      vertex 26.95 0 29.4
      vertex 26.95 0.309016 29.3511
    endloop
  endfacet
  facet normal 1 0 0
    outer loop
      vertex 26.95 -0.809016 27.8122
      vertex 26.95 -1.08579 8.21093
      vertex 26.95 -1.01319 8.34299
    endloop
  endfacet
  facet normal 1 0 0
    outer loop
      vertex 26.95 -0.951056 28.091
      vertex 26.95 -4.15825 8.81573
      vertex 26.95 -1.08579 8.21093
    endloop
  endfacet
  facet normal 1 -0 -0
    outer loop
      vertex 26.95 -4.0219 8.75157
      vertex 26.95 -1.08579 8.21093
      vertex 26.95 -4.15825 8.81573
    endloop
  endfacet
  facet normal 1 -0 -0
    outer loop
      vertex 26.95 -3.77854 8.57476
      vertex 26.95 -1.08579 8.21093
      vertex 26.95 -3.89466 8.67082
    endloop
  endfacet
  facet normal 1 0 0
    outer loop
      vertex 26.95 -1.19763 7.77535
      vertex 26.95 -3.40237 7.77535
      vertex 26.95 -1.19763 7.62465
    endloop
  endfacet
  facet normal 1 -0 -0
    outer loop
      vertex 26.95 -3.67538 8.46491
      vertex 26.95 -1.08579 8.21093
      vertex 26.95 -3.77854 8.57476
    endloop
  endfacet
  facet normal 1 0 0
    outer loop
      vertex 26.95 -1.19763 7.77535
      vertex 26.95 -3.42126 7.92486
      vertex 26.95 -3.40237 7.77535
    endloop
  endfacet
  facet normal 1 0 0
    outer loop
      vertex 26.95 -1.17874 7.92486
      vertex 26.95 -3.42126 7.92486
      vertex 26.95 -1.19763 7.77535
    endloop
  endfacet
  facet normal 1 0 -0
    outer loop
      vertex 26.95 -3.42126 7.92486
      vertex 26.95 -1.17874 7.92486
      vertex 26.95 -3.45873 8.07082
    endloop
  endfacet
  facet normal 1 0 0
    outer loop
      vertex 26.95 -1.14127 8.07082
      vertex 26.95 -3.45873 8.07082
      vertex 26.95 -1.17874 7.92486
    endloop
  endfacet
  facet normal 1 0 -0
    outer loop
      vertex 26.95 -3.45873 8.07082
      vertex 26.95 -1.14127 8.07082
      vertex 26.95 -3.51421 8.21093
    endloop
  endfacet
  facet normal 1 0 0
    outer loop
      vertex 26.95 -1.08579 8.21093
      vertex 26.95 -3.51421 8.21093
      vertex 26.95 -1.14127 8.07082
    endloop
  endfacet
  facet normal 1 0 -0
    outer loop
      vertex 26.95 -3.51421 8.21093
      vertex 26.95 -1.08579 8.21093
      vertex 26.95 -3.58681 8.34299
    endloop
  endfacet
  facet normal 1 -0 -0
    outer loop
      vertex 26.95 -3.58681 8.34299
      vertex 26.95 -1.08579 8.21093
      vertex 26.95 -3.67538 8.46491
    endloop
  endfacet
  facet normal 1 -0 -0
    outer loop
      vertex 26.95 -3.89466 8.67082
      vertex 26.95 -1.08579 8.21093
      vertex 26.95 -4.0219 8.75157
    endloop
  endfacet
  facet normal 1 0 0
    outer loop
      vertex 26.95 -9.9 30.2
      vertex 26.95 -1 28.4
      vertex 26.95 -0.951056 28.709
    endloop
  endfacet
  facet normal 1 0 0
    outer loop
      vertex 26.95 -0.951056 28.091
      vertex 26.95 -4.30157 8.8623
      vertex 26.95 -4.15825 8.81573
    endloop
  endfacet
  facet normal 1 0 0
    outer loop
      vertex 26.95 -0.951056 28.091
      vertex 26.95 -4.4496 8.89054
      vertex 26.95 -4.30157 8.8623
    endloop
  endfacet
  facet normal 1 0 0
    outer loop
      vertex 26.95 -0.951056 28.091
      vertex 26.95 -4.6 8.9
      vertex 26.95 -4.4496 8.89054
    endloop
  endfacet
  facet normal 1 0 0
    outer loop
      vertex 26.95 -0.951056 28.091
      vertex 26.95 -4.7504 8.89054
      vertex 26.95 -4.6 8.9
    endloop
  endfacet
  facet normal 1 0 0
    outer loop
      vertex 26.95 -0.951056 28.091
      vertex 26.95 -4.89843 8.8623
      vertex 26.95 -4.7504 8.89054
    endloop
  endfacet
  facet normal 1 0 0
    outer loop
      vertex 26.95 -0.951056 28.091
      vertex 26.95 -9.9 30.2
      vertex 26.95 -4.89843 8.8623
    endloop
  endfacet
  facet normal 1 0 0
    outer loop
      vertex 26.95 -4.89843 8.8623
      vertex 26.95 -9.9 30.2
      vertex 26.95 -5.04175 8.81573
    endloop
  endfacet
  facet normal 1 0 0
    outer loop
      vertex 26.95 -5.04175 8.81573
      vertex 26.95 -9.9 30.2
      vertex 26.95 -5.1781 8.75157
    endloop
  endfacet
  facet normal 1 0 0
    outer loop
      vertex 26.95 -5.1781 8.75157
      vertex 26.95 -9.9 30.2
      vertex 26.95 -5.30534 8.67082
    endloop
  endfacet
  facet normal 1 0 0
    outer loop
      vertex 26.95 -5.30534 8.67082
      vertex 26.95 -9.9 30.2
      vertex 26.95 -5.42146 8.57476
    endloop
  endfacet
  facet normal 1 0 0
    outer loop
      vertex 26.95 -5.42146 8.57476
      vertex 26.95 -9.9 30.2
      vertex 26.95 -5.52462 8.46491
    endloop
  endfacet
  facet normal 1 0 0
    outer loop
      vertex 26.95 -5.52462 8.46491
      vertex 26.95 -9.9 30.2
      vertex 26.95 -5.61319 8.34299
    endloop
  endfacet
  facet normal 1 0 0
    outer loop
      vertex 26.95 -5.61319 8.34299
      vertex 26.95 -9.9 30.2
      vertex 26.95 -5.68579 8.21093
    endloop
  endfacet
  facet normal 1 0 0
    outer loop
      vertex 26.95 -5.68579 8.21093
      vertex 26.95 -9.9 30.2
      vertex 26.95 -5.74127 8.07082
    endloop
  endfacet
  facet normal 1 0 0
    outer loop
      vertex 26.95 -5.77874 7.92486
      vertex 26.95 -9.9 1.90735e-07
      vertex 26.95 -5.79763 7.77535
    endloop
  endfacet
  facet normal 1 0 0
    outer loop
      vertex 26.95 -5.74127 8.07082
      vertex 26.95 -9.9 1.90735e-07
      vertex 26.95 -5.77874 7.92486
    endloop
  endfacet
  facet normal 1 0 0
    outer loop
      vertex 26.95 -9.9 1.90735e-07
      vertex 26.95 -5.74127 8.07082
      vertex 26.95 -9.9 30.2
    endloop
  endfacet
  facet normal 1 0 0
    outer loop
      vertex 26.95 -0.809016 28.9878
      vertex 26.95 -9.9 30.2
      vertex 26.95 -0.951056 28.709
    endloop
  endfacet
  facet normal 1 0 0
    outer loop
      vertex 26.95 -0.587785 29.209
      vertex 26.95 -9.9 30.2
      vertex 26.95 -0.809016 28.9878
    endloop
  endfacet
  facet normal 1 0 0
    outer loop
      vertex 26.95 -0.309016 29.3511
      vertex 26.95 -9.9 30.2
      vertex 26.95 -0.587785 29.209
    endloop
  endfacet
  facet normal 1 0 0
    outer loop
      vertex 26.95 0 29.4
      vertex 26.95 -9.9 30.2
      vertex 26.95 -0.309016 29.3511
    endloop
  endfacet
  facet normal 1 -0 0
    outer loop
      vertex 26.95 -9.9 30.2
      vertex 26.95 0 29.4
      vertex 26.95 9.9 30.2
    endloop
  endfacet
  facet normal 1 -0 0
    outer loop
      vertex 26.95 5.79763 7.62465
      vertex 26.95 9.9 1.90735e-07
      vertex 26.95 5.79763 7.77535
    endloop
  endfacet
  facet normal 1 -0 0
    outer loop
      vertex 26.95 5.77874 7.47514
      vertex 26.95 9.9 1.90735e-07
      vertex 26.95 5.79763 7.62465
    endloop
  endfacet
  facet normal 1 -0 0
    outer loop
      vertex 26.95 5.74127 7.32918
      vertex 26.95 9.9 1.90735e-07
      vertex 26.95 5.77874 7.47514
    endloop
  endfacet
  facet normal 1 -0 0
    outer loop
      vertex 26.95 5.68579 7.18906
      vertex 26.95 9.9 1.90735e-07
      vertex 26.95 5.74127 7.32918
    endloop
  endfacet
  facet normal 1 -0 0
    outer loop
      vertex 26.95 5.61319 7.05701
      vertex 26.95 9.9 1.90735e-07
      vertex 26.95 5.68579 7.18906
    endloop
  endfacet
  facet normal 1 -0 0
    outer loop
      vertex 26.95 5.52462 6.93509
      vertex 26.95 9.9 1.90735e-07
      vertex 26.95 5.61319 7.05701
    endloop
  endfacet
  facet normal 1 -0 0
    outer loop
      vertex 26.95 5.42146 6.82524
      vertex 26.95 9.9 1.90735e-07
      vertex 26.95 5.52462 6.93509
    endloop
  endfacet
  facet normal 1 -0 0
    outer loop
      vertex 26.95 5.30534 6.72918
      vertex 26.95 9.9 1.90735e-07
      vertex 26.95 5.42146 6.82524
    endloop
  endfacet
  facet normal 1 -0 0
    outer loop
      vertex 26.95 5.1781 6.64843
      vertex 26.95 9.9 1.90735e-07
      vertex 26.95 5.30534 6.72918
    endloop
  endfacet
  facet normal 1 -0 0
    outer loop
      vertex 26.95 5.04175 6.58427
      vertex 26.95 9.9 1.90735e-07
      vertex 26.95 5.1781 6.64843
    endloop
  endfacet
  facet normal 1 -0 0
    outer loop
      vertex 26.95 4.89843 6.5377
      vertex 26.95 9.9 1.90735e-07
      vertex 26.95 5.04175 6.58427
    endloop
  endfacet
  facet normal 1 -0 0
    outer loop
      vertex 26.95 4.7504 6.50946
      vertex 26.95 9.9 1.90735e-07
      vertex 26.95 4.89843 6.5377
    endloop
  endfacet
  facet normal 1 -0 0
    outer loop
      vertex 26.95 4.6 6.5
      vertex 26.95 9.9 1.90735e-07
      vertex 26.95 4.7504 6.50946
    endloop
  endfacet
  facet normal 1 0 0
    outer loop
      vertex 26.95 4.4496 6.50946
      vertex 26.95 9.9 1.90735e-07
      vertex 26.95 4.6 6.5
    endloop
  endfacet
  facet normal 1 0 0
    outer loop
      vertex 26.95 4.30157 6.5377
      vertex 26.95 9.9 1.90735e-07
      vertex 26.95 4.4496 6.50946
    endloop
  endfacet
  facet normal 1 0 0
    outer loop
      vertex 26.95 0.298428 6.5377
      vertex 26.95 4.30157 6.5377
      vertex 26.95 4.15825 6.58427
    endloop
  endfacet
  facet normal 1 0 0
    outer loop
      vertex 26.95 0.441749 6.58427
      vertex 26.95 4.15825 6.58427
      vertex 26.95 4.0219 6.64843
    endloop
  endfacet
  facet normal 1 0 0
    outer loop
      vertex 26.95 0.578104 6.64843
      vertex 26.95 4.0219 6.64843
      vertex 26.95 3.89466 6.72918
    endloop
  endfacet
  facet normal 1 0 0
    outer loop
      vertex 26.95 0.705342 6.72918
      vertex 26.95 3.89466 6.72918
      vertex 26.95 3.77854 6.82524
    endloop
  endfacet
  facet normal 1 0 0
    outer loop
      vertex 26.95 0.821456 6.82524
      vertex 26.95 3.77854 6.82524
      vertex 26.95 3.67538 6.93509
    endloop
  endfacet
  facet normal 1 0 0
    outer loop
      vertex 26.95 1.19763 7.62465
      vertex 26.95 3.40237 7.62465
      vertex 26.95 1.19763 7.77535
    endloop
  endfacet
  facet normal 1 0 0
    outer loop
      vertex 26.95 3.40237 7.62465
      vertex 26.95 1.19763 7.62465
      vertex 26.95 3.42126 7.47514
    endloop
  endfacet
  facet normal 1 0 0
    outer loop
      vertex 26.95 1.17874 7.47514
      vertex 26.95 3.42126 7.47514
      vertex 26.95 1.19763 7.62465
    endloop
  endfacet
  facet normal 1 0 0
    outer loop
      vertex 26.95 3.42126 7.47514
      vertex 26.95 1.17874 7.47514
      vertex 26.95 3.45873 7.32918
    endloop
  endfacet
  facet normal 1 0 0
    outer loop
      vertex 26.95 1.14127 7.32918
      vertex 26.95 3.45873 7.32918
      vertex 26.95 1.17874 7.47514
    endloop
  endfacet
  facet normal 1 0 0
    outer loop
      vertex 26.95 3.45873 7.32918
      vertex 26.95 1.14127 7.32918
      vertex 26.95 3.51421 7.18906
    endloop
  endfacet
  facet normal 1 0 0
    outer loop
      vertex 26.95 1.08579 7.18906
      vertex 26.95 3.51421 7.18906
      vertex 26.95 1.14127 7.32918
    endloop
  endfacet
  facet normal 1 0 0
    outer loop
      vertex 26.95 3.51421 7.18906
      vertex 26.95 1.08579 7.18906
      vertex 26.95 3.58681 7.05701
    endloop
  endfacet
  facet normal 1 0 0
    outer loop
      vertex 26.95 1.01319 7.05701
      vertex 26.95 3.58681 7.05701
      vertex 26.95 1.08579 7.18906
    endloop
  endfacet
  facet normal 1 0 0
    outer loop
      vertex 26.95 3.58681 7.05701
      vertex 26.95 1.01319 7.05701
      vertex 26.95 3.67538 6.93509
    endloop
  endfacet
  facet normal 1 0 0
    outer loop
      vertex 26.95 0.924616 6.93509
      vertex 26.95 3.67538 6.93509
      vertex 26.95 1.01319 7.05701
    endloop
  endfacet
  facet normal 1 0 0
    outer loop
      vertex 26.95 0.821456 6.82524
      vertex 26.95 3.67538 6.93509
      vertex 26.95 0.924616 6.93509
    endloop
  endfacet
  facet normal 1 0 0
    outer loop
      vertex 26.95 3.77854 6.82524
      vertex 26.95 0.821456 6.82524
      vertex 26.95 0.705342 6.72918
    endloop
  endfacet
  facet normal 1 0 0
    outer loop
      vertex 26.95 3.89466 6.72918
      vertex 26.95 0.705342 6.72918
      vertex 26.95 0.578104 6.64843
    endloop
  endfacet
  facet normal 1 0 0
    outer loop
      vertex 26.95 4.0219 6.64843
      vertex 26.95 0.578104 6.64843
      vertex 26.95 0.441749 6.58427
    endloop
  endfacet
  facet normal 1 0 0
    outer loop
      vertex 26.95 4.15825 6.58427
      vertex 26.95 0.441749 6.58427
      vertex 26.95 0.298428 6.5377
    endloop
  endfacet
  facet normal 1 0 0
    outer loop
      vertex 26.95 4.30157 6.5377
      vertex 26.95 0.298428 6.5377
      vertex 26.95 9.9 1.90735e-07
    endloop
  endfacet
  facet normal 1 -0 0
    outer loop
      vertex 26.95 0.150399 6.50946
      vertex 26.95 9.9 1.90735e-07
      vertex 26.95 0.298428 6.5377
    endloop
  endfacet
  facet normal 1 -0 0
    outer loop
      vertex 26.95 0 6.5
      vertex 26.95 9.9 1.90735e-07
      vertex 26.95 0.150399 6.50946
    endloop
  endfacet
  facet normal 1 0 0
    outer loop
      vertex 26.95 -9.9 1.90735e-07
      vertex 26.95 0 6.5
      vertex 26.95 -0.150399 6.50946
    endloop
  endfacet
  facet normal 1 0 0
    outer loop
      vertex 26.95 -9.9 1.90735e-07
      vertex 26.95 -0.150399 6.50946
      vertex 26.95 -0.298428 6.5377
    endloop
  endfacet
  facet normal 1 0 0
    outer loop
      vertex 26.95 -4.30157 6.5377
      vertex 26.95 -0.298428 6.5377
      vertex 26.95 -0.441749 6.58427
    endloop
  endfacet
  facet normal 1 0 0
    outer loop
      vertex 26.95 -4.15825 6.58427
      vertex 26.95 -0.441749 6.58427
      vertex 26.95 -0.578104 6.64843
    endloop
  endfacet
  facet normal 1 0 0
    outer loop
      vertex 26.95 -3.40237 7.62465
      vertex 26.95 -1.19763 7.62465
      vertex 26.95 -3.40237 7.77535
    endloop
  endfacet
  facet normal 1 0 0
    outer loop
      vertex 26.95 -1.19763 7.62465
      vertex 26.95 -3.40237 7.62465
      vertex 26.95 -1.17874 7.47514
    endloop
  endfacet
  facet normal 1 0 0
    outer loop
      vertex 26.95 -3.42126 7.47514
      vertex 26.95 -1.17874 7.47514
      vertex 26.95 -3.40237 7.62465
    endloop
  endfacet
  facet normal 1 0 0
    outer loop
      vertex 26.95 -1.17874 7.47514
      vertex 26.95 -3.42126 7.47514
      vertex 26.95 -1.14127 7.32918
    endloop
  endfacet
  facet normal 1 0 0
    outer loop
      vertex 26.95 -3.45873 7.32918
      vertex 26.95 -1.14127 7.32918
      vertex 26.95 -3.42126 7.47514
    endloop
  endfacet
  facet normal 1 0 0
    outer loop
      vertex 26.95 -1.14127 7.32918
      vertex 26.95 -3.45873 7.32918
      vertex 26.95 -1.08579 7.18906
    endloop
  endfacet
  facet normal 1 0 0
    outer loop
      vertex 26.95 -3.51421 7.18906
      vertex 26.95 -1.08579 7.18906
      vertex 26.95 -3.45873 7.32918
    endloop
  endfacet
  facet normal 1 0 0
    outer loop
      vertex 26.95 -1.08579 7.18906
      vertex 26.95 -3.51421 7.18906
      vertex 26.95 -1.01319 7.05701
    endloop
  endfacet
  facet normal 1 0 0
    outer loop
      vertex 26.95 -3.58681 7.05701
      vertex 26.95 -1.01319 7.05701
      vertex 26.95 -3.51421 7.18906
    endloop
  endfacet
  facet normal 1 0 0
    outer loop
      vertex 26.95 -1.01319 7.05701
      vertex 26.95 -3.58681 7.05701
      vertex 26.95 -0.924616 6.93509
    endloop
  endfacet
  facet normal 1 0 0
    outer loop
      vertex 26.95 -3.67538 6.93509
      vertex 26.95 -0.924616 6.93509
      vertex 26.95 -3.58681 7.05701
    endloop
  endfacet
  facet normal 1 0 0
    outer loop
      vertex 26.95 -0.924616 6.93509
      vertex 26.95 -3.67538 6.93509
      vertex 26.95 -0.821456 6.82524
    endloop
  endfacet
  facet normal 1 0 0
    outer loop
      vertex 26.95 -3.77854 6.82524
      vertex 26.95 -0.821456 6.82524
      vertex 26.95 -3.67538 6.93509
    endloop
  endfacet
  facet normal 1 0 0
    outer loop
      vertex 26.95 -0.821456 6.82524
      vertex 26.95 -3.77854 6.82524
      vertex 26.95 -0.705342 6.72918
    endloop
  endfacet
  facet normal 1 0 0
    outer loop
      vertex 26.95 -3.89466 6.72918
      vertex 26.95 -0.705342 6.72918
      vertex 26.95 -3.77854 6.82524
    endloop
  endfacet
  facet normal 1 0 0
    outer loop
      vertex 26.95 -0.705342 6.72918
      vertex 26.95 -3.89466 6.72918
      vertex 26.95 -0.578104 6.64843
    endloop
  endfacet
  facet normal 1 0 0
    outer loop
      vertex 26.95 -4.0219 6.64843
      vertex 26.95 -0.578104 6.64843
      vertex 26.95 -3.89466 6.72918
    endloop
  endfacet
  facet normal 1 0 0
    outer loop
      vertex 26.95 -4.15825 6.58427
      vertex 26.95 -0.578104 6.64843
      vertex 26.95 -4.0219 6.64843
    endloop
  endfacet
  facet normal 1 0 0
    outer loop
      vertex 26.95 -0.441749 6.58427
      vertex 26.95 -4.15825 6.58427
      vertex 26.95 -4.30157 6.5377
    endloop
  endfacet
  facet normal 1 0 0
    outer loop
      vertex 26.95 -0.298428 6.5377
      vertex 26.95 -4.30157 6.5377
      vertex 26.95 -9.9 1.90735e-07
    endloop
  endfacet
  facet normal 1 0 0
    outer loop
      vertex 26.95 -9.9 1.90735e-07
      vertex 26.95 -4.30157 6.5377
      vertex 26.95 -4.4496 6.50946
    endloop
  endfacet
  facet normal 1 0 0
    outer loop
      vertex 26.95 -9.9 1.90735e-07
      vertex 26.95 -4.4496 6.50946
      vertex 26.95 -4.6 6.5
    endloop
  endfacet
  facet normal 1 0 0
    outer loop
      vertex 26.95 -9.9 1.90735e-07
      vertex 26.95 -4.6 6.5
      vertex 26.95 -4.7504 6.50946
    endloop
  endfacet
  facet normal 1 0 0
    outer loop
      vertex 26.95 -9.9 1.90735e-07
      vertex 26.95 -4.7504 6.50946
      vertex 26.95 -4.89843 6.5377
    endloop
  endfacet
  facet normal 1 0 0
    outer loop
      vertex 26.95 -9.9 1.90735e-07
      vertex 26.95 -4.89843 6.5377
      vertex 26.95 -5.04175 6.58427
    endloop
  endfacet
  facet normal 1 0 0
    outer loop
      vertex 26.95 -5.79763 7.77535
      vertex 26.95 -9.9 1.90735e-07
      vertex 26.95 -5.79763 7.62465
    endloop
  endfacet
  facet normal 1 0 0
    outer loop
      vertex 26.95 0 6.5
      vertex 26.95 -9.9 1.90735e-07
      vertex 26.95 9.9 1.90735e-07
    endloop
  endfacet
  facet normal 1 0 0
    outer loop
      vertex 26.95 -5.1781 6.64843
      vertex 26.95 -9.9 1.90735e-07
      vertex 26.95 -5.04175 6.58427
    endloop
  endfacet
  facet normal 1 0 0
    outer loop
      vertex 26.95 -5.30534 6.72918
      vertex 26.95 -9.9 1.90735e-07
      vertex 26.95 -5.1781 6.64843
    endloop
  endfacet
  facet normal 1 0 0
    outer loop
      vertex 26.95 -5.42146 6.82524
      vertex 26.95 -9.9 1.90735e-07
      vertex 26.95 -5.30534 6.72918
    endloop
  endfacet
  facet normal 1 0 0
    outer loop
      vertex 26.95 -5.52462 6.93509
      vertex 26.95 -9.9 1.90735e-07
      vertex 26.95 -5.42146 6.82524
    endloop
  endfacet
  facet normal 1 0 0
    outer loop
      vertex 26.95 -5.61319 7.05701
      vertex 26.95 -9.9 1.90735e-07
      vertex 26.95 -5.52462 6.93509
    endloop
  endfacet
  facet normal 1 0 0
    outer loop
      vertex 26.95 -5.68579 7.18906
      vertex 26.95 -9.9 1.90735e-07
      vertex 26.95 -5.61319 7.05701
    endloop
  endfacet
  facet normal 1 0 0
    outer loop
      vertex 26.95 -5.74127 7.32918
      vertex 26.95 -9.9 1.90735e-07
      vertex 26.95 -5.68579 7.18906
    endloop
  endfacet
  facet normal 1 0 0
    outer loop
      vertex 26.95 -5.77874 7.47514
      vertex 26.95 -9.9 1.90735e-07
      vertex 26.95 -5.74127 7.32918
    endloop
  endfacet
  facet normal 1 0 0
    outer loop
      vertex 26.95 -5.79763 7.62465
      vertex 26.95 -9.9 1.90735e-07
      vertex 26.95 -5.77874 7.47514
    endloop
  endfacet
  facet normal 1 0 0
    outer loop
      vertex 26.95 0.809016 27.8122
      vertex 26.95 9.9 30.2
      vertex 26.95 0.951056 28.091
    endloop
  endfacet
  facet normal 1 0 0
    outer loop
      vertex 26.95 0.587785 27.591
      vertex 26.95 9.9 30.2
      vertex 26.95 0.809016 27.8122
    endloop
  endfacet
  facet normal 1 0 -0
    outer loop
      vertex 26.95 1.08579 8.21093
      vertex 26.95 3.51421 8.21093
      vertex 26.95 1.01319 8.34299
    endloop
  endfacet
  facet normal 1 0 0
    outer loop
      vertex 26.95 3.58681 8.34299
      vertex 26.95 1.01319 8.34299
      vertex 26.95 3.51421 8.21093
    endloop
  endfacet
  facet normal 1 0 -0
    outer loop
      vertex 26.95 0.821456 8.57476
      vertex 26.95 3.77854 8.57476
      vertex 26.95 0.705342 8.67082
    endloop
  endfacet
  facet normal 1 0 -0
    outer loop
      vertex 26.95 1.01319 8.34299
      vertex 26.95 3.58681 8.34299
      vertex 26.95 0.924616 8.46491
    endloop
  endfacet
  facet normal 1 0 0
    outer loop
      vertex 26.95 3.67538 8.46491
      vertex 26.95 0.924616 8.46491
      vertex 26.95 3.58681 8.34299
    endloop
  endfacet
  facet normal 1 0 0
    outer loop
      vertex 26.95 3.77854 8.57476
      vertex 26.95 0.821456 8.57476
      vertex 26.95 3.67538 8.46491
    endloop
  endfacet
  facet normal 1 0 -0
    outer loop
      vertex 26.95 0.924616 8.46491
      vertex 26.95 3.67538 8.46491
      vertex 26.95 0.821456 8.57476
    endloop
  endfacet
  facet normal 1 0 -0
    outer loop
      vertex 26.95 0.705342 8.67082
      vertex 26.95 3.89466 8.67082
      vertex 26.95 0.578104 8.75157
    endloop
  endfacet
  facet normal 1 0 0
    outer loop
      vertex 26.95 0.309016 27.4489
      vertex 26.95 0.150399 8.89054
      vertex 26.95 0.298428 8.8623
    endloop
  endfacet
  facet normal 1 -0 0
    outer loop
      vertex 26.95 0 27.4
      vertex 26.95 0.150399 8.89054
      vertex 26.95 0.309016 27.4489
    endloop
  endfacet
  facet normal 1 0 0
    outer loop
      vertex 26.95 0 27.4
      vertex 26.95 0 8.9
      vertex 26.95 0.150399 8.89054
    endloop
  endfacet
  facet normal 1 0 0
    outer loop
      vertex 26.95 0 27.4
      vertex 26.95 -0.150399 8.89054
      vertex 26.95 0 8.9
    endloop
  endfacet
  facet normal 1 0 0
    outer loop
      vertex 26.95 -0.309016 27.4489
      vertex 26.95 -0.150399 8.89054
      vertex 26.95 0 27.4
    endloop
  endfacet
  facet normal 1 0 0
    outer loop
      vertex 26.95 -0.150399 8.89054
      vertex 26.95 -0.309016 27.4489
      vertex 26.95 -0.298428 8.8623
    endloop
  endfacet
  facet normal 1 0 0
    outer loop
      vertex 26.95 -0.309016 27.4489
      vertex 26.95 -0.441749 8.81573
      vertex 26.95 -0.298428 8.8623
    endloop
  endfacet
  facet normal 1 0 0
    outer loop
      vertex 26.95 -0.309016 27.4489
      vertex 26.95 -0.578104 8.75157
      vertex 26.95 -0.441749 8.81573
    endloop
  endfacet
  facet normal 1 0 0
    outer loop
      vertex 26.95 -0.587785 27.591
      vertex 26.95 -0.578104 8.75157
      vertex 26.95 -0.309016 27.4489
    endloop
  endfacet
  facet normal 1 0 0
    outer loop
      vertex 26.95 -0.587785 27.591
      vertex 26.95 -0.705342 8.67082
      vertex 26.95 -0.578104 8.75157
    endloop
  endfacet
  facet normal 1 0 0
    outer loop
      vertex 26.95 -0.821456 8.57476
      vertex 26.95 -0.587785 27.591
      vertex 26.95 -0.809016 27.8122
    endloop
  endfacet
  facet normal 1 0 0
    outer loop
      vertex 26.95 -0.587785 27.591
      vertex 26.95 -0.821456 8.57476
      vertex 26.95 -0.705342 8.67082
    endloop
  endfacet
  facet normal 1 0 0
    outer loop
      vertex 26.95 -0.809016 27.8122
      vertex 26.95 -0.924616 8.46491
      vertex 26.95 -0.821456 8.57476
    endloop
  endfacet
  facet normal 1 0 0
    outer loop
      vertex 26.95 -1.08579 8.21093
      vertex 26.95 -0.809016 27.8122
      vertex 26.95 -0.951056 28.091
    endloop
  endfacet
  facet normal 1 0 0
    outer loop
      vertex 26.95 -9.9 30.2
      vertex 26.95 -0.951056 28.091
      vertex 26.95 -1 28.4
    endloop
  endfacet
  facet normal 1 0 0
    outer loop
      vertex 26.95 -0.809016 27.8122
      vertex 26.95 -1.01319 8.34299
      vertex 26.95 -0.924616 8.46491
    endloop
  endfacet
  facet normal -0.207859 -0.978159 0
    outer loop
      vertex -25.7062 -11.6119 1.90735e-07
      vertex -25.3382 -11.6901 30.2
      vertex -25.7062 -11.6119 30.2
    endloop
  endfacet
  facet normal -0.207859 -0.978159 -0
    outer loop
      vertex -25.3382 -11.6901 30.2
      vertex -25.7062 -11.6119 1.90735e-07
      vertex -25.3382 -11.6901 1.90735e-07
    endloop
  endfacet
  facet normal 0 -1 0
    outer loop
      vertex -25.3382 -11.6901 1.90735e-07
      vertex 25.3382 -11.6901 30.2
      vertex -25.3382 -11.6901 30.2
    endloop
  endfacet
  facet normal 0 -1 -0
    outer loop
      vertex 25.3382 -11.6901 30.2
      vertex -25.3382 -11.6901 1.90735e-07
      vertex 25.3382 -11.6901 1.90735e-07
    endloop
  endfacet
  facet normal 0.207859 -0.978159 0
    outer loop
      vertex 25.3382 -11.6901 1.90735e-07
      vertex 25.7062 -11.6119 30.2
      vertex 25.3382 -11.6901 30.2
    endloop
  endfacet
  facet normal 0.207859 -0.978159 0
    outer loop
      vertex 25.7062 -11.6119 30.2
      vertex 25.3382 -11.6901 1.90735e-07
      vertex 25.7062 -11.6119 1.90735e-07
    endloop
  endfacet
  facet normal 0.743202 -0.669067 0
    outer loop
      vertex 26.3544 -11.2377 30.2
      vertex 26.6062 -10.958 1.90735e-07
      vertex 26.6062 -10.958 30.2
    endloop
  endfacet
  facet normal 0.743202 -0.669067 0
    outer loop
      vertex 26.6062 -10.958 1.90735e-07
      vertex 26.3544 -11.2377 30.2
      vertex 26.3544 -11.2377 1.90735e-07
    endloop
  endfacet
  facet normal -0.99453 0.10445 0
    outer loop
      vertex -26.95 9.9 1.90735e-07
      vertex -26.9107 10.2742 30.2
      vertex -26.9107 10.2742 1.90735e-07
    endloop
  endfacet
  facet normal -0.99453 0.10445 0
    outer loop
      vertex -26.9107 10.2742 30.2
      vertex -26.95 9.9 1.90735e-07
      vertex -26.95 9.9 30.2
    endloop
  endfacet
  facet normal 0.207859 0.978159 -0
    outer loop
      vertex 25.7062 11.6119 1.90735e-07
      vertex 25.3382 11.6901 30.2
      vertex 25.7062 11.6119 30.2
    endloop
  endfacet
  facet normal 0.207859 0.978159 0
    outer loop
      vertex 25.3382 11.6901 30.2
      vertex 25.7062 11.6119 1.90735e-07
      vertex 25.3382 11.6901 1.90735e-07
    endloop
  endfacet
  facet normal -0.406804 0.913515 0
    outer loop
      vertex -25.7062 11.6119 1.90735e-07
      vertex -26.05 11.4588 30.2
      vertex -25.7062 11.6119 30.2
    endloop
  endfacet
  facet normal -0.406804 0.913515 0
    outer loop
      vertex -26.05 11.4588 30.2
      vertex -25.7062 11.6119 1.90735e-07
      vertex -26.05 11.4588 1.90735e-07
    endloop
  endfacet
  facet normal -0.951048 -0.309044 0
    outer loop
      vertex -26.7944 -10.6321 1.90735e-07
      vertex -26.9107 -10.2742 30.2
      vertex -26.9107 -10.2742 1.90735e-07
    endloop
  endfacet
  facet normal -0.951048 -0.309044 0
    outer loop
      vertex -26.9107 -10.2742 30.2
      vertex -26.7944 -10.6321 1.90735e-07
      vertex -26.7944 -10.6321 30.2
    endloop
  endfacet
  facet normal 0.865978 0.500083 0
    outer loop
      vertex 26.7944 10.6321 30.2
      vertex 26.6062 10.958 1.90735e-07
      vertex 26.6062 10.958 30.2
    endloop
  endfacet
  facet normal 0.865978 0.500083 0
    outer loop
      vertex 26.6062 10.958 1.90735e-07
      vertex 26.7944 10.6321 30.2
      vertex 26.7944 10.6321 1.90735e-07
    endloop
  endfacet
  facet normal 0.406804 -0.913515 0
    outer loop
      vertex 25.7062 -11.6119 1.90735e-07
      vertex 26.05 -11.4588 30.2
      vertex 25.7062 -11.6119 30.2
    endloop
  endfacet
  facet normal 0.406804 -0.913515 0
    outer loop
      vertex 26.05 -11.4588 30.2
      vertex 25.7062 -11.6119 1.90735e-07
      vertex 26.05 -11.4588 1.90735e-07
    endloop
  endfacet
  facet normal 0 0 -1
    outer loop
      vertex 25.3382 -11.6901 1.90735e-07
      vertex 26.95 -9.9 1.90735e-07
      vertex 26.9107 -10.2742 1.90735e-07
    endloop
  endfacet
  facet normal -0 0 -1
    outer loop
      vertex 26.95 -9.9 1.90735e-07
      vertex 25.3382 -11.6901 1.90735e-07
      vertex 26.95 9.9 1.90735e-07
    endloop
  endfacet
  facet normal 0 0 -1
    outer loop
      vertex 25.3382 -11.6901 1.90735e-07
      vertex 26.9107 -10.2742 1.90735e-07
      vertex 26.7944 -10.6321 1.90735e-07
    endloop
  endfacet
  facet normal 0 0 -1
    outer loop
      vertex 25.3382 11.6901 1.90735e-07
      vertex 26.95 9.9 1.90735e-07
      vertex 25.3382 -11.6901 1.90735e-07
    endloop
  endfacet
  facet normal 0 0 -1
    outer loop
      vertex 25.3382 -11.6901 1.90735e-07
      vertex 26.7944 -10.6321 1.90735e-07
      vertex 26.6062 -10.958 1.90735e-07
    endloop
  endfacet
  facet normal 0 0 -1
    outer loop
      vertex 26.95 9.9 1.90735e-07
      vertex 25.3382 11.6901 1.90735e-07
      vertex 26.9107 10.2742 1.90735e-07
    endloop
  endfacet
  facet normal 0 0 -1
    outer loop
      vertex 25.3382 -11.6901 1.90735e-07
      vertex 26.6062 -10.958 1.90735e-07
      vertex 26.3544 -11.2377 1.90735e-07
    endloop
  endfacet
  facet normal 0 0 -1
    outer loop
      vertex 26.9107 10.2742 1.90735e-07
      vertex 25.3382 11.6901 1.90735e-07
      vertex 26.7944 10.6321 1.90735e-07
    endloop
  endfacet
  facet normal 0 0 -1
    outer loop
      vertex 25.3382 -11.6901 1.90735e-07
      vertex 26.3544 -11.2377 1.90735e-07
      vertex 26.05 -11.4588 1.90735e-07
    endloop
  endfacet
  facet normal 0 0 -1
    outer loop
      vertex 26.7944 10.6321 1.90735e-07
      vertex 25.3382 11.6901 1.90735e-07
      vertex 26.6062 10.958 1.90735e-07
    endloop
  endfacet
  facet normal 0 0 -1
    outer loop
      vertex 25.3382 -11.6901 1.90735e-07
      vertex 26.05 -11.4588 1.90735e-07
      vertex 25.7062 -11.6119 1.90735e-07
    endloop
  endfacet
  facet normal 0 0 -1
    outer loop
      vertex 26.6062 10.958 1.90735e-07
      vertex 25.3382 11.6901 1.90735e-07
      vertex 26.3544 11.2377 1.90735e-07
    endloop
  endfacet
  facet normal 0 0 -1
    outer loop
      vertex 26.3544 11.2377 1.90735e-07
      vertex 25.3382 11.6901 1.90735e-07
      vertex 26.05 11.4588 1.90735e-07
    endloop
  endfacet
  facet normal 0 0 -1
    outer loop
      vertex 26.05 11.4588 1.90735e-07
      vertex 25.3382 11.6901 1.90735e-07
      vertex 25.7062 11.6119 1.90735e-07
    endloop
  endfacet
  facet normal 0 0 -1
    outer loop
      vertex -25.3382 -11.6901 1.90735e-07
      vertex 25.3382 11.6901 1.90735e-07
      vertex 25.3382 -11.6901 1.90735e-07
    endloop
  endfacet
  facet normal 0 0 -1
    outer loop
      vertex -25.3382 -11.6901 1.90735e-07
      vertex -25.3382 11.6901 1.90735e-07
      vertex 25.3382 11.6901 1.90735e-07
    endloop
  endfacet
  facet normal 0 0 -1
    outer loop
      vertex -26.95 -9.9 1.90735e-07
      vertex -25.3382 -11.6901 1.90735e-07
      vertex -25.7062 -11.6119 1.90735e-07
    endloop
  endfacet
  facet normal 0 0 -1
    outer loop
      vertex -25.3382 -11.6901 1.90735e-07
      vertex -26.95 -9.9 1.90735e-07
      vertex -25.3382 11.6901 1.90735e-07
    endloop
  endfacet
  facet normal 0 0 -1
    outer loop
      vertex -26.95 -9.9 1.90735e-07
      vertex -25.7062 -11.6119 1.90735e-07
      vertex -26.05 -11.4588 1.90735e-07
    endloop
  endfacet
  facet normal 0 0 -1
    outer loop
      vertex -26.95 9.9 1.90735e-07
      vertex -25.3382 11.6901 1.90735e-07
      vertex -26.95 -9.9 1.90735e-07
    endloop
  endfacet
  facet normal 0 0 -1
    outer loop
      vertex -26.95 -9.9 1.90735e-07
      vertex -26.05 -11.4588 1.90735e-07
      vertex -26.3544 -11.2377 1.90735e-07
    endloop
  endfacet
  facet normal 0 0 -1
    outer loop
      vertex -25.3382 11.6901 1.90735e-07
      vertex -26.95 9.9 1.90735e-07
      vertex -25.7062 11.6119 1.90735e-07
    endloop
  endfacet
  facet normal 0 0 -1
    outer loop
      vertex -26.95 -9.9 1.90735e-07
      vertex -26.3544 -11.2377 1.90735e-07
      vertex -26.6062 -10.958 1.90735e-07
    endloop
  endfacet
  facet normal 0 0 -1
    outer loop
      vertex -25.7062 11.6119 1.90735e-07
      vertex -26.95 9.9 1.90735e-07
      vertex -26.05 11.4588 1.90735e-07
    endloop
  endfacet
  facet normal 0 0 -1
    outer loop
      vertex -26.95 -9.9 1.90735e-07
      vertex -26.6062 -10.958 1.90735e-07
      vertex -26.7944 -10.6321 1.90735e-07
    endloop
  endfacet
  facet normal 0 0 -1
    outer loop
      vertex -26.05 11.4588 1.90735e-07
      vertex -26.95 9.9 1.90735e-07
      vertex -26.3544 11.2377 1.90735e-07
    endloop
  endfacet
  facet normal 0 0 -1
    outer loop
      vertex -26.95 -9.9 1.90735e-07
      vertex -26.7944 -10.6321 1.90735e-07
      vertex -26.9107 -10.2742 1.90735e-07
    endloop
  endfacet
  facet normal 0 0 -1
    outer loop
      vertex -26.3544 11.2377 1.90735e-07
      vertex -26.95 9.9 1.90735e-07
      vertex -26.6062 10.958 1.90735e-07
    endloop
  endfacet
  facet normal 0 0 -1
    outer loop
      vertex -26.6062 10.958 1.90735e-07
      vertex -26.95 9.9 1.90735e-07
      vertex -26.7944 10.6321 1.90735e-07
    endloop
  endfacet
  facet normal 0 0 -1
    outer loop
      vertex -26.7944 10.6321 1.90735e-07
      vertex -26.95 9.9 1.90735e-07
      vertex -26.9107 10.2742 1.90735e-07
    endloop
  endfacet
  facet normal -0.406804 -0.913515 0
    outer loop
      vertex -26.05 -11.4588 1.90735e-07
      vertex -25.7062 -11.6119 30.2
      vertex -26.05 -11.4588 30.2
    endloop
  endfacet
  facet normal -0.406804 -0.913515 -0
    outer loop
      vertex -25.7062 -11.6119 30.2
      vertex -26.05 -11.4588 1.90735e-07
      vertex -25.7062 -11.6119 1.90735e-07
    endloop
  endfacet
  facet normal 0.951048 0.309044 0
    outer loop
      vertex 26.9107 10.2742 30.2
      vertex 26.7944 10.6321 1.90735e-07
      vertex 26.7944 10.6321 30.2
    endloop
  endfacet
  facet normal 0.951048 0.309044 0
    outer loop
      vertex 26.7944 10.6321 1.90735e-07
      vertex 26.9107 10.2742 30.2
      vertex 26.9107 10.2742 1.90735e-07
    endloop
  endfacet
  facet normal -0.743202 0.669067 0
    outer loop
      vertex -26.6062 10.958 1.90735e-07
      vertex -26.3544 11.2377 30.2
      vertex -26.3544 11.2377 1.90735e-07
    endloop
  endfacet
  facet normal -0.743202 0.669067 0
    outer loop
      vertex -26.3544 11.2377 30.2
      vertex -26.6062 10.958 1.90735e-07
      vertex -26.6062 10.958 30.2
    endloop
  endfacet
  facet normal 0.99453 -0.10445 0
    outer loop
      vertex 26.9107 -10.2742 30.2
      vertex 26.95 -9.9 1.90735e-07
      vertex 26.95 -9.9 30.2
    endloop
  endfacet
  facet normal 0.99453 -0.10445 0
    outer loop
      vertex 26.95 -9.9 1.90735e-07
      vertex 26.9107 -10.2742 30.2
      vertex 26.9107 -10.2742 1.90735e-07
    endloop
  endfacet
  facet normal 0.99453 0.10445 0
    outer loop
      vertex 26.95 9.9 30.2
      vertex 26.9107 10.2742 1.90735e-07
      vertex 26.9107 10.2742 30.2
    endloop
  endfacet
  facet normal 0.99453 0.10445 0
    outer loop
      vertex 26.9107 10.2742 1.90735e-07
      vertex 26.95 9.9 30.2
      vertex 26.95 9.9 1.90735e-07
    endloop
  endfacet
  facet normal 0.406804 0.913515 -0
    outer loop
      vertex 26.05 11.4588 1.90735e-07
      vertex 25.7062 11.6119 30.2
      vertex 26.05 11.4588 30.2
    endloop
  endfacet
  facet normal 0.406804 0.913515 0
    outer loop
      vertex 25.7062 11.6119 30.2
      vertex 26.05 11.4588 1.90735e-07
      vertex 25.7062 11.6119 1.90735e-07
    endloop
  endfacet
  facet normal -0.951048 0.309044 0
    outer loop
      vertex -26.9107 10.2742 1.90735e-07
      vertex -26.7944 10.6321 30.2
      vertex -26.7944 10.6321 1.90735e-07
    endloop
  endfacet
  facet normal -0.951048 0.309044 0
    outer loop
      vertex -26.7944 10.6321 30.2
      vertex -26.9107 10.2742 1.90735e-07
      vertex -26.9107 10.2742 30.2
    endloop
  endfacet
  facet normal 0.743202 0.669067 0
    outer loop
      vertex 26.6062 10.958 30.2
      vertex 26.3544 11.2377 1.90735e-07
      vertex 26.3544 11.2377 30.2
    endloop
  endfacet
  facet normal 0.743202 0.669067 0
    outer loop
      vertex 26.3544 11.2377 1.90735e-07
      vertex 26.6062 10.958 30.2
      vertex 26.6062 10.958 1.90735e-07
    endloop
  endfacet
  facet normal -0.207859 0.978159 0
    outer loop
      vertex -25.3382 11.6901 1.90735e-07
      vertex -25.7062 11.6119 30.2
      vertex -25.3382 11.6901 30.2
    endloop
  endfacet
  facet normal -0.207859 0.978159 0
    outer loop
      vertex -25.7062 11.6119 30.2
      vertex -25.3382 11.6901 1.90735e-07
      vertex -25.7062 11.6119 1.90735e-07
    endloop
  endfacet
  facet normal 0.587682 0.809092 -0
    outer loop
      vertex 26.3544 11.2377 1.90735e-07
      vertex 26.05 11.4588 30.2
      vertex 26.3544 11.2377 30.2
    endloop
  endfacet
  facet normal 0.587682 0.809092 0
    outer loop
      vertex 26.05 11.4588 30.2
      vertex 26.3544 11.2377 1.90735e-07
      vertex 26.05 11.4588 1.90735e-07
    endloop
  endfacet
  facet normal 0.951048 -0.309044 0
    outer loop
      vertex 26.7944 -10.6321 30.2
      vertex 26.9107 -10.2742 1.90735e-07
      vertex 26.9107 -10.2742 30.2
    endloop
  endfacet
  facet normal 0.951048 -0.309044 0
    outer loop
      vertex 26.9107 -10.2742 1.90735e-07
      vertex 26.7944 -10.6321 30.2
      vertex 26.7944 -10.6321 1.90735e-07
    endloop
  endfacet
  facet normal -0.587682 0.809092 0
    outer loop
      vertex -26.05 11.4588 1.90735e-07
      vertex -26.3544 11.2377 30.2
      vertex -26.05 11.4588 30.2
    endloop
  endfacet
  facet normal -0.587682 0.809092 0
    outer loop
      vertex -26.3544 11.2377 30.2
      vertex -26.05 11.4588 1.90735e-07
      vertex -26.3544 11.2377 1.90735e-07
    endloop
  endfacet
  facet normal -0.99453 -0.10445 0
    outer loop
      vertex -26.9107 -10.2742 1.90735e-07
      vertex -26.95 -9.9 30.2
      vertex -26.95 -9.9 1.90735e-07
    endloop
  endfacet
  facet normal -0.99453 -0.10445 0
    outer loop
      vertex -26.95 -9.9 30.2
      vertex -26.9107 -10.2742 1.90735e-07
      vertex -26.9107 -10.2742 30.2
    endloop
  endfacet
  facet normal 0.587682 -0.809092 0
    outer loop
      vertex 26.05 -11.4588 1.90735e-07
      vertex 26.3544 -11.2377 30.2
      vertex 26.05 -11.4588 30.2
    endloop
  endfacet
  facet normal 0.587682 -0.809092 0
    outer loop
      vertex 26.3544 -11.2377 30.2
      vertex 26.05 -11.4588 1.90735e-07
      vertex 26.3544 -11.2377 1.90735e-07
    endloop
  endfacet
  facet normal -0.865978 -0.500083 0
    outer loop
      vertex -26.6062 -10.958 1.90735e-07
      vertex -26.7944 -10.6321 30.2
      vertex -26.7944 -10.6321 1.90735e-07
    endloop
  endfacet
  facet normal -0.865978 -0.500083 0
    outer loop
      vertex -26.7944 -10.6321 30.2
      vertex -26.6062 -10.958 1.90735e-07
      vertex -26.6062 -10.958 30.2
    endloop
  endfacet
  facet normal 0.865978 -0.500083 0
    outer loop
      vertex 26.6062 -10.958 30.2
      vertex 26.7944 -10.6321 1.90735e-07
      vertex 26.7944 -10.6321 30.2
    endloop
  endfacet
  facet normal 0.865978 -0.500083 0
    outer loop
      vertex 26.7944 -10.6321 1.90735e-07
      vertex 26.6062 -10.958 30.2
      vertex 26.6062 -10.958 1.90735e-07
    endloop
  endfacet
  facet normal -0.587682 -0.809092 0
    outer loop
      vertex -26.3544 -11.2377 1.90735e-07
      vertex -26.05 -11.4588 30.2
      vertex -26.3544 -11.2377 30.2
    endloop
  endfacet
  facet normal -0.587682 -0.809092 -0
    outer loop
      vertex -26.05 -11.4588 30.2
      vertex -26.3544 -11.2377 1.90735e-07
      vertex -26.05 -11.4588 1.90735e-07
    endloop
  endfacet
  facet normal -0.865978 0.500083 0
    outer loop
      vertex -26.7944 10.6321 1.90735e-07
      vertex -26.6062 10.958 30.2
      vertex -26.6062 10.958 1.90735e-07
    endloop
  endfacet
  facet normal -0.865978 0.500083 0
    outer loop
      vertex -26.6062 10.958 30.2
      vertex -26.7944 10.6321 1.90735e-07
      vertex -26.7944 10.6321 30.2
    endloop
  endfacet
  facet normal 0 0 1
    outer loop
      vertex 25.75 9.9 30.2
      vertex 26.95 9.9 30.2
      vertex 26.9107 10.2742 30.2
    endloop
  endfacet
  facet normal 0 0 1
    outer loop
      vertex 26.95 9.9 30.2
      vertex 25.75 9.9 30.2
      vertex 26.95 -9.9 30.2
    endloop
  endfacet
  facet normal 0 0 1
    outer loop
      vertex 25.7369 10.0247 30.2
      vertex 26.9107 10.2742 30.2
      vertex 26.7944 10.6321 30.2
    endloop
  endfacet
  facet normal 0 0 1
    outer loop
      vertex 25.75 -9.9 30.2
      vertex 26.95 -9.9 30.2
      vertex 25.75 9.9 30.2
    endloop
  endfacet
  facet normal 0 0 1
    outer loop
      vertex 25.6981 10.144 30.2
      vertex 26.7944 10.6321 30.2
      vertex 26.6062 10.958 30.2
    endloop
  endfacet
  facet normal 0 0 1
    outer loop
      vertex 26.95 -9.9 30.2
      vertex 25.75 -9.9 30.2
      vertex 26.9107 -10.2742 30.2
    endloop
  endfacet
  facet normal 0 0 1
    outer loop
      vertex 25.6354 10.2527 30.2
      vertex 26.6062 10.958 30.2
      vertex 26.3544 11.2377 30.2
    endloop
  endfacet
  facet normal -0 0 1
    outer loop
      vertex 25.7369 -10.0247 30.2
      vertex 26.9107 -10.2742 30.2
      vertex 25.75 -9.9 30.2
    endloop
  endfacet
  facet normal 0 0 1
    outer loop
      vertex 25.5515 10.3459 30.2
      vertex 26.3544 11.2377 30.2
      vertex 26.05 11.4588 30.2
    endloop
  endfacet
  facet normal 0 0 1
    outer loop
      vertex 26.9107 -10.2742 30.2
      vertex 25.7369 -10.0247 30.2
      vertex 26.7944 -10.6321 30.2
    endloop
  endfacet
  facet normal -0 0 1
    outer loop
      vertex 25.6981 -10.144 30.2
      vertex 26.7944 -10.6321 30.2
      vertex 25.7369 -10.0247 30.2
    endloop
  endfacet
  facet normal 0 0 1
    outer loop
      vertex 26.9107 10.2742 30.2
      vertex 25.7369 10.0247 30.2
      vertex 25.75 9.9 30.2
    endloop
  endfacet
  facet normal 0 0 1
    outer loop
      vertex 25.45 10.4196 30.2
      vertex 26.05 11.4588 30.2
      vertex 25.7062 11.6119 30.2
    endloop
  endfacet
  facet normal 0 0 1
    outer loop
      vertex 26.7944 10.6321 30.2
      vertex 25.6981 10.144 30.2
      vertex 25.7369 10.0247 30.2
    endloop
  endfacet
  facet normal 0 0 1
    outer loop
      vertex 26.6062 10.958 30.2
      vertex 25.6354 10.2527 30.2
      vertex 25.6981 10.144 30.2
    endloop
  endfacet
  facet normal 0 0 1
    outer loop
      vertex 26.3544 11.2377 30.2
      vertex 25.5515 10.3459 30.2
      vertex 25.6354 10.2527 30.2
    endloop
  endfacet
  facet normal 0 0 1
    outer loop
      vertex 26.05 11.4588 30.2
      vertex 25.45 10.4196 30.2
      vertex 25.5515 10.3459 30.2
    endloop
  endfacet
  facet normal 0 0 1
    outer loop
      vertex 25.3354 10.4706 30.2
      vertex 25.7062 11.6119 30.2
      vertex 25.3382 11.6901 30.2
    endloop
  endfacet
  facet normal 0 0 1
    outer loop
      vertex 25.7062 11.6119 30.2
      vertex 25.3354 10.4706 30.2
      vertex 25.45 10.4196 30.2
    endloop
  endfacet
  facet normal 0 0 1
    outer loop
      vertex 25.3382 11.6901 30.2
      vertex 25.2127 10.4967 30.2
      vertex 25.3354 10.4706 30.2
    endloop
  endfacet
  facet normal 0 0 1
    outer loop
      vertex 25.3382 11.6901 30.2
      vertex -25.2127 10.4967 30.2
      vertex 25.2127 10.4967 30.2
    endloop
  endfacet
  facet normal -0 0 1
    outer loop
      vertex -25.3382 11.6901 30.2
      vertex -25.2127 10.4967 30.2
      vertex 25.3382 11.6901 30.2
    endloop
  endfacet
  facet normal 0 0 1
    outer loop
      vertex -25.3382 11.6901 30.2
      vertex -25.3354 10.4706 30.2
      vertex -25.2127 10.4967 30.2
    endloop
  endfacet
  facet normal -0 0 1
    outer loop
      vertex -25.7062 11.6119 30.2
      vertex -25.3354 10.4706 30.2
      vertex -25.3382 11.6901 30.2
    endloop
  endfacet
  facet normal 0 0 1
    outer loop
      vertex -25.3354 10.4706 30.2
      vertex -25.7062 11.6119 30.2
      vertex -25.45 10.4196 30.2
    endloop
  endfacet
  facet normal -0 0 1
    outer loop
      vertex -26.05 11.4588 30.2
      vertex -25.45 10.4196 30.2
      vertex -25.7062 11.6119 30.2
    endloop
  endfacet
  facet normal 0 0 1
    outer loop
      vertex -25.45 10.4196 30.2
      vertex -26.05 11.4588 30.2
      vertex -25.5515 10.3459 30.2
    endloop
  endfacet
  facet normal -0 0 1
    outer loop
      vertex -26.3544 11.2377 30.2
      vertex -25.5515 10.3459 30.2
      vertex -26.05 11.4588 30.2
    endloop
  endfacet
  facet normal 0 0 1
    outer loop
      vertex -25.5515 10.3459 30.2
      vertex -26.3544 11.2377 30.2
      vertex -25.6354 10.2527 30.2
    endloop
  endfacet
  facet normal -0 0 1
    outer loop
      vertex -26.6062 10.958 30.2
      vertex -25.6354 10.2527 30.2
      vertex -26.3544 11.2377 30.2
    endloop
  endfacet
  facet normal -0 0 1
    outer loop
      vertex -26.7944 10.6321 30.2
      vertex -25.6981 10.144 30.2
      vertex -26.6062 10.958 30.2
    endloop
  endfacet
  facet normal 0 0 1
    outer loop
      vertex -25.6354 10.2527 30.2
      vertex -26.6062 10.958 30.2
      vertex -25.6981 10.144 30.2
    endloop
  endfacet
  facet normal 0 0 1
    outer loop
      vertex 26.7944 -10.6321 30.2
      vertex 25.6981 -10.144 30.2
      vertex 26.6062 -10.958 30.2
    endloop
  endfacet
  facet normal -0 0 1
    outer loop
      vertex 25.6354 -10.2527 30.2
      vertex 26.6062 -10.958 30.2
      vertex 25.6981 -10.144 30.2
    endloop
  endfacet
  facet normal 0 0 1
    outer loop
      vertex 26.6062 -10.958 30.2
      vertex 25.6354 -10.2527 30.2
      vertex 26.3544 -11.2377 30.2
    endloop
  endfacet
  facet normal -0 0 1
    outer loop
      vertex 25.5515 -10.3459 30.2
      vertex 26.3544 -11.2377 30.2
      vertex 25.6354 -10.2527 30.2
    endloop
  endfacet
  facet normal 0 0 1
    outer loop
      vertex 26.3544 -11.2377 30.2
      vertex 25.5515 -10.3459 30.2
      vertex 26.05 -11.4588 30.2
    endloop
  endfacet
  facet normal -0 0 1
    outer loop
      vertex 25.45 -10.4196 30.2
      vertex 26.05 -11.4588 30.2
      vertex 25.5515 -10.3459 30.2
    endloop
  endfacet
  facet normal 0 0 1
    outer loop
      vertex 26.05 -11.4588 30.2
      vertex 25.45 -10.4196 30.2
      vertex 25.7062 -11.6119 30.2
    endloop
  endfacet
  facet normal -0 0 1
    outer loop
      vertex 25.3354 -10.4706 30.2
      vertex 25.7062 -11.6119 30.2
      vertex 25.45 -10.4196 30.2
    endloop
  endfacet
  facet normal 0 0 1
    outer loop
      vertex 25.7062 -11.6119 30.2
      vertex 25.3354 -10.4706 30.2
      vertex 25.3382 -11.6901 30.2
    endloop
  endfacet
  facet normal -0 0 1
    outer loop
      vertex 25.2127 -10.4967 30.2
      vertex 25.3382 -11.6901 30.2
      vertex 25.3354 -10.4706 30.2
    endloop
  endfacet
  facet normal -0 0 1
    outer loop
      vertex -25.2127 -10.4967 30.2
      vertex 25.3382 -11.6901 30.2
      vertex 25.2127 -10.4967 30.2
    endloop
  endfacet
  facet normal 0 0 1
    outer loop
      vertex -25.2127 -10.4967 30.2
      vertex -25.3382 -11.6901 30.2
      vertex 25.3382 -11.6901 30.2
    endloop
  endfacet
  facet normal 0 0 1
    outer loop
      vertex -25.3354 -10.4706 30.2
      vertex -25.3382 -11.6901 30.2
      vertex -25.2127 -10.4967 30.2
    endloop
  endfacet
  facet normal 0 0 1
    outer loop
      vertex -25.7062 -11.6119 30.2
      vertex -25.3354 -10.4706 30.2
      vertex -25.45 -10.4196 30.2
    endloop
  endfacet
  facet normal 0 0 1
    outer loop
      vertex -26.05 -11.4588 30.2
      vertex -25.45 -10.4196 30.2
      vertex -25.5515 -10.3459 30.2
    endloop
  endfacet
  facet normal 0 0 1
    outer loop
      vertex -26.3544 -11.2377 30.2
      vertex -25.5515 -10.3459 30.2
      vertex -25.6354 -10.2527 30.2
    endloop
  endfacet
  facet normal 0 0 1
    outer loop
      vertex -26.6062 -10.958 30.2
      vertex -25.6354 -10.2527 30.2
      vertex -25.6981 -10.144 30.2
    endloop
  endfacet
  facet normal 0 0 1
    outer loop
      vertex -25.3354 -10.4706 30.2
      vertex -25.7062 -11.6119 30.2
      vertex -25.3382 -11.6901 30.2
    endloop
  endfacet
  facet normal 0 0 1
    outer loop
      vertex -26.7944 -10.6321 30.2
      vertex -25.6981 -10.144 30.2
      vertex -25.7369 -10.0247 30.2
    endloop
  endfacet
  facet normal 0 0 1
    outer loop
      vertex -26.9107 -10.2742 30.2
      vertex -25.7369 -10.0247 30.2
      vertex -25.75 -9.9 30.2
    endloop
  endfacet
  facet normal 0 0 1
    outer loop
      vertex -25.45 -10.4196 30.2
      vertex -26.05 -11.4588 30.2
      vertex -25.7062 -11.6119 30.2
    endloop
  endfacet
  facet normal 0 0 1
    outer loop
      vertex -25.75 9.9 30.2
      vertex -26.95 9.9 30.2
      vertex -25.75 -9.9 30.2
    endloop
  endfacet
  facet normal 0 0 1
    outer loop
      vertex -25.6981 10.144 30.2
      vertex -26.7944 10.6321 30.2
      vertex -25.7369 10.0247 30.2
    endloop
  endfacet
  facet normal 0 0 1
    outer loop
      vertex -26.95 -9.9 30.2
      vertex -25.75 -9.9 30.2
      vertex -26.95 9.9 30.2
    endloop
  endfacet
  facet normal -0 0 1
    outer loop
      vertex -26.9107 10.2742 30.2
      vertex -25.7369 10.0247 30.2
      vertex -26.7944 10.6321 30.2
    endloop
  endfacet
  facet normal 0 -0 1
    outer loop
      vertex -26.9107 -10.2742 30.2
      vertex -25.75 -9.9 30.2
      vertex -26.95 -9.9 30.2
    endloop
  endfacet
  facet normal 0 0 1
    outer loop
      vertex -25.7369 10.0247 30.2
      vertex -26.9107 10.2742 30.2
      vertex -25.75 9.9 30.2
    endloop
  endfacet
  facet normal 0 0 1
    outer loop
      vertex -25.5515 -10.3459 30.2
      vertex -26.3544 -11.2377 30.2
      vertex -26.05 -11.4588 30.2
    endloop
  endfacet
  facet normal 0 0 1
    outer loop
      vertex -25.75 9.9 30.2
      vertex -26.9107 10.2742 30.2
      vertex -26.95 9.9 30.2
    endloop
  endfacet
  facet normal 0 0 1
    outer loop
      vertex -25.6354 -10.2527 30.2
      vertex -26.6062 -10.958 30.2
      vertex -26.3544 -11.2377 30.2
    endloop
  endfacet
  facet normal 0 0 1
    outer loop
      vertex -25.6981 -10.144 30.2
      vertex -26.7944 -10.6321 30.2
      vertex -26.6062 -10.958 30.2
    endloop
  endfacet
  facet normal 0 0 1
    outer loop
      vertex -25.7369 -10.0247 30.2
      vertex -26.9107 -10.2742 30.2
      vertex -26.7944 -10.6321 30.2
    endloop
  endfacet
  facet normal 1 -0 0
    outer loop
      vertex -25.75 4.59123 25.3672
      vertex -25.75 9.9 22.55
      vertex -25.75 9.9 30.2
    endloop
  endfacet
  facet normal 1 -0 0
    outer loop
      vertex -25.75 4.59123 25.0328
      vertex -25.75 6.5 22.55
      vertex -25.75 4.59123 25.3672
    endloop
  endfacet
  facet normal 1 0 0
    outer loop
      vertex -25.75 9.9 22.55
      vertex -25.75 4.59123 25.3672
      vertex -25.75 6.5 22.55
    endloop
  endfacet
  facet normal 1 0 0
    outer loop
      vertex -25.75 9.9 30.2
      vertex -25.75 4.52169 25.6944
      vertex -25.75 4.59123 25.3672
    endloop
  endfacet
  facet normal 1 0 0
    outer loop
      vertex -25.75 9.9 30.2
      vertex -25.75 4.38564 26
      vertex -25.75 4.52169 25.6944
    endloop
  endfacet
  facet normal 1 0 0
    outer loop
      vertex -25.75 9.9 30.2
      vertex -25.75 4.18903 26.2706
      vertex -25.75 4.38564 26
    endloop
  endfacet
  facet normal 1 0 0
    outer loop
      vertex -25.75 9.9 30.2
      vertex -25.75 3.94046 26.4944
      vertex -25.75 4.18903 26.2706
    endloop
  endfacet
  facet normal 1 0 0
    outer loop
      vertex -25.75 9.9 30.2
      vertex -25.75 3.65078 26.6617
      vertex -25.75 3.94046 26.4944
    endloop
  endfacet
  facet normal 1 -0 0
    outer loop
      vertex -25.75 0.809016 28.9878
      vertex -25.75 3.65078 26.6617
      vertex -25.75 9.9 30.2
    endloop
  endfacet
  facet normal 1 0 0
    outer loop
      vertex -25.75 3.65078 26.6617
      vertex -25.75 0.809016 28.9878
      vertex -25.75 3.33266 26.765
    endloop
  endfacet
  facet normal 1 -0 -0
    outer loop
      vertex -25.75 0.951056 28.709
      vertex -25.75 3.33266 26.765
      vertex -25.75 0.809016 28.9878
    endloop
  endfacet
  facet normal 1 0 0
    outer loop
      vertex -25.75 3 26.8
      vertex -25.75 0.951056 28.709
      vertex -25.75 1 28.4
    endloop
  endfacet
  facet normal 1 0 0
    outer loop
      vertex -25.75 3.33266 26.765
      vertex -25.75 0.951056 28.709
      vertex -25.75 3 26.8
    endloop
  endfacet
  facet normal 1 0 0
    outer loop
      vertex -25.75 9.9 30.2
      vertex -25.75 0.587785 29.209
      vertex -25.75 0.809016 28.9878
    endloop
  endfacet
  facet normal 1 0 0
    outer loop
      vertex -25.75 9.9 30.2
      vertex -25.75 0.309016 29.3511
      vertex -25.75 0.587785 29.209
    endloop
  endfacet
  facet normal 1 0 0
    outer loop
      vertex -25.75 9.9 30.2
      vertex -25.75 0 29.4
      vertex -25.75 0.309016 29.3511
    endloop
  endfacet
  facet normal 1 0 0
    outer loop
      vertex -25.75 -0.951056 28.709
      vertex -25.75 -3 26.8
      vertex -25.75 -1 28.4
    endloop
  endfacet
  facet normal 1 0 0
    outer loop
      vertex -25.75 -3.33266 26.765
      vertex -25.75 -0.951056 28.709
      vertex -25.75 -0.809016 28.9878
    endloop
  endfacet
  facet normal 1 0 0
    outer loop
      vertex -25.75 -9.9 30.2
      vertex -25.75 -0.809016 28.9878
      vertex -25.75 -0.587785 29.209
    endloop
  endfacet
  facet normal 1 0 0
    outer loop
      vertex -25.75 -0.951056 28.709
      vertex -25.75 -3.33266 26.765
      vertex -25.75 -3 26.8
    endloop
  endfacet
  facet normal 1 0 0
    outer loop
      vertex -25.75 -0.809016 28.9878
      vertex -25.75 -3.65078 26.6617
      vertex -25.75 -3.33266 26.765
    endloop
  endfacet
  facet normal 1 0 0
    outer loop
      vertex -25.75 -0.809016 28.9878
      vertex -25.75 -9.9 30.2
      vertex -25.75 -3.65078 26.6617
    endloop
  endfacet
  facet normal 1 0 0
    outer loop
      vertex -25.75 -4.59123 25.3672
      vertex -25.75 -6.5 22.55
      vertex -25.75 -4.59123 25.0328
    endloop
  endfacet
  facet normal 1 0 0
    outer loop
      vertex -25.75 -9.9 22.55
      vertex -25.75 -4.59123 25.3672
      vertex -25.75 -4.52169 25.6944
    endloop
  endfacet
  facet normal 1 0 0
    outer loop
      vertex -25.75 -9.9 30.2
      vertex -25.75 -4.52169 25.6944
      vertex -25.75 -4.38564 26
    endloop
  endfacet
  facet normal 1 -0 0
    outer loop
      vertex -25.75 -9.9 30.2
      vertex -25.75 0 29.4
      vertex -25.75 9.9 30.2
    endloop
  endfacet
  facet normal 1 0 0
    outer loop
      vertex -25.75 -9.9 30.2
      vertex -25.75 -0.309016 29.3511
      vertex -25.75 0 29.4
    endloop
  endfacet
  facet normal 1 0 0
    outer loop
      vertex -25.75 -9.9 30.2
      vertex -25.75 -0.587785 29.209
      vertex -25.75 -0.309016 29.3511
    endloop
  endfacet
  facet normal 1 0 0
    outer loop
      vertex -25.75 -3.65078 26.6617
      vertex -25.75 -9.9 30.2
      vertex -25.75 -3.94046 26.4944
    endloop
  endfacet
  facet normal 1 0 0
    outer loop
      vertex -25.75 -9.9 30.2
      vertex -25.75 -4.18903 26.2706
      vertex -25.75 -3.94046 26.4944
    endloop
  endfacet
  facet normal 1 0 0
    outer loop
      vertex -25.75 -9.9 30.2
      vertex -25.75 -4.38564 26
      vertex -25.75 -4.18903 26.2706
    endloop
  endfacet
  facet normal 1 0 0
    outer loop
      vertex -25.75 -4.52169 25.6944
      vertex -25.75 -9.9 30.2
      vertex -25.75 -9.9 22.55
    endloop
  endfacet
  facet normal 1 0 0
    outer loop
      vertex -25.75 -4.59123 25.3672
      vertex -25.75 -9.9 22.55
      vertex -25.75 -6.5 22.55
    endloop
  endfacet
  facet normal 1 -0 0
    outer loop
      vertex -25.75 4.52169 24.7056
      vertex -25.75 6.5 22.55
      vertex -25.75 4.59123 25.0328
    endloop
  endfacet
  facet normal 1 -0 0
    outer loop
      vertex -25.75 4.38564 24.4
      vertex -25.75 6.5 22.55
      vertex -25.75 4.52169 24.7056
    endloop
  endfacet
  facet normal 1 -0 0
    outer loop
      vertex -25.75 4.18903 24.1294
      vertex -25.75 6.5 22.55
      vertex -25.75 4.38564 24.4
    endloop
  endfacet
  facet normal 1 -0 0
    outer loop
      vertex -25.75 3.94046 23.9056
      vertex -25.75 6.5 22.55
      vertex -25.75 4.18903 24.1294
    endloop
  endfacet
  facet normal 1 -0 0
    outer loop
      vertex -25.75 3.65078 23.7383
      vertex -25.75 6.5 22.55
      vertex -25.75 3.94046 23.9056
    endloop
  endfacet
  facet normal 1 -0 0
    outer loop
      vertex -25.75 3.33266 23.635
      vertex -25.75 6.5 22.55
      vertex -25.75 3.65078 23.7383
    endloop
  endfacet
  facet normal 1 -0 0
    outer loop
      vertex -25.75 3 23.6
      vertex -25.75 6.5 22.55
      vertex -25.75 3.33266 23.635
    endloop
  endfacet
  facet normal 1 0 0
    outer loop
      vertex -25.75 6.5 22.55
      vertex -25.75 3 23.6
      vertex -25.75 6.5 1.2
    endloop
  endfacet
  facet normal 1 -0 0
    outer loop
      vertex -25.75 -3 23.6
      vertex -25.75 6.5 1.2
      vertex -25.75 3 23.6
    endloop
  endfacet
  facet normal 1 0 0
    outer loop
      vertex -25.75 -6.5 22.55
      vertex -25.75 -3 23.6
      vertex -25.75 -3.33266 23.635
    endloop
  endfacet
  facet normal 1 0 0
    outer loop
      vertex -25.75 -6.5 22.55
      vertex -25.75 -3.33266 23.635
      vertex -25.75 -3.65078 23.7383
    endloop
  endfacet
  facet normal 1 0 0
    outer loop
      vertex -25.75 -6.5 22.55
      vertex -25.75 -3.65078 23.7383
      vertex -25.75 -3.94046 23.9056
    endloop
  endfacet
  facet normal 1 0 0
    outer loop
      vertex -25.75 -6.5 22.55
      vertex -25.75 -3.94046 23.9056
      vertex -25.75 -4.18903 24.1294
    endloop
  endfacet
  facet normal 1 0 0
    outer loop
      vertex -25.75 -6.5 22.55
      vertex -25.75 -4.18903 24.1294
      vertex -25.75 -4.38564 24.4
    endloop
  endfacet
  facet normal 1 0 0
    outer loop
      vertex -25.75 -6.5 22.55
      vertex -25.75 -4.52169 24.7056
      vertex -25.75 -4.59123 25.0328
    endloop
  endfacet
  facet normal 1 0 0
    outer loop
      vertex -25.75 -6.5 22.55
      vertex -25.75 -4.38564 24.4
      vertex -25.75 -4.52169 24.7056
    endloop
  endfacet
  facet normal 1 0 0
    outer loop
      vertex -25.75 -3 23.6
      vertex -25.75 -6.5 22.55
      vertex -25.75 -6.5 1.2
    endloop
  endfacet
  facet normal 1 0 0
    outer loop
      vertex -25.75 -3 23.6
      vertex -25.75 -6.5 1.2
      vertex -25.75 6.5 1.2
    endloop
  endfacet
  facet normal 1 -0 0
    outer loop
      vertex -25.75 0.951056 28.091
      vertex -25.75 3 26.8
      vertex -25.75 1 28.4
    endloop
  endfacet
  facet normal 1 -0 0
    outer loop
      vertex -25.75 0.809016 27.8122
      vertex -25.75 3 26.8
      vertex -25.75 0.951056 28.091
    endloop
  endfacet
  facet normal 1 -0 0
    outer loop
      vertex -25.75 0.587785 27.591
      vertex -25.75 3 26.8
      vertex -25.75 0.809016 27.8122
    endloop
  endfacet
  facet normal 1 -0 0
    outer loop
      vertex -25.75 0.309016 27.4489
      vertex -25.75 3 26.8
      vertex -25.75 0.587785 27.591
    endloop
  endfacet
  facet normal 1 -0 0
    outer loop
      vertex -25.75 0 27.4
      vertex -25.75 3 26.8
      vertex -25.75 0.309016 27.4489
    endloop
  endfacet
  facet normal 1 0 0
    outer loop
      vertex -25.75 -3 26.8
      vertex -25.75 0 27.4
      vertex -25.75 -0.309016 27.4489
    endloop
  endfacet
  facet normal 1 0 0
    outer loop
      vertex -25.75 0 27.4
      vertex -25.75 -3 26.8
      vertex -25.75 3 26.8
    endloop
  endfacet
  facet normal 1 0 0
    outer loop
      vertex -25.75 -0.587785 27.591
      vertex -25.75 -3 26.8
      vertex -25.75 -0.309016 27.4489
    endloop
  endfacet
  facet normal 1 0 0
    outer loop
      vertex -25.75 -0.809016 27.8122
      vertex -25.75 -3 26.8
      vertex -25.75 -0.587785 27.591
    endloop
  endfacet
  facet normal 1 0 0
    outer loop
      vertex -25.75 -0.951056 28.091
      vertex -25.75 -3 26.8
      vertex -25.75 -0.809016 27.8122
    endloop
  endfacet
  facet normal 1 0 0
    outer loop
      vertex -25.75 -3 26.8
      vertex -25.75 -0.951056 28.091
      vertex -25.75 -1 28.4
    endloop
  endfacet
  facet normal -0.743215 -0.669053 0
    outer loop
      vertex 25.6354 10.2527 22.55
      vertex 25.5515 10.3459 30.2
      vertex 25.5515 10.3459 22.55
    endloop
  endfacet
  facet normal -0.743215 -0.669053 0
    outer loop
      vertex 25.5515 10.3459 30.2
      vertex 25.6354 10.2527 22.55
      vertex 25.6354 10.2527 30.2
    endloop
  endfacet
  facet normal 0.95097 -0.309284 0
    outer loop
      vertex -25.7369 10.0247 30.2
      vertex -25.6981 10.144 22.55
      vertex -25.6981 10.144 30.2
    endloop
  endfacet
  facet normal 0.95097 -0.309284 0
    outer loop
      vertex -25.6981 10.144 22.55
      vertex -25.7369 10.0247 30.2
      vertex -25.7369 10.0247 22.55
    endloop
  endfacet
  facet normal 0.866225 0.499653 0
    outer loop
      vertex -25.6354 -10.2527 30.2
      vertex -25.6981 -10.144 22.55
      vertex -25.6981 -10.144 30.2
    endloop
  endfacet
  facet normal 0.866225 0.499653 0
    outer loop
      vertex -25.6981 -10.144 22.55
      vertex -25.6354 -10.2527 30.2
      vertex -25.6354 -10.2527 22.55
    endloop
  endfacet
  facet normal 0.406582 0.913614 -0
    outer loop
      vertex -25.3354 -10.4706 22.55
      vertex -25.45 -10.4196 30.2
      vertex -25.3354 -10.4706 30.2
    endloop
  endfacet
  facet normal 0.406582 0.913614 0
    outer loop
      vertex -25.45 -10.4196 30.2
      vertex -25.3354 -10.4706 22.55
      vertex -25.45 -10.4196 22.55
    endloop
  endfacet
  facet normal -0.866225 -0.499653 0
    outer loop
      vertex 25.6981 10.144 22.55
      vertex 25.6354 10.2527 30.2
      vertex 25.6354 10.2527 22.55
    endloop
  endfacet
  facet normal -0.866225 -0.499653 0
    outer loop
      vertex 25.6354 10.2527 30.2
      vertex 25.6981 10.144 22.55
      vertex 25.6981 10.144 30.2
    endloop
  endfacet
  facet normal -1 0 0
    outer loop
      vertex 25.75 6.5 22.55
      vertex 25.75 0.951056 28.091
      vertex 25.75 1 28.4
    endloop
  endfacet
  facet normal -1 0 0
    outer loop
      vertex 25.75 0.578104 8.75157
      vertex 25.75 4.0219 8.75157
      vertex 25.75 0.705342 8.67082
    endloop
  endfacet
  facet normal -1 0 0
    outer loop
      vertex 25.75 4.0219 8.75157
      vertex 25.75 0.578104 8.75157
      vertex 25.75 4.15825 8.81573
    endloop
  endfacet
  facet normal -1 0 0
    outer loop
      vertex 25.75 6.5 22.55
      vertex 25.75 0.809016 27.8122
      vertex 25.75 0.951056 28.091
    endloop
  endfacet
  facet normal -1 0 0
    outer loop
      vertex 25.75 0.441749 8.81573
      vertex 25.75 4.15825 8.81573
      vertex 25.75 0.578104 8.75157
    endloop
  endfacet
  facet normal -1 0 0
    outer loop
      vertex 25.75 6.5 22.55
      vertex 25.75 0.587785 27.591
      vertex 25.75 0.809016 27.8122
    endloop
  endfacet
  facet normal -1 0 0
    outer loop
      vertex 25.75 0.298428 8.8623
      vertex 25.75 4.15825 8.81573
      vertex 25.75 0.441749 8.81573
    endloop
  endfacet
  facet normal -1 0 0
    outer loop
      vertex 25.75 4.15825 8.81573
      vertex 25.75 0.298428 8.8623
      vertex 25.75 6.5 22.55
    endloop
  endfacet
  facet normal -1 0 0
    outer loop
      vertex 25.75 6.5 22.55
      vertex 25.75 0.309016 27.4489
      vertex 25.75 0.587785 27.591
    endloop
  endfacet
  facet normal -1 0 0
    outer loop
      vertex 25.75 0.150399 8.89054
      vertex 25.75 6.5 22.55
      vertex 25.75 0.298428 8.8623
    endloop
  endfacet
  facet normal -1 0 0
    outer loop
      vertex 25.75 0 8.9
      vertex 25.75 6.5 22.55
      vertex 25.75 0.150399 8.89054
    endloop
  endfacet
  facet normal -1 -0 0
    outer loop
      vertex 25.75 6.5 22.55
      vertex 25.75 0 8.9
      vertex 25.75 -6.5 22.55
    endloop
  endfacet
  facet normal -1 0 -0
    outer loop
      vertex 25.75 0 27.4
      vertex 25.75 6.5 22.55
      vertex 25.75 -6.5 22.55
    endloop
  endfacet
  facet normal -1 0 0
    outer loop
      vertex 25.75 -6.5 22.55
      vertex 25.75 0 8.9
      vertex 25.75 -0.150399 8.89054
    endloop
  endfacet
  facet normal -1 0 0
    outer loop
      vertex 25.75 -6.5 22.55
      vertex 25.75 -0.150399 8.89054
      vertex 25.75 -0.298428 8.8623
    endloop
  endfacet
  facet normal -1 0 0
    outer loop
      vertex 25.75 6.5 22.55
      vertex 25.75 0 27.4
      vertex 25.75 0.309016 27.4489
    endloop
  endfacet
  facet normal -1 0 0
    outer loop
      vertex 25.75 -4.30157 8.8623
      vertex 25.75 -0.298428 8.8623
      vertex 25.75 -0.441749 8.81573
    endloop
  endfacet
  facet normal -1 0 0
    outer loop
      vertex 25.75 -4.15825 8.81573
      vertex 25.75 -0.441749 8.81573
      vertex 25.75 -0.578104 8.75157
    endloop
  endfacet
  facet normal -1 -0 0
    outer loop
      vertex 25.75 0 27.4
      vertex 25.75 -6.5 22.55
      vertex 25.75 -0.309016 27.4489
    endloop
  endfacet
  facet normal -1 0 0
    outer loop
      vertex 25.75 -4.0219 8.75157
      vertex 25.75 -0.578104 8.75157
      vertex 25.75 -0.705342 8.67082
    endloop
  endfacet
  facet normal -1 -0 0
    outer loop
      vertex 25.75 -0.309016 27.4489
      vertex 25.75 -6.5 22.55
      vertex 25.75 -0.587785 27.591
    endloop
  endfacet
  facet normal -1 0 0
    outer loop
      vertex 25.75 -3.89466 8.67082
      vertex 25.75 -0.705342 8.67082
      vertex 25.75 -0.821456 8.57476
    endloop
  endfacet
  facet normal -1 0 0
    outer loop
      vertex 25.75 -3.77854 8.57476
      vertex 25.75 -0.821456 8.57476
      vertex 25.75 -0.924616 8.46491
    endloop
  endfacet
  facet normal -1 -0 0
    outer loop
      vertex 25.75 -0.587785 27.591
      vertex 25.75 -6.5 22.55
      vertex 25.75 -0.809016 27.8122
    endloop
  endfacet
  facet normal -1 -0 0
    outer loop
      vertex 25.75 -0.809016 27.8122
      vertex 25.75 -6.5 22.55
      vertex 25.75 -0.951056 28.091
    endloop
  endfacet
  facet normal -1 0 0
    outer loop
      vertex 25.75 -3.67538 8.46491
      vertex 25.75 -0.924616 8.46491
      vertex 25.75 -1.01319 8.34299
    endloop
  endfacet
  facet normal -1 0 0
    outer loop
      vertex 25.75 5.79763 7.77535
      vertex 25.75 6.5 1.2
      vertex 25.75 5.79763 7.62465
    endloop
  endfacet
  facet normal -1 0 0
    outer loop
      vertex 25.75 6.5 1.2
      vertex 25.75 5.77874 7.47514
      vertex 25.75 5.79763 7.62465
    endloop
  endfacet
  facet normal -1 0 0
    outer loop
      vertex 25.75 6.5 1.2
      vertex 25.75 5.74127 7.32918
      vertex 25.75 5.77874 7.47514
    endloop
  endfacet
  facet normal -1 0 0
    outer loop
      vertex 25.75 6.5 1.2
      vertex 25.75 5.68579 7.18906
      vertex 25.75 5.74127 7.32918
    endloop
  endfacet
  facet normal -1 0 0
    outer loop
      vertex 25.75 6.5 1.2
      vertex 25.75 5.61319 7.05701
      vertex 25.75 5.68579 7.18906
    endloop
  endfacet
  facet normal -1 0 0
    outer loop
      vertex 25.75 6.5 1.2
      vertex 25.75 5.52462 6.93509
      vertex 25.75 5.61319 7.05701
    endloop
  endfacet
  facet normal -1 0 0
    outer loop
      vertex 25.75 6.5 1.2
      vertex 25.75 5.42146 6.82524
      vertex 25.75 5.52462 6.93509
    endloop
  endfacet
  facet normal -1 0 0
    outer loop
      vertex 25.75 6.5 1.2
      vertex 25.75 5.30534 6.72918
      vertex 25.75 5.42146 6.82524
    endloop
  endfacet
  facet normal -1 0 0
    outer loop
      vertex 25.75 6.5 1.2
      vertex 25.75 5.1781 6.64843
      vertex 25.75 5.30534 6.72918
    endloop
  endfacet
  facet normal -1 0 0
    outer loop
      vertex 25.75 6.5 1.2
      vertex 25.75 5.04175 6.58427
      vertex 25.75 5.1781 6.64843
    endloop
  endfacet
  facet normal -1 0 0
    outer loop
      vertex 25.75 6.5 1.2
      vertex 25.75 4.89843 6.5377
      vertex 25.75 5.04175 6.58427
    endloop
  endfacet
  facet normal -1 0 0
    outer loop
      vertex 25.75 6.5 1.2
      vertex 25.75 4.7504 6.50946
      vertex 25.75 4.89843 6.5377
    endloop
  endfacet
  facet normal -1 0 0
    outer loop
      vertex 25.75 6.5 1.2
      vertex 25.75 4.6 6.5
      vertex 25.75 4.7504 6.50946
    endloop
  endfacet
  facet normal -1 0 0
    outer loop
      vertex 25.75 6.5 1.2
      vertex 25.75 4.4496 6.50946
      vertex 25.75 4.6 6.5
    endloop
  endfacet
  facet normal -1 0 0
    outer loop
      vertex 25.75 6.5 1.2
      vertex 25.75 4.30157 6.5377
      vertex 25.75 4.4496 6.50946
    endloop
  endfacet
  facet normal -1 0 0
    outer loop
      vertex 25.75 6.5 1.2
      vertex 25.75 4.15825 6.58427
      vertex 25.75 4.30157 6.5377
    endloop
  endfacet
  facet normal -1 0 0
    outer loop
      vertex 25.75 0.441749 6.58427
      vertex 25.75 4.15825 6.58427
      vertex 25.75 6.5 1.2
    endloop
  endfacet
  facet normal -1 0 0
    outer loop
      vertex 25.75 4.15825 6.58427
      vertex 25.75 0.441749 6.58427
      vertex 25.75 4.0219 6.64843
    endloop
  endfacet
  facet normal -1 0 -0
    outer loop
      vertex 25.75 0.578104 6.64843
      vertex 25.75 4.0219 6.64843
      vertex 25.75 0.441749 6.58427
    endloop
  endfacet
  facet normal -1 0 -0
    outer loop
      vertex 25.75 0.705342 6.72918
      vertex 25.75 3.89466 6.72918
      vertex 25.75 0.578104 6.64843
    endloop
  endfacet
  facet normal -1 0 0
    outer loop
      vertex 25.75 3.89466 6.72918
      vertex 25.75 0.705342 6.72918
      vertex 25.75 3.77854 6.82524
    endloop
  endfacet
  facet normal -1 0 -0
    outer loop
      vertex 25.75 0.821456 6.82524
      vertex 25.75 3.77854 6.82524
      vertex 25.75 0.705342 6.72918
    endloop
  endfacet
  facet normal -1 0 0
    outer loop
      vertex 25.75 3.40237 7.62465
      vertex 25.75 1.19763 7.62465
      vertex 25.75 3.40237 7.77535
    endloop
  endfacet
  facet normal -1 0 0
    outer loop
      vertex 25.75 3.42126 7.47514
      vertex 25.75 1.19763 7.62465
      vertex 25.75 3.40237 7.62465
    endloop
  endfacet
  facet normal -1 0 0
    outer loop
      vertex 25.75 1.17874 7.47514
      vertex 25.75 3.42126 7.47514
      vertex 25.75 3.45873 7.32918
    endloop
  endfacet
  facet normal -1 0 0
    outer loop
      vertex 25.75 1.14127 7.32918
      vertex 25.75 3.45873 7.32918
      vertex 25.75 3.51421 7.18906
    endloop
  endfacet
  facet normal -1 0 0
    outer loop
      vertex 25.75 3.77854 6.82524
      vertex 25.75 0.821456 6.82524
      vertex 25.75 3.67538 6.93509
    endloop
  endfacet
  facet normal -1 0 0
    outer loop
      vertex 25.75 3.42126 7.47514
      vertex 25.75 1.17874 7.47514
      vertex 25.75 1.19763 7.62465
    endloop
  endfacet
  facet normal -1 0 0
    outer loop
      vertex 25.75 3.45873 7.32918
      vertex 25.75 1.14127 7.32918
      vertex 25.75 1.17874 7.47514
    endloop
  endfacet
  facet normal -1 0 0
    outer loop
      vertex 25.75 3.51421 7.18906
      vertex 25.75 1.08579 7.18906
      vertex 25.75 1.14127 7.32918
    endloop
  endfacet
  facet normal -1 -0 0
    outer loop
      vertex 25.75 3.51421 7.18906
      vertex 25.75 1.01319 7.05701
      vertex 25.75 1.08579 7.18906
    endloop
  endfacet
  facet normal -1 0 0
    outer loop
      vertex 25.75 3.58681 7.05701
      vertex 25.75 1.01319 7.05701
      vertex 25.75 3.51421 7.18906
    endloop
  endfacet
  facet normal -1 0 -0
    outer loop
      vertex 25.75 1.01319 7.05701
      vertex 25.75 3.58681 7.05701
      vertex 25.75 0.924616 6.93509
    endloop
  endfacet
  facet normal -1 0 0
    outer loop
      vertex 25.75 3.67538 6.93509
      vertex 25.75 0.924616 6.93509
      vertex 25.75 3.58681 7.05701
    endloop
  endfacet
  facet normal -1 0 -0
    outer loop
      vertex 25.75 0.924616 6.93509
      vertex 25.75 3.67538 6.93509
      vertex 25.75 0.821456 6.82524
    endloop
  endfacet
  facet normal -1 0 0
    outer loop
      vertex 25.75 4.0219 6.64843
      vertex 25.75 0.578104 6.64843
      vertex 25.75 3.89466 6.72918
    endloop
  endfacet
  facet normal -1 0 0
    outer loop
      vertex 25.75 6.5 1.2
      vertex 25.75 0.298428 6.5377
      vertex 25.75 0.441749 6.58427
    endloop
  endfacet
  facet normal -1 0 0
    outer loop
      vertex 25.75 6.5 1.2
      vertex 25.75 0.150399 6.50946
      vertex 25.75 0.298428 6.5377
    endloop
  endfacet
  facet normal -1 0 0
    outer loop
      vertex 25.75 6.5 1.2
      vertex 25.75 0 6.5
      vertex 25.75 0.150399 6.50946
    endloop
  endfacet
  facet normal -1 0 0
    outer loop
      vertex 25.75 -6.5 1.2
      vertex 25.75 0 6.5
      vertex 25.75 6.5 1.2
    endloop
  endfacet
  facet normal -1 -0 0
    outer loop
      vertex 25.75 0 6.5
      vertex 25.75 -6.5 1.2
      vertex 25.75 -0.150399 6.50946
    endloop
  endfacet
  facet normal -1 -0 0
    outer loop
      vertex 25.75 -0.150399 6.50946
      vertex 25.75 -6.5 1.2
      vertex 25.75 -0.298428 6.5377
    endloop
  endfacet
  facet normal -1 -0 0
    outer loop
      vertex 25.75 -0.298428 6.5377
      vertex 25.75 -6.5 1.2
      vertex 25.75 -0.441749 6.58427
    endloop
  endfacet
  facet normal -1 0 -0
    outer loop
      vertex 25.75 -4.15825 6.58427
      vertex 25.75 -0.441749 6.58427
      vertex 25.75 -6.5 1.2
    endloop
  endfacet
  facet normal -1 0 0
    outer loop
      vertex 25.75 -1.19763 7.62465
      vertex 25.75 -3.40237 7.62465
      vertex 25.75 -1.19763 7.77535
    endloop
  endfacet
  facet normal -1 0 0
    outer loop
      vertex 25.75 -1.17874 7.47514
      vertex 25.75 -3.40237 7.62465
      vertex 25.75 -1.19763 7.62465
    endloop
  endfacet
  facet normal -1 0 0
    outer loop
      vertex 25.75 -3.42126 7.47514
      vertex 25.75 -1.17874 7.47514
      vertex 25.75 -1.14127 7.32918
    endloop
  endfacet
  facet normal -1 0 0
    outer loop
      vertex 25.75 -3.45873 7.32918
      vertex 25.75 -1.14127 7.32918
      vertex 25.75 -1.08579 7.18906
    endloop
  endfacet
  facet normal -1 0 0
    outer loop
      vertex 25.75 -3.51421 7.18906
      vertex 25.75 -1.08579 7.18906
      vertex 25.75 -1.01319 7.05701
    endloop
  endfacet
  facet normal -1 0 0
    outer loop
      vertex 25.75 -3.58681 7.05701
      vertex 25.75 -1.01319 7.05701
      vertex 25.75 -0.924616 6.93509
    endloop
  endfacet
  facet normal -1 0 0
    outer loop
      vertex 25.75 -3.67538 6.93509
      vertex 25.75 -0.924616 6.93509
      vertex 25.75 -0.821456 6.82524
    endloop
  endfacet
  facet normal -1 0 0
    outer loop
      vertex 25.75 -3.77854 6.82524
      vertex 25.75 -0.821456 6.82524
      vertex 25.75 -0.705342 6.72918
    endloop
  endfacet
  facet normal -1 0 0
    outer loop
      vertex 25.75 -0.441749 6.58427
      vertex 25.75 -4.15825 6.58427
      vertex 25.75 -0.578104 6.64843
    endloop
  endfacet
  facet normal -1 0 0
    outer loop
      vertex 25.75 -1.17874 7.47514
      vertex 25.75 -3.42126 7.47514
      vertex 25.75 -3.40237 7.62465
    endloop
  endfacet
  facet normal -1 0 0
    outer loop
      vertex 25.75 -1.14127 7.32918
      vertex 25.75 -3.45873 7.32918
      vertex 25.75 -3.42126 7.47514
    endloop
  endfacet
  facet normal -1 0 0
    outer loop
      vertex 25.75 -1.08579 7.18906
      vertex 25.75 -3.51421 7.18906
      vertex 25.75 -3.45873 7.32918
    endloop
  endfacet
  facet normal -1 0 0
    outer loop
      vertex 25.75 -1.01319 7.05701
      vertex 25.75 -3.58681 7.05701
      vertex 25.75 -3.51421 7.18906
    endloop
  endfacet
  facet normal -1 0 0
    outer loop
      vertex 25.75 -0.924616 6.93509
      vertex 25.75 -3.67538 6.93509
      vertex 25.75 -3.58681 7.05701
    endloop
  endfacet
  facet normal -1 0 0
    outer loop
      vertex 25.75 -0.821456 6.82524
      vertex 25.75 -3.77854 6.82524
      vertex 25.75 -3.67538 6.93509
    endloop
  endfacet
  facet normal -1 0 0
    outer loop
      vertex 25.75 -0.705342 6.72918
      vertex 25.75 -3.89466 6.72918
      vertex 25.75 -3.77854 6.82524
    endloop
  endfacet
  facet normal -1 0 -0
    outer loop
      vertex 25.75 -4.0219 6.64843
      vertex 25.75 -0.578104 6.64843
      vertex 25.75 -4.15825 6.58427
    endloop
  endfacet
  facet normal -1 -0 0
    outer loop
      vertex 25.75 -0.705342 6.72918
      vertex 25.75 -4.0219 6.64843
      vertex 25.75 -3.89466 6.72918
    endloop
  endfacet
  facet normal -1 0 0
    outer loop
      vertex 25.75 -0.578104 6.64843
      vertex 25.75 -4.0219 6.64843
      vertex 25.75 -0.705342 6.72918
    endloop
  endfacet
  facet normal -1 0 0
    outer loop
      vertex 25.75 -4.15825 6.58427
      vertex 25.75 -6.5 1.2
      vertex 25.75 -4.30157 6.5377
    endloop
  endfacet
  facet normal -1 0 0
    outer loop
      vertex 25.75 -4.30157 6.5377
      vertex 25.75 -6.5 1.2
      vertex 25.75 -4.4496 6.50946
    endloop
  endfacet
  facet normal -1 0 0
    outer loop
      vertex 25.75 -4.4496 6.50946
      vertex 25.75 -6.5 1.2
      vertex 25.75 -4.6 6.5
    endloop
  endfacet
  facet normal -1 -0 0
    outer loop
      vertex 25.75 -4.6 6.5
      vertex 25.75 -6.5 1.2
      vertex 25.75 -4.7504 6.50946
    endloop
  endfacet
  facet normal -1 -0 0
    outer loop
      vertex 25.75 -4.7504 6.50946
      vertex 25.75 -6.5 1.2
      vertex 25.75 -4.89843 6.5377
    endloop
  endfacet
  facet normal -1 -0 0
    outer loop
      vertex 25.75 -5.79763 7.62465
      vertex 25.75 -6.5 1.2
      vertex 25.75 -5.79763 7.77535
    endloop
  endfacet
  facet normal -1 -0 0
    outer loop
      vertex 25.75 -5.77874 7.47514
      vertex 25.75 -6.5 1.2
      vertex 25.75 -5.79763 7.62465
    endloop
  endfacet
  facet normal -1 -0 0
    outer loop
      vertex 25.75 -5.74127 7.32918
      vertex 25.75 -6.5 1.2
      vertex 25.75 -5.77874 7.47514
    endloop
  endfacet
  facet normal -1 -0 0
    outer loop
      vertex 25.75 -5.68579 7.18906
      vertex 25.75 -6.5 1.2
      vertex 25.75 -5.74127 7.32918
    endloop
  endfacet
  facet normal -1 -0 0
    outer loop
      vertex 25.75 -5.61319 7.05701
      vertex 25.75 -6.5 1.2
      vertex 25.75 -5.68579 7.18906
    endloop
  endfacet
  facet normal -1 -0 0
    outer loop
      vertex 25.75 -5.52462 6.93509
      vertex 25.75 -6.5 1.2
      vertex 25.75 -5.61319 7.05701
    endloop
  endfacet
  facet normal -1 -0 0
    outer loop
      vertex 25.75 -5.42146 6.82524
      vertex 25.75 -6.5 1.2
      vertex 25.75 -5.52462 6.93509
    endloop
  endfacet
  facet normal -1 -0 0
    outer loop
      vertex 25.75 -5.30534 6.72918
      vertex 25.75 -6.5 1.2
      vertex 25.75 -5.42146 6.82524
    endloop
  endfacet
  facet normal -1 -0 0
    outer loop
      vertex 25.75 -5.1781 6.64843
      vertex 25.75 -6.5 1.2
      vertex 25.75 -5.30534 6.72918
    endloop
  endfacet
  facet normal -1 -0 0
    outer loop
      vertex 25.75 -5.04175 6.58427
      vertex 25.75 -6.5 1.2
      vertex 25.75 -5.1781 6.64843
    endloop
  endfacet
  facet normal -1 -0 0
    outer loop
      vertex 25.75 -4.89843 6.5377
      vertex 25.75 -6.5 1.2
      vertex 25.75 -5.04175 6.58427
    endloop
  endfacet
  facet normal -1 0 0
    outer loop
      vertex 25.75 6.5 22.55
      vertex 25.75 9.9 30.2
      vertex 25.75 9.9 22.55
    endloop
  endfacet
  facet normal -1 0 0
    outer loop
      vertex 25.75 6.5 1.2
      vertex 25.75 5.79763 7.77535
      vertex 25.75 6.5 22.55
    endloop
  endfacet
  facet normal -1 0 0
    outer loop
      vertex 25.75 5.77874 7.92486
      vertex 25.75 6.5 22.55
      vertex 25.75 5.79763 7.77535
    endloop
  endfacet
  facet normal -1 0 0
    outer loop
      vertex 25.75 5.74127 8.07082
      vertex 25.75 6.5 22.55
      vertex 25.75 5.77874 7.92486
    endloop
  endfacet
  facet normal -1 0 0
    outer loop
      vertex 25.75 5.68579 8.21093
      vertex 25.75 6.5 22.55
      vertex 25.75 5.74127 8.07082
    endloop
  endfacet
  facet normal -1 0 0
    outer loop
      vertex 25.75 5.61319 8.34299
      vertex 25.75 6.5 22.55
      vertex 25.75 5.68579 8.21093
    endloop
  endfacet
  facet normal -1 0 0
    outer loop
      vertex 25.75 5.52462 8.46491
      vertex 25.75 6.5 22.55
      vertex 25.75 5.61319 8.34299
    endloop
  endfacet
  facet normal -1 0 0
    outer loop
      vertex 25.75 5.42146 8.57476
      vertex 25.75 6.5 22.55
      vertex 25.75 5.52462 8.46491
    endloop
  endfacet
  facet normal -1 0 0
    outer loop
      vertex 25.75 5.30534 8.67082
      vertex 25.75 6.5 22.55
      vertex 25.75 5.42146 8.57476
    endloop
  endfacet
  facet normal -1 0 0
    outer loop
      vertex 25.75 5.1781 8.75157
      vertex 25.75 6.5 22.55
      vertex 25.75 5.30534 8.67082
    endloop
  endfacet
  facet normal -1 0 0
    outer loop
      vertex 25.75 5.04175 8.81573
      vertex 25.75 6.5 22.55
      vertex 25.75 5.1781 8.75157
    endloop
  endfacet
  facet normal -1 0 0
    outer loop
      vertex 25.75 4.89843 8.8623
      vertex 25.75 6.5 22.55
      vertex 25.75 5.04175 8.81573
    endloop
  endfacet
  facet normal -1 0 0
    outer loop
      vertex 25.75 4.7504 8.89054
      vertex 25.75 6.5 22.55
      vertex 25.75 4.89843 8.8623
    endloop
  endfacet
  facet normal -1 0 0
    outer loop
      vertex 25.75 4.6 8.9
      vertex 25.75 6.5 22.55
      vertex 25.75 4.7504 8.89054
    endloop
  endfacet
  facet normal -1 0 0
    outer loop
      vertex 25.75 4.4496 8.89054
      vertex 25.75 6.5 22.55
      vertex 25.75 4.6 8.9
    endloop
  endfacet
  facet normal -1 0 0
    outer loop
      vertex 25.75 4.30157 8.8623
      vertex 25.75 6.5 22.55
      vertex 25.75 4.4496 8.89054
    endloop
  endfacet
  facet normal -1 0 0
    outer loop
      vertex 25.75 4.15825 8.81573
      vertex 25.75 6.5 22.55
      vertex 25.75 4.30157 8.8623
    endloop
  endfacet
  facet normal -1 0 0
    outer loop
      vertex 25.75 3.77854 8.57476
      vertex 25.75 0.821456 8.57476
      vertex 25.75 3.89466 8.67082
    endloop
  endfacet
  facet normal -1 0 0
    outer loop
      vertex 25.75 0.821456 8.57476
      vertex 25.75 3.77854 8.57476
      vertex 25.75 0.924616 8.46491
    endloop
  endfacet
  facet normal -1 0 0
    outer loop
      vertex 25.75 3.67538 8.46491
      vertex 25.75 0.924616 8.46491
      vertex 25.75 3.77854 8.57476
    endloop
  endfacet
  facet normal -1 0 0
    outer loop
      vertex 25.75 0.924616 8.46491
      vertex 25.75 3.67538 8.46491
      vertex 25.75 1.01319 8.34299
    endloop
  endfacet
  facet normal -1 0 0
    outer loop
      vertex 25.75 1.01319 8.34299
      vertex 25.75 3.67538 8.46491
      vertex 25.75 3.58681 8.34299
    endloop
  endfacet
  facet normal -1 0 0
    outer loop
      vertex 25.75 1.01319 8.34299
      vertex 25.75 3.58681 8.34299
      vertex 25.75 3.51421 8.21093
    endloop
  endfacet
  facet normal -1 0 0
    outer loop
      vertex 25.75 1.08579 8.21093
      vertex 25.75 3.51421 8.21093
      vertex 25.75 3.45873 8.07082
    endloop
  endfacet
  facet normal -1 0 0
    outer loop
      vertex 25.75 1.14127 8.07082
      vertex 25.75 3.45873 8.07082
      vertex 25.75 3.42126 7.92486
    endloop
  endfacet
  facet normal -1 0 0
    outer loop
      vertex 25.75 1.19763 7.77535
      vertex 25.75 3.40237 7.77535
      vertex 25.75 1.19763 7.62465
    endloop
  endfacet
  facet normal -1 0 0
    outer loop
      vertex 25.75 3.40237 7.77535
      vertex 25.75 1.19763 7.77535
      vertex 25.75 3.42126 7.92486
    endloop
  endfacet
  facet normal -1 0 0
    outer loop
      vertex 25.75 1.17874 7.92486
      vertex 25.75 3.42126 7.92486
      vertex 25.75 1.19763 7.77535
    endloop
  endfacet
  facet normal -1 0 0
    outer loop
      vertex 25.75 1.14127 8.07082
      vertex 25.75 3.42126 7.92486
      vertex 25.75 1.17874 7.92486
    endloop
  endfacet
  facet normal -1 0 0
    outer loop
      vertex 25.75 3.45873 8.07082
      vertex 25.75 1.14127 8.07082
      vertex 25.75 1.08579 8.21093
    endloop
  endfacet
  facet normal -1 0 0
    outer loop
      vertex 25.75 3.51421 8.21093
      vertex 25.75 1.08579 8.21093
      vertex 25.75 1.01319 8.34299
    endloop
  endfacet
  facet normal -1 0 0
    outer loop
      vertex 25.75 0.705342 8.67082
      vertex 25.75 3.89466 8.67082
      vertex 25.75 0.821456 8.57476
    endloop
  endfacet
  facet normal -1 0 0
    outer loop
      vertex 25.75 3.89466 8.67082
      vertex 25.75 0.705342 8.67082
      vertex 25.75 4.0219 8.75157
    endloop
  endfacet
  facet normal -1 0 0
    outer loop
      vertex 25.75 1 28.4
      vertex 25.75 9.9 30.2
      vertex 25.75 6.5 22.55
    endloop
  endfacet
  facet normal -1 0 0
    outer loop
      vertex 25.75 0.951056 28.709
      vertex 25.75 9.9 30.2
      vertex 25.75 1 28.4
    endloop
  endfacet
  facet normal -1 0 0
    outer loop
      vertex 25.75 0.809016 28.9878
      vertex 25.75 9.9 30.2
      vertex 25.75 0.951056 28.709
    endloop
  endfacet
  facet normal -1 0 0
    outer loop
      vertex 25.75 0.587785 29.209
      vertex 25.75 9.9 30.2
      vertex 25.75 0.809016 28.9878
    endloop
  endfacet
  facet normal -1 0 0
    outer loop
      vertex 25.75 0.309016 29.3511
      vertex 25.75 9.9 30.2
      vertex 25.75 0.587785 29.209
    endloop
  endfacet
  facet normal -1 0 0
    outer loop
      vertex 25.75 0 29.4
      vertex 25.75 9.9 30.2
      vertex 25.75 0.309016 29.3511
    endloop
  endfacet
  facet normal -1 0 0
    outer loop
      vertex 25.75 -3.58681 8.34299
      vertex 25.75 -1.01319 8.34299
      vertex 25.75 -1.08579 8.21093
    endloop
  endfacet
  facet normal -1 0 0
    outer loop
      vertex 25.75 -3.51421 8.21093
      vertex 25.75 -1.08579 8.21093
      vertex 25.75 -1.14127 8.07082
    endloop
  endfacet
  facet normal -1 0 0
    outer loop
      vertex 25.75 -3.45873 8.07082
      vertex 25.75 -1.14127 8.07082
      vertex 25.75 -1.17874 7.92486
    endloop
  endfacet
  facet normal -1 0 0
    outer loop
      vertex 25.75 -3.42126 7.92486
      vertex 25.75 -1.17874 7.92486
      vertex 25.75 -1.19763 7.77535
    endloop
  endfacet
  facet normal -1 0 0
    outer loop
      vertex 25.75 -3.40237 7.77535
      vertex 25.75 -1.19763 7.77535
      vertex 25.75 -3.40237 7.62465
    endloop
  endfacet
  facet normal -1 0 0
    outer loop
      vertex 25.75 -3.42126 7.92486
      vertex 25.75 -1.19763 7.77535
      vertex 25.75 -3.40237 7.77535
    endloop
  endfacet
  facet normal -1 0 0
    outer loop
      vertex 25.75 -1.17874 7.92486
      vertex 25.75 -3.42126 7.92486
      vertex 25.75 -3.45873 8.07082
    endloop
  endfacet
  facet normal -1 0 0
    outer loop
      vertex 25.75 -1.14127 8.07082
      vertex 25.75 -3.45873 8.07082
      vertex 25.75 -3.51421 8.21093
    endloop
  endfacet
  facet normal -1 0 0
    outer loop
      vertex 25.75 -1.08579 8.21093
      vertex 25.75 -3.51421 8.21093
      vertex 25.75 -3.58681 8.34299
    endloop
  endfacet
  facet normal -1 0 0
    outer loop
      vertex 25.75 -1.01319 8.34299
      vertex 25.75 -3.58681 8.34299
      vertex 25.75 -3.67538 8.46491
    endloop
  endfacet
  facet normal -1 0 0
    outer loop
      vertex 25.75 -0.924616 8.46491
      vertex 25.75 -3.67538 8.46491
      vertex 25.75 -3.77854 8.57476
    endloop
  endfacet
  facet normal -1 0 0
    outer loop
      vertex 25.75 -0.821456 8.57476
      vertex 25.75 -3.77854 8.57476
      vertex 25.75 -3.89466 8.67082
    endloop
  endfacet
  facet normal -1 0 0
    outer loop
      vertex 25.75 -0.705342 8.67082
      vertex 25.75 -3.89466 8.67082
      vertex 25.75 -4.0219 8.75157
    endloop
  endfacet
  facet normal -1 0 0
    outer loop
      vertex 25.75 -0.578104 8.75157
      vertex 25.75 -4.0219 8.75157
      vertex 25.75 -4.15825 8.81573
    endloop
  endfacet
  facet normal -1 0 0
    outer loop
      vertex 25.75 -0.441749 8.81573
      vertex 25.75 -4.15825 8.81573
      vertex 25.75 -4.30157 8.8623
    endloop
  endfacet
  facet normal -1 -0 0
    outer loop
      vertex 25.75 -0.951056 28.091
      vertex 25.75 -6.5 22.55
      vertex 25.75 -1 28.4
    endloop
  endfacet
  facet normal -1 0 0
    outer loop
      vertex 25.75 -0.298428 8.8623
      vertex 25.75 -4.30157 8.8623
      vertex 25.75 -6.5 22.55
    endloop
  endfacet
  facet normal -1 0 0
    outer loop
      vertex 25.75 -6.5 22.55
      vertex 25.75 -4.30157 8.8623
      vertex 25.75 -4.4496 8.89054
    endloop
  endfacet
  facet normal -1 0 0
    outer loop
      vertex 25.75 -6.5 22.55
      vertex 25.75 -4.4496 8.89054
      vertex 25.75 -4.6 8.9
    endloop
  endfacet
  facet normal -1 0 0
    outer loop
      vertex 25.75 -6.5 22.55
      vertex 25.75 -4.6 8.9
      vertex 25.75 -4.7504 8.89054
    endloop
  endfacet
  facet normal -1 0 0
    outer loop
      vertex 25.75 -6.5 22.55
      vertex 25.75 -4.7504 8.89054
      vertex 25.75 -4.89843 8.8623
    endloop
  endfacet
  facet normal -1 0 0
    outer loop
      vertex 25.75 -6.5 22.55
      vertex 25.75 -4.89843 8.8623
      vertex 25.75 -5.04175 8.81573
    endloop
  endfacet
  facet normal -1 0 0
    outer loop
      vertex 25.75 -6.5 22.55
      vertex 25.75 -5.04175 8.81573
      vertex 25.75 -5.1781 8.75157
    endloop
  endfacet
  facet normal -1 0 0
    outer loop
      vertex 25.75 -6.5 22.55
      vertex 25.75 -5.1781 8.75157
      vertex 25.75 -5.30534 8.67082
    endloop
  endfacet
  facet normal -1 0 0
    outer loop
      vertex 25.75 -6.5 22.55
      vertex 25.75 -5.30534 8.67082
      vertex 25.75 -5.42146 8.57476
    endloop
  endfacet
  facet normal -1 0 0
    outer loop
      vertex 25.75 -6.5 22.55
      vertex 25.75 -5.42146 8.57476
      vertex 25.75 -5.52462 8.46491
    endloop
  endfacet
  facet normal -1 0 0
    outer loop
      vertex 25.75 -6.5 22.55
      vertex 25.75 -5.52462 8.46491
      vertex 25.75 -5.61319 8.34299
    endloop
  endfacet
  facet normal -1 0 0
    outer loop
      vertex 25.75 -6.5 22.55
      vertex 25.75 -5.61319 8.34299
      vertex 25.75 -5.68579 8.21093
    endloop
  endfacet
  facet normal -1 0 0
    outer loop
      vertex 25.75 -6.5 22.55
      vertex 25.75 -5.68579 8.21093
      vertex 25.75 -5.74127 8.07082
    endloop
  endfacet
  facet normal -1 0 0
    outer loop
      vertex 25.75 -6.5 22.55
      vertex 25.75 -5.74127 8.07082
      vertex 25.75 -5.77874 7.92486
    endloop
  endfacet
  facet normal -1 0 0
    outer loop
      vertex 25.75 -6.5 22.55
      vertex 25.75 -5.79763 7.77535
      vertex 25.75 -6.5 1.2
    endloop
  endfacet
  facet normal -1 0 0
    outer loop
      vertex 25.75 -6.5 22.55
      vertex 25.75 -5.77874 7.92486
      vertex 25.75 -5.79763 7.77535
    endloop
  endfacet
  facet normal -1 0 0
    outer loop
      vertex 25.75 -9.9 30.2
      vertex 25.75 -1 28.4
      vertex 25.75 -6.5 22.55
    endloop
  endfacet
  facet normal -1 0 0
    outer loop
      vertex 25.75 -1 28.4
      vertex 25.75 -9.9 30.2
      vertex 25.75 -0.951056 28.709
    endloop
  endfacet
  facet normal -1 0 0
    outer loop
      vertex 25.75 -9.9 30.2
      vertex 25.75 -6.5 22.55
      vertex 25.75 -9.9 22.55
    endloop
  endfacet
  facet normal -1 0 0
    outer loop
      vertex 25.75 -0.951056 28.709
      vertex 25.75 -9.9 30.2
      vertex 25.75 -0.809016 28.9878
    endloop
  endfacet
  facet normal -1 0 0
    outer loop
      vertex 25.75 0 29.4
      vertex 25.75 -9.9 30.2
      vertex 25.75 9.9 30.2
    endloop
  endfacet
  facet normal -1 0 0
    outer loop
      vertex 25.75 -0.309016 29.3511
      vertex 25.75 -9.9 30.2
      vertex 25.75 0 29.4
    endloop
  endfacet
  facet normal -1 0 0
    outer loop
      vertex 25.75 -0.587785 29.209
      vertex 25.75 -9.9 30.2
      vertex 25.75 -0.309016 29.3511
    endloop
  endfacet
  facet normal -1 0 0
    outer loop
      vertex 25.75 -0.809016 28.9878
      vertex 25.75 -9.9 30.2
      vertex 25.75 -0.587785 29.209
    endloop
  endfacet
  facet normal -0.95097 0.309284 0
    outer loop
      vertex 25.6981 -10.144 22.55
      vertex 25.7369 -10.0247 30.2
      vertex 25.7369 -10.0247 22.55
    endloop
  endfacet
  facet normal -0.95097 0.309284 0
    outer loop
      vertex 25.7369 -10.0247 30.2
      vertex 25.6981 -10.144 22.55
      vertex 25.6981 -10.144 30.2
    endloop
  endfacet
  facet normal 0 -1 0
    outer loop
      vertex -21.7533 10.4967 1.2
      vertex 21.7533 10.4967 22.55
      vertex -21.7533 10.4967 22.55
    endloop
  endfacet
  facet normal 0 -1 -0
    outer loop
      vertex 21.7533 10.4967 22.55
      vertex -21.7533 10.4967 1.2
      vertex 21.7533 10.4967 1.2
    endloop
  endfacet
  facet normal 0 -1 0
    outer loop
      vertex -21.7533 10.4967 22.55
      vertex -25.2127 10.4967 30.2
      vertex -25.2127 10.4967 22.55
    endloop
  endfacet
  facet normal 0 -1 0
    outer loop
      vertex -25.2127 10.4967 30.2
      vertex -21.7533 10.4967 22.55
      vertex 25.2127 10.4967 30.2
    endloop
  endfacet
  facet normal 0 -1 0
    outer loop
      vertex 21.7533 10.4967 22.55
      vertex 25.2127 10.4967 30.2
      vertex -21.7533 10.4967 22.55
    endloop
  endfacet
  facet normal 0 -1 -0
    outer loop
      vertex 25.2127 10.4967 30.2
      vertex 21.7533 10.4967 22.55
      vertex 25.2127 10.4967 22.55
    endloop
  endfacet
  facet normal 0 1 -0
    outer loop
      vertex 21.7533 -10.4967 1.2
      vertex -21.7533 -10.4967 22.55
      vertex 21.7533 -10.4967 22.55
    endloop
  endfacet
  facet normal 0 1 0
    outer loop
      vertex -21.7533 -10.4967 22.55
      vertex 21.7533 -10.4967 1.2
      vertex -21.7533 -10.4967 1.2
    endloop
  endfacet
  facet normal 0 1 0
    outer loop
      vertex 21.7533 -10.4967 22.55
      vertex 25.2127 -10.4967 30.2
      vertex 25.2127 -10.4967 22.55
    endloop
  endfacet
  facet normal 0 1 0
    outer loop
      vertex 25.2127 -10.4967 30.2
      vertex 21.7533 -10.4967 22.55
      vertex -25.2127 -10.4967 30.2
    endloop
  endfacet
  facet normal 0 1 -0
    outer loop
      vertex -21.7533 -10.4967 22.55
      vertex -25.2127 -10.4967 30.2
      vertex 21.7533 -10.4967 22.55
    endloop
  endfacet
  facet normal 0 1 0
    outer loop
      vertex -25.2127 -10.4967 30.2
      vertex -21.7533 -10.4967 22.55
      vertex -25.2127 -10.4967 22.55
    endloop
  endfacet
  facet normal -0.743215 0.669053 0
    outer loop
      vertex 25.5515 -10.3459 22.55
      vertex 25.6354 -10.2527 30.2
      vertex 25.6354 -10.2527 22.55
    endloop
  endfacet
  facet normal -0.743215 0.669053 0
    outer loop
      vertex 25.6354 -10.2527 30.2
      vertex 25.5515 -10.3459 22.55
      vertex 25.5515 -10.3459 30.2
    endloop
  endfacet
  facet normal -0.406582 0.913614 0
    outer loop
      vertex 25.45 -10.4196 22.55
      vertex 25.3354 -10.4706 30.2
      vertex 25.45 -10.4196 30.2
    endloop
  endfacet
  facet normal -0.406582 0.913614 0
    outer loop
      vertex 25.3354 -10.4706 30.2
      vertex 25.45 -10.4196 22.55
      vertex 25.3354 -10.4706 22.55
    endloop
  endfacet
  facet normal 0.406582 -0.913614 0
    outer loop
      vertex -25.45 10.4196 22.55
      vertex -25.3354 10.4706 30.2
      vertex -25.45 10.4196 30.2
    endloop
  endfacet
  facet normal 0.406582 -0.913614 0
    outer loop
      vertex -25.3354 10.4706 30.2
      vertex -25.45 10.4196 22.55
      vertex -25.3354 10.4706 22.55
    endloop
  endfacet
  facet normal 0.866225 -0.499653 0
    outer loop
      vertex -25.6981 10.144 30.2
      vertex -25.6354 10.2527 22.55
      vertex -25.6354 10.2527 30.2
    endloop
  endfacet
  facet normal 0.866225 -0.499653 0
    outer loop
      vertex -25.6354 10.2527 22.55
      vertex -25.6981 10.144 30.2
      vertex -25.6981 10.144 22.55
    endloop
  endfacet
  facet normal 0.587555 -0.809184 0
    outer loop
      vertex -25.5515 10.3459 22.55
      vertex -25.45 10.4196 30.2
      vertex -25.5515 10.3459 30.2
    endloop
  endfacet
  facet normal 0.587555 -0.809184 0
    outer loop
      vertex -25.45 10.4196 30.2
      vertex -25.5515 10.3459 22.55
      vertex -25.45 10.4196 22.55
    endloop
  endfacet
  facet normal 0.587555 0.809184 -0
    outer loop
      vertex -25.45 -10.4196 22.55
      vertex -25.5515 -10.3459 30.2
      vertex -25.45 -10.4196 30.2
    endloop
  endfacet
  facet normal 0.587555 0.809184 0
    outer loop
      vertex -25.5515 -10.3459 30.2
      vertex -25.45 -10.4196 22.55
      vertex -25.5515 -10.3459 22.55
    endloop
  endfacet
  facet normal -0.208059 -0.978116 0
    outer loop
      vertex 25.2127 10.4967 22.55
      vertex 25.3354 10.4706 30.2
      vertex 25.2127 10.4967 30.2
    endloop
  endfacet
  facet normal -0.208059 -0.978116 -0
    outer loop
      vertex 25.3354 10.4706 30.2
      vertex 25.2127 10.4967 22.55
      vertex 25.3354 10.4706 22.55
    endloop
  endfacet
  facet normal 0.743215 0.669053 0
    outer loop
      vertex -25.5515 -10.3459 30.2
      vertex -25.6354 -10.2527 22.55
      vertex -25.6354 -10.2527 30.2
    endloop
  endfacet
  facet normal 0.743215 0.669053 0
    outer loop
      vertex -25.6354 -10.2527 22.55
      vertex -25.5515 -10.3459 30.2
      vertex -25.5515 -10.3459 22.55
    endloop
  endfacet
  facet normal 0.994527 -0.104477 0
    outer loop
      vertex -25.75 9.9 30.2
      vertex -25.7369 10.0247 22.55
      vertex -25.7369 10.0247 30.2
    endloop
  endfacet
  facet normal 0.994527 -0.104477 0
    outer loop
      vertex -25.7369 10.0247 22.55
      vertex -25.75 9.9 30.2
      vertex -25.75 9.9 22.55
    endloop
  endfacet
  facet normal 0.208059 -0.978116 0
    outer loop
      vertex -25.3354 10.4706 22.55
      vertex -25.2127 10.4967 30.2
      vertex -25.3354 10.4706 30.2
    endloop
  endfacet
  facet normal 0.208059 -0.978116 0
    outer loop
      vertex -25.2127 10.4967 30.2
      vertex -25.3354 10.4706 22.55
      vertex -25.2127 10.4967 22.55
    endloop
  endfacet
  facet normal -0.994527 -0.104477 0
    outer loop
      vertex 25.75 9.9 22.55
      vertex 25.7369 10.0247 30.2
      vertex 25.7369 10.0247 22.55
    endloop
  endfacet
  facet normal -0.994527 -0.104477 0
    outer loop
      vertex 25.7369 10.0247 30.2
      vertex 25.75 9.9 22.55
      vertex 25.75 9.9 30.2
    endloop
  endfacet
  facet normal -0.95097 -0.309284 0
    outer loop
      vertex 25.7369 10.0247 22.55
      vertex 25.6981 10.144 30.2
      vertex 25.6981 10.144 22.55
    endloop
  endfacet
  facet normal -0.95097 -0.309284 0
    outer loop
      vertex 25.6981 10.144 30.2
      vertex 25.7369 10.0247 22.55
      vertex 25.7369 10.0247 30.2
    endloop
  endfacet
  facet normal -0.994527 0.104477 0
    outer loop
      vertex 25.7369 -10.0247 22.55
      vertex 25.75 -9.9 30.2
      vertex 25.75 -9.9 22.55
    endloop
  endfacet
  facet normal -0.994527 0.104477 0
    outer loop
      vertex 25.75 -9.9 30.2
      vertex 25.7369 -10.0247 22.55
      vertex 25.7369 -10.0247 30.2
    endloop
  endfacet
  facet normal 0.208059 0.978116 -0
    outer loop
      vertex -25.2127 -10.4967 22.55
      vertex -25.3354 -10.4706 30.2
      vertex -25.2127 -10.4967 30.2
    endloop
  endfacet
  facet normal 0.208059 0.978116 0
    outer loop
      vertex -25.3354 -10.4706 30.2
      vertex -25.2127 -10.4967 22.55
      vertex -25.3354 -10.4706 22.55
    endloop
  endfacet
  facet normal -0.587555 0.809184 0
    outer loop
      vertex 25.5515 -10.3459 22.55
      vertex 25.45 -10.4196 30.2
      vertex 25.5515 -10.3459 30.2
    endloop
  endfacet
  facet normal -0.587555 0.809184 0
    outer loop
      vertex 25.45 -10.4196 30.2
      vertex 25.5515 -10.3459 22.55
      vertex 25.45 -10.4196 22.55
    endloop
  endfacet
  facet normal -0.406582 -0.913614 0
    outer loop
      vertex 25.3354 10.4706 22.55
      vertex 25.45 10.4196 30.2
      vertex 25.3354 10.4706 30.2
    endloop
  endfacet
  facet normal -0.406582 -0.913614 -0
    outer loop
      vertex 25.45 10.4196 30.2
      vertex 25.3354 10.4706 22.55
      vertex 25.45 10.4196 22.55
    endloop
  endfacet
  facet normal 0.743215 -0.669053 0
    outer loop
      vertex -25.6354 10.2527 30.2
      vertex -25.5515 10.3459 22.55
      vertex -25.5515 10.3459 30.2
    endloop
  endfacet
  facet normal 0.743215 -0.669053 0
    outer loop
      vertex -25.5515 10.3459 22.55
      vertex -25.6354 10.2527 30.2
      vertex -25.6354 10.2527 22.55
    endloop
  endfacet
  facet normal 0.994527 0.104477 0
    outer loop
      vertex -25.7369 -10.0247 30.2
      vertex -25.75 -9.9 22.55
      vertex -25.75 -9.9 30.2
    endloop
  endfacet
  facet normal 0.994527 0.104477 0
    outer loop
      vertex -25.75 -9.9 22.55
      vertex -25.7369 -10.0247 30.2
      vertex -25.7369 -10.0247 22.55
    endloop
  endfacet
  facet normal -0 0 1
    outer loop
      vertex -25.75 6.5 1.2
      vertex -23.2 -9.05 1.2
      vertex -23.2 9.05 1.2
    endloop
  endfacet
  facet normal 0 0 1
    outer loop
      vertex -23.2 -9.05 1.2
      vertex -25.75 6.5 1.2
      vertex -25.75 -6.5 1.2
    endloop
  endfacet
  facet normal 0 0 1
    outer loop
      vertex 23.2 9.05 1.2
      vertex 25.75 -6.5 1.2
      vertex 25.75 6.5 1.2
    endloop
  endfacet
  facet normal 0 0 1
    outer loop
      vertex 25.75 -6.5 1.2
      vertex 23.2 9.05 1.2
      vertex 23.2 -9.05 1.2
    endloop
  endfacet
  facet normal -0 0 1
    outer loop
      vertex -21.5 6.5 1.2
      vertex -19.5 -6.5 1.2
      vertex -19.5 6.5 1.2
    endloop
  endfacet
  facet normal 0 0 1
    outer loop
      vertex -19.5 -6.5 1.2
      vertex -21.5 6.5 1.2
      vertex -21.5 -6.5 1.2
    endloop
  endfacet
  facet normal -0 0 1
    outer loop
      vertex 19.5 6.5 1.2
      vertex 21.5 -6.5 1.2
      vertex 21.5 6.5 1.2
    endloop
  endfacet
  facet normal 0 0 1
    outer loop
      vertex 21.5 -6.5 1.2
      vertex 19.5 6.5 1.2
      vertex 19.5 -6.5 1.2
    endloop
  endfacet
  facet normal 0 0 1
    outer loop
      vertex 21.5 6.5 1.2
      vertex 21.7 8.7 1.2
      vertex 21.5 8.5 1.2
    endloop
  endfacet
  facet normal 0 0 1
    outer loop
      vertex 21.7 8.7 1.2
      vertex 19.5 8.5 1.2
      vertex 21.5 8.5 1.2
    endloop
  endfacet
  facet normal 0 0 1
    outer loop
      vertex -19.5 6.5 1.2
      vertex 19.5 6.5 1.2
      vertex 19.5 8.5 1.2
    endloop
  endfacet
  facet normal 0 0 1
    outer loop
      vertex 19.5 6.5 1.2
      vertex -19.5 6.5 1.2
      vertex 19.5 -6.5 1.2
    endloop
  endfacet
  facet normal 0 0 1
    outer loop
      vertex -19.5 6.5 1.2
      vertex 19.5 8.5 1.2
      vertex -19.5 8.5 1.2
    endloop
  endfacet
  facet normal 0 0 1
    outer loop
      vertex 21.7 8.7 1.2
      vertex -19.5 8.5 1.2
      vertex 19.5 8.5 1.2
    endloop
  endfacet
  facet normal -0 0 1
    outer loop
      vertex -21.7 8.7 1.2
      vertex -19.5 8.5 1.2
      vertex 21.7 8.7 1.2
    endloop
  endfacet
  facet normal 0 0 1
    outer loop
      vertex -21.7 8.7 1.2
      vertex -21.5 6.5 1.2
      vertex -21.5 8.5 1.2
    endloop
  endfacet
  facet normal 0 0 1
    outer loop
      vertex -21.5 6.5 1.2
      vertex -21.7 8.7 1.2
      vertex -21.5 -6.5 1.2
    endloop
  endfacet
  facet normal 0 0 1
    outer loop
      vertex -21.7 -8.7 1.2
      vertex -21.5 -6.5 1.2
      vertex -21.7 8.7 1.2
    endloop
  endfacet
  facet normal 0 0 1
    outer loop
      vertex -19.5 8.5 1.2
      vertex -21.7 8.7 1.2
      vertex -21.5 8.5 1.2
    endloop
  endfacet
  facet normal 0 0 1
    outer loop
      vertex 21.7 8.7 1.2
      vertex 21.5 6.5 1.2
      vertex 21.7 -8.7 1.2
    endloop
  endfacet
  facet normal -0 0 1
    outer loop
      vertex 21.5 -6.5 1.2
      vertex 21.7 -8.7 1.2
      vertex 21.5 6.5 1.2
    endloop
  endfacet
  facet normal -0 0 1
    outer loop
      vertex 21.5 -8.5 1.2
      vertex 21.7 -8.7 1.2
      vertex 21.5 -6.5 1.2
    endloop
  endfacet
  facet normal -0 0 1
    outer loop
      vertex 19.5 -8.5 1.2
      vertex 21.7 -8.7 1.2
      vertex 21.5 -8.5 1.2
    endloop
  endfacet
  facet normal 0 0 1
    outer loop
      vertex -19.5 -6.5 1.2
      vertex 19.5 -6.5 1.2
      vertex -19.5 6.5 1.2
    endloop
  endfacet
  facet normal 0 0 1
    outer loop
      vertex 19.5 -6.5 1.2
      vertex -19.5 -6.5 1.2
      vertex 19.5 -8.5 1.2
    endloop
  endfacet
  facet normal 0 0 1
    outer loop
      vertex -19.5 -8.5 1.2
      vertex 19.5 -8.5 1.2
      vertex -19.5 -6.5 1.2
    endloop
  endfacet
  facet normal 0 0 1
    outer loop
      vertex 19.5 -8.5 1.2
      vertex -19.5 -8.5 1.2
      vertex 21.7 -8.7 1.2
    endloop
  endfacet
  facet normal 0 0 1
    outer loop
      vertex -21.7 -8.7 1.2
      vertex -19.5 -8.5 1.2
      vertex -21.5 -8.5 1.2
    endloop
  endfacet
  facet normal 0 0 1
    outer loop
      vertex -19.5 -8.5 1.2
      vertex -21.7 -8.7 1.2
      vertex 21.7 -8.7 1.2
    endloop
  endfacet
  facet normal 0 0 1
    outer loop
      vertex -21.5 -6.5 1.2
      vertex -21.7 -8.7 1.2
      vertex -21.5 -8.5 1.2
    endloop
  endfacet
  facet normal -0 0 1
    outer loop
      vertex -21.7533 10.4967 1.2
      vertex 22.05 10.2 1.2
      vertex 21.7533 10.4967 1.2
    endloop
  endfacet
  facet normal 0 0 1
    outer loop
      vertex 22.05 10.2 1.2
      vertex -21.7533 10.4967 1.2
      vertex -22.05 10.2 1.2
    endloop
  endfacet
  facet normal 0 0 1
    outer loop
      vertex 22.05 -10.2 1.2
      vertex -21.7533 -10.4967 1.2
      vertex 21.7533 -10.4967 1.2
    endloop
  endfacet
  facet normal 0 -0 1
    outer loop
      vertex -21.7533 -10.4967 1.2
      vertex 22.05 -10.2 1.2
      vertex -22.05 -10.2 1.2
    endloop
  endfacet
  facet normal 0.95097 0.309284 0
    outer loop
      vertex -25.6981 -10.144 30.2
      vertex -25.7369 -10.0247 22.55
      vertex -25.7369 -10.0247 30.2
    endloop
  endfacet
  facet normal 0.95097 0.309284 0
    outer loop
      vertex -25.7369 -10.0247 22.55
      vertex -25.6981 -10.144 30.2
      vertex -25.6981 -10.144 22.55
    endloop
  endfacet
  facet normal -0.866225 0.499653 0
    outer loop
      vertex 25.6354 -10.2527 22.55
      vertex 25.6981 -10.144 30.2
      vertex 25.6981 -10.144 22.55
    endloop
  endfacet
  facet normal -0.866225 0.499653 0
    outer loop
      vertex 25.6981 -10.144 30.2
      vertex 25.6354 -10.2527 22.55
      vertex 25.6354 -10.2527 30.2
    endloop
  endfacet
  facet normal -0.208059 0.978116 0
    outer loop
      vertex 25.3354 -10.4706 22.55
      vertex 25.2127 -10.4967 30.2
      vertex 25.3354 -10.4706 30.2
    endloop
  endfacet
  facet normal -0.208059 0.978116 0
    outer loop
      vertex 25.2127 -10.4967 30.2
      vertex 25.3354 -10.4706 22.55
      vertex 25.2127 -10.4967 22.55
    endloop
  endfacet
  facet normal -0.587555 -0.809184 0
    outer loop
      vertex 25.45 10.4196 22.55
      vertex 25.5515 10.3459 30.2
      vertex 25.45 10.4196 30.2
    endloop
  endfacet
  facet normal -0.587555 -0.809184 -0
    outer loop
      vertex 25.5515 10.3459 30.2
      vertex 25.45 10.4196 22.55
      vertex 25.5515 10.3459 22.55
    endloop
  endfacet
  facet normal 0 0.978153 -0.207887
    outer loop
      vertex -25.75 -4.59123 25.3672
      vertex -26.95 -4.52169 25.6944
      vertex -25.75 -4.52169 25.6944
    endloop
  endfacet
  facet normal 0 0.978153 -0.207887
    outer loop
      vertex -26.95 -4.52169 25.6944
      vertex -25.75 -4.59123 25.3672
      vertex -26.95 -4.59123 25.3672
    endloop
  endfacet
  facet normal 0 -0.669108 -0.743165
    outer loop
      vertex -26.95 3.94046 26.4944
      vertex -25.75 4.18903 26.2706
      vertex -25.75 3.94046 26.4944
    endloop
  endfacet
  facet normal -0 -0.669108 -0.743165
    outer loop
      vertex -25.75 4.18903 26.2706
      vertex -26.95 3.94046 26.4944
      vertex -26.95 4.18903 26.2706
    endloop
  endfacet
  facet normal -0 0 1
    outer loop
      vertex -26.95 3 23.6
      vertex -25.75 -3 23.6
      vertex -25.75 3 23.6
    endloop
  endfacet
  facet normal 0 0 1
    outer loop
      vertex -25.75 -3 23.6
      vertex -26.95 3 23.6
      vertex -26.95 -3 23.6
    endloop
  endfacet
  facet normal 0 0 -1
    outer loop
      vertex -26.95 -3 26.8
      vertex -25.75 3 26.8
      vertex -25.75 -3 26.8
    endloop
  endfacet
  facet normal -0 0 -1
    outer loop
      vertex -25.75 3 26.8
      vertex -26.95 -3 26.8
      vertex -26.95 3 26.8
    endloop
  endfacet
  facet normal 0 0.500119 -0.865957
    outer loop
      vertex -26.95 -3.94046 26.4944
      vertex -25.75 -3.65078 26.6617
      vertex -25.75 -3.94046 26.4944
    endloop
  endfacet
  facet normal 0 0.500119 -0.865957
    outer loop
      vertex -25.75 -3.65078 26.6617
      vertex -26.95 -3.94046 26.4944
      vertex -26.95 -3.65078 26.6617
    endloop
  endfacet
  facet normal 0 -0.500119 0.865957
    outer loop
      vertex -26.95 3.94046 23.9056
      vertex -25.75 3.65078 23.7383
      vertex -25.75 3.94046 23.9056
    endloop
  endfacet
  facet normal 0 -0.500119 0.865957
    outer loop
      vertex -25.75 3.65078 23.7383
      vertex -26.95 3.94046 23.9056
      vertex -26.95 3.65078 23.7383
    endloop
  endfacet
  facet normal 0 -0.104635 0.994511
    outer loop
      vertex -26.95 3.33266 23.635
      vertex -25.75 3 23.6
      vertex -25.75 3.33266 23.635
    endloop
  endfacet
  facet normal 0 -0.104635 0.994511
    outer loop
      vertex -25.75 3 23.6
      vertex -26.95 3.33266 23.635
      vertex -26.95 3 23.6
    endloop
  endfacet
  facet normal -0 0.308845 0.951112
    outer loop
      vertex -26.95 -3.33266 23.635
      vertex -25.75 -3.65078 23.7383
      vertex -25.75 -3.33266 23.635
    endloop
  endfacet
  facet normal 0 0.308845 0.951112
    outer loop
      vertex -25.75 -3.65078 23.7383
      vertex -26.95 -3.33266 23.635
      vertex -26.95 -3.65078 23.7383
    endloop
  endfacet
  facet normal 0 -0.308845 0.951112
    outer loop
      vertex -26.95 3.65078 23.7383
      vertex -25.75 3.33266 23.635
      vertex -25.75 3.65078 23.7383
    endloop
  endfacet
  facet normal 0 -0.308845 0.951112
    outer loop
      vertex -25.75 3.33266 23.635
      vertex -26.95 3.65078 23.7383
      vertex -26.95 3.33266 23.635
    endloop
  endfacet
  facet normal 0 1 -0
    outer loop
      vertex -25.75 -4.59123 25.0328
      vertex -26.95 -4.59123 25.3672
      vertex -25.75 -4.59123 25.3672
    endloop
  endfacet
  facet normal 0 1 0
    outer loop
      vertex -26.95 -4.59123 25.3672
      vertex -25.75 -4.59123 25.0328
      vertex -26.95 -4.59123 25.0328
    endloop
  endfacet
  facet normal 0 -1 0
    outer loop
      vertex -26.95 4.59123 25.0328
      vertex -25.75 4.59123 25.3672
      vertex -26.95 4.59123 25.3672
    endloop
  endfacet
  facet normal 0 -1 -0
    outer loop
      vertex -25.75 4.59123 25.3672
      vertex -26.95 4.59123 25.0328
      vertex -25.75 4.59123 25.0328
    endloop
  endfacet
  facet normal 0 -0.913559 -0.406707
    outer loop
      vertex -26.95 4.52169 25.6944
      vertex -25.75 4.38564 26
      vertex -26.95 4.38564 26
    endloop
  endfacet
  facet normal 0 -0.913559 -0.406707
    outer loop
      vertex -25.75 4.38564 26
      vertex -26.95 4.52169 25.6944
      vertex -25.75 4.52169 25.6944
    endloop
  endfacet
  facet normal -0 0.104635 0.994511
    outer loop
      vertex -26.95 -3 23.6
      vertex -25.75 -3.33266 23.635
      vertex -25.75 -3 23.6
    endloop
  endfacet
  facet normal 0 0.104635 0.994511
    outer loop
      vertex -25.75 -3.33266 23.635
      vertex -26.95 -3 23.6
      vertex -26.95 -3.33266 23.635
    endloop
  endfacet
  facet normal 0 0.913559 0.406707
    outer loop
      vertex -25.75 -4.38564 24.4
      vertex -26.95 -4.52169 24.7056
      vertex -25.75 -4.52169 24.7056
    endloop
  endfacet
  facet normal 0 0.913559 0.406707
    outer loop
      vertex -26.95 -4.52169 24.7056
      vertex -25.75 -4.38564 24.4
      vertex -26.95 -4.38564 24.4
    endloop
  endfacet
  facet normal 0 -0.669108 0.743165
    outer loop
      vertex -26.95 4.18903 24.1294
      vertex -25.75 3.94046 23.9056
      vertex -25.75 4.18903 24.1294
    endloop
  endfacet
  facet normal 0 -0.669108 0.743165
    outer loop
      vertex -25.75 3.94046 23.9056
      vertex -26.95 4.18903 24.1294
      vertex -26.95 3.94046 23.9056
    endloop
  endfacet
  facet normal 0 0.104635 -0.994511
    outer loop
      vertex -26.95 -3.33266 26.765
      vertex -25.75 -3 26.8
      vertex -25.75 -3.33266 26.765
    endloop
  endfacet
  facet normal 0 0.104635 -0.994511
    outer loop
      vertex -25.75 -3 26.8
      vertex -26.95 -3.33266 26.765
      vertex -26.95 -3 26.8
    endloop
  endfacet
  facet normal 0 0.809006 -0.5878
    outer loop
      vertex -25.75 -4.38564 26
      vertex -26.95 -4.18903 26.2706
      vertex -25.75 -4.18903 26.2706
    endloop
  endfacet
  facet normal 0 0.809006 -0.5878
    outer loop
      vertex -26.95 -4.18903 26.2706
      vertex -25.75 -4.38564 26
      vertex -26.95 -4.38564 26
    endloop
  endfacet
  facet normal 0 -0.500119 -0.865957
    outer loop
      vertex -26.95 3.65078 26.6617
      vertex -25.75 3.94046 26.4944
      vertex -25.75 3.65078 26.6617
    endloop
  endfacet
  facet normal -0 -0.500119 -0.865957
    outer loop
      vertex -25.75 3.94046 26.4944
      vertex -26.95 3.65078 26.6617
      vertex -26.95 3.94046 26.4944
    endloop
  endfacet
  facet normal 0 0.809006 0.5878
    outer loop
      vertex -25.75 -4.18903 24.1294
      vertex -26.95 -4.38564 24.4
      vertex -25.75 -4.38564 24.4
    endloop
  endfacet
  facet normal 0 0.809006 0.5878
    outer loop
      vertex -26.95 -4.38564 24.4
      vertex -25.75 -4.18903 24.1294
      vertex -26.95 -4.18903 24.1294
    endloop
  endfacet
  facet normal 0 -0.978153 0.207887
    outer loop
      vertex -26.95 4.52169 24.7056
      vertex -25.75 4.59123 25.0328
      vertex -26.95 4.59123 25.0328
    endloop
  endfacet
  facet normal 0 -0.978153 0.207887
    outer loop
      vertex -25.75 4.59123 25.0328
      vertex -26.95 4.52169 24.7056
      vertex -25.75 4.52169 24.7056
    endloop
  endfacet
  facet normal 0 -0.978153 -0.207887
    outer loop
      vertex -26.95 4.59123 25.3672
      vertex -25.75 4.52169 25.6944
      vertex -26.95 4.52169 25.6944
    endloop
  endfacet
  facet normal 0 -0.978153 -0.207887
    outer loop
      vertex -25.75 4.52169 25.6944
      vertex -26.95 4.59123 25.3672
      vertex -25.75 4.59123 25.3672
    endloop
  endfacet
  facet normal 0 -0.308845 -0.951112
    outer loop
      vertex -26.95 3.33266 26.765
      vertex -25.75 3.65078 26.6617
      vertex -25.75 3.33266 26.765
    endloop
  endfacet
  facet normal -0 -0.308845 -0.951112
    outer loop
      vertex -25.75 3.65078 26.6617
      vertex -26.95 3.33266 26.765
      vertex -26.95 3.65078 26.6617
    endloop
  endfacet
  facet normal 0 0.308845 -0.951112
    outer loop
      vertex -26.95 -3.65078 26.6617
      vertex -25.75 -3.33266 26.765
      vertex -25.75 -3.65078 26.6617
    endloop
  endfacet
  facet normal 0 0.308845 -0.951112
    outer loop
      vertex -25.75 -3.33266 26.765
      vertex -26.95 -3.65078 26.6617
      vertex -26.95 -3.33266 26.765
    endloop
  endfacet
  facet normal 0 0.669108 -0.743165
    outer loop
      vertex -26.95 -4.18903 26.2706
      vertex -25.75 -3.94046 26.4944
      vertex -25.75 -4.18903 26.2706
    endloop
  endfacet
  facet normal 0 0.669108 -0.743165
    outer loop
      vertex -25.75 -3.94046 26.4944
      vertex -26.95 -4.18903 26.2706
      vertex -26.95 -3.94046 26.4944
    endloop
  endfacet
  facet normal 0 -0.913559 0.406707
    outer loop
      vertex -26.95 4.38564 24.4
      vertex -25.75 4.52169 24.7056
      vertex -26.95 4.52169 24.7056
    endloop
  endfacet
  facet normal 0 -0.913559 0.406707
    outer loop
      vertex -25.75 4.52169 24.7056
      vertex -26.95 4.38564 24.4
      vertex -25.75 4.38564 24.4
    endloop
  endfacet
  facet normal 0 0.913559 -0.406707
    outer loop
      vertex -25.75 -4.52169 25.6944
      vertex -26.95 -4.38564 26
      vertex -25.75 -4.38564 26
    endloop
  endfacet
  facet normal 0 0.913559 -0.406707
    outer loop
      vertex -26.95 -4.38564 26
      vertex -25.75 -4.52169 25.6944
      vertex -26.95 -4.52169 25.6944
    endloop
  endfacet
  facet normal -0 0.500119 0.865957
    outer loop
      vertex -26.95 -3.65078 23.7383
      vertex -25.75 -3.94046 23.9056
      vertex -25.75 -3.65078 23.7383
    endloop
  endfacet
  facet normal 0 0.500119 0.865957
    outer loop
      vertex -25.75 -3.94046 23.9056
      vertex -26.95 -3.65078 23.7383
      vertex -26.95 -3.94046 23.9056
    endloop
  endfacet
  facet normal 0 0.978153 0.207887
    outer loop
      vertex -25.75 -4.52169 24.7056
      vertex -26.95 -4.59123 25.0328
      vertex -25.75 -4.59123 25.0328
    endloop
  endfacet
  facet normal 0 0.978153 0.207887
    outer loop
      vertex -26.95 -4.59123 25.0328
      vertex -25.75 -4.52169 24.7056
      vertex -26.95 -4.52169 24.7056
    endloop
  endfacet
  facet normal -0 0.669108 0.743165
    outer loop
      vertex -26.95 -3.94046 23.9056
      vertex -25.75 -4.18903 24.1294
      vertex -25.75 -3.94046 23.9056
    endloop
  endfacet
  facet normal 0 0.669108 0.743165
    outer loop
      vertex -25.75 -4.18903 24.1294
      vertex -26.95 -3.94046 23.9056
      vertex -26.95 -4.18903 24.1294
    endloop
  endfacet
  facet normal 0 -0.809006 0.5878
    outer loop
      vertex -26.95 4.18903 24.1294
      vertex -25.75 4.38564 24.4
      vertex -26.95 4.38564 24.4
    endloop
  endfacet
  facet normal 0 -0.809006 0.5878
    outer loop
      vertex -25.75 4.38564 24.4
      vertex -26.95 4.18903 24.1294
      vertex -25.75 4.18903 24.1294
    endloop
  endfacet
  facet normal 0 -0.809006 -0.5878
    outer loop
      vertex -26.95 4.38564 26
      vertex -25.75 4.18903 26.2706
      vertex -26.95 4.18903 26.2706
    endloop
  endfacet
  facet normal 0 -0.809006 -0.5878
    outer loop
      vertex -25.75 4.18903 26.2706
      vertex -26.95 4.38564 26
      vertex -25.75 4.38564 26
    endloop
  endfacet
  facet normal 0 -0.104635 -0.994511
    outer loop
      vertex -26.95 3 26.8
      vertex -25.75 3.33266 26.765
      vertex -25.75 3 26.8
    endloop
  endfacet
  facet normal -0 -0.104635 -0.994511
    outer loop
      vertex -25.75 3.33266 26.765
      vertex -26.95 3 26.8
      vertex -26.95 3.33266 26.765
    endloop
  endfacet
  facet normal 0 -0.30903 0.951052
    outer loop
      vertex 25.75 0.441749 6.58427
      vertex 26.95 0.298428 6.5377
      vertex 26.95 0.441749 6.58427
    endloop
  endfacet
  facet normal 0 -0.30903 0.951052
    outer loop
      vertex 26.95 0.298428 6.5377
      vertex 25.75 0.441749 6.58427
      vertex 25.75 0.298428 6.5377
    endloop
  endfacet
  facet normal 0 -0.535838 0.844321
    outer loop
      vertex 25.75 0.705342 6.72918
      vertex 26.95 0.578104 6.64843
      vertex 26.95 0.705342 6.72918
    endloop
  endfacet
  facet normal 0 -0.535838 0.844321
    outer loop
      vertex 26.95 0.578104 6.64843
      vertex 25.75 0.705342 6.72918
      vertex 25.75 0.578104 6.64843
    endloop
  endfacet
  facet normal -0 0.535838 0.844321
    outer loop
      vertex 25.75 -0.578104 6.64843
      vertex 26.95 -0.705342 6.72918
      vertex 26.95 -0.578104 6.64843
    endloop
  endfacet
  facet normal 0 0.535838 0.844321
    outer loop
      vertex 26.95 -0.705342 6.72918
      vertex 25.75 -0.578104 6.64843
      vertex 25.75 -0.705342 6.72918
    endloop
  endfacet
  facet normal -0 0.187394 0.982285
    outer loop
      vertex 25.75 -0.150399 6.50946
      vertex 26.95 -0.298428 6.5377
      vertex 26.95 -0.150399 6.50946
    endloop
  endfacet
  facet normal 0 0.187394 0.982285
    outer loop
      vertex 26.95 -0.298428 6.5377
      vertex 25.75 -0.150399 6.50946
      vertex 25.75 -0.298428 6.5377
    endloop
  endfacet
  facet normal 0 -0.535838 -0.844321
    outer loop
      vertex 25.75 0.578104 8.75157
      vertex 26.95 0.705342 8.67082
      vertex 26.95 0.578104 8.75157
    endloop
  endfacet
  facet normal -0 -0.535838 -0.844321
    outer loop
      vertex 26.95 0.705342 8.67082
      vertex 25.75 0.578104 8.75157
      vertex 25.75 0.705342 8.67082
    endloop
  endfacet
  facet normal 0 0.728955 -0.684561
    outer loop
      vertex 26.95 -0.924616 8.46491
      vertex 25.75 -0.821456 8.57476
      vertex 26.95 -0.821456 8.57476
    endloop
  endfacet
  facet normal 0 0.728955 -0.684561
    outer loop
      vertex 25.75 -0.821456 8.57476
      vertex 26.95 -0.924616 8.46491
      vertex 25.75 -0.924616 8.46491
    endloop
  endfacet
  facet normal 0 -0.425759 0.904837
    outer loop
      vertex 25.75 0.578104 6.64843
      vertex 26.95 0.441749 6.58427
      vertex 26.95 0.578104 6.64843
    endloop
  endfacet
  facet normal 0 -0.425759 0.904837
    outer loop
      vertex 26.95 0.441749 6.58427
      vertex 25.75 0.578104 6.64843
      vertex 25.75 0.441749 6.58427
    endloop
  endfacet
  facet normal -0 0.0627753 0.998028
    outer loop
      vertex 25.75 0 6.5
      vertex 26.95 -0.150399 6.50946
      vertex 26.95 0 6.5
    endloop
  endfacet
  facet normal 0 0.0627753 0.998028
    outer loop
      vertex 26.95 -0.150399 6.50946
      vertex 25.75 0 6.5
      vertex 25.75 -0.150399 6.50946
    endloop
  endfacet
  facet normal 0 -0.0627753 0.998028
    outer loop
      vertex 25.75 0.150399 6.50946
      vertex 26.95 0 6.5
      vertex 26.95 0.150399 6.50946
    endloop
  endfacet
  facet normal 0 -0.0627753 0.998028
    outer loop
      vertex 26.95 0 6.5
      vertex 25.75 0.150399 6.50946
      vertex 25.75 0 6.5
    endloop
  endfacet
  facet normal 0 0.876308 -0.481751
    outer loop
      vertex 26.95 -1.08579 8.21093
      vertex 25.75 -1.01319 8.34299
      vertex 26.95 -1.01319 8.34299
    endloop
  endfacet
  facet normal 0 0.876308 -0.481751
    outer loop
      vertex 25.75 -1.01319 8.34299
      vertex 26.95 -1.08579 8.21093
      vertex 25.75 -1.08579 8.21093
    endloop
  endfacet
  facet normal 0 -0.728955 0.684561
    outer loop
      vertex 25.75 0.821456 6.82524
      vertex 26.95 0.924616 6.93509
      vertex 25.75 0.924616 6.93509
    endloop
  endfacet
  facet normal 0 -0.728955 0.684561
    outer loop
      vertex 26.95 0.924616 6.93509
      vertex 25.75 0.821456 6.82524
      vertex 26.95 0.821456 6.82524
    endloop
  endfacet
  facet normal -0 0.30903 0.951052
    outer loop
      vertex 25.75 -0.298428 6.5377
      vertex 26.95 -0.441749 6.58427
      vertex 26.95 -0.298428 6.5377
    endloop
  endfacet
  facet normal 0 0.30903 0.951052
    outer loop
      vertex 26.95 -0.441749 6.58427
      vertex 25.75 -0.298428 6.5377
      vertex 25.75 -0.441749 6.58427
    endloop
  endfacet
  facet normal 0 0.637432 -0.770506
    outer loop
      vertex 25.75 -0.821456 8.57476
      vertex 26.95 -0.705342 8.67082
      vertex 26.95 -0.821456 8.57476
    endloop
  endfacet
  facet normal 0 0.637432 -0.770506
    outer loop
      vertex 26.95 -0.705342 8.67082
      vertex 25.75 -0.821456 8.57476
      vertex 25.75 -0.705342 8.67082
    endloop
  endfacet
  facet normal -0 0.425759 0.904837
    outer loop
      vertex 25.75 -0.441749 6.58427
      vertex 26.95 -0.578104 6.64843
      vertex 26.95 -0.441749 6.58427
    endloop
  endfacet
  facet normal 0 0.425759 0.904837
    outer loop
      vertex 26.95 -0.578104 6.64843
      vertex 25.75 -0.441749 6.58427
      vertex 25.75 -0.578104 6.64843
    endloop
  endfacet
  facet normal 0 -0.968593 -0.248652
    outer loop
      vertex 25.75 1.17874 7.92486
      vertex 26.95 1.14127 8.07082
      vertex 25.75 1.14127 8.07082
    endloop
  endfacet
  facet normal 0 -0.968593 -0.248652
    outer loop
      vertex 26.95 1.14127 8.07082
      vertex 25.75 1.17874 7.92486
      vertex 26.95 1.17874 7.92486
    endloop
  endfacet
  facet normal 0 -0.929762 -0.368162
    outer loop
      vertex 25.75 1.14127 8.07082
      vertex 26.95 1.08579 8.21093
      vertex 25.75 1.08579 8.21093
    endloop
  endfacet
  facet normal 0 -0.929762 -0.368162
    outer loop
      vertex 26.95 1.08579 8.21093
      vertex 25.75 1.14127 8.07082
      vertex 26.95 1.14127 8.07082
    endloop
  endfacet
  facet normal 0 -0.929771 0.368139
    outer loop
      vertex 25.75 1.08579 7.18906
      vertex 26.95 1.14127 7.32918
      vertex 25.75 1.14127 7.32918
    endloop
  endfacet
  facet normal 0 -0.929771 0.368139
    outer loop
      vertex 26.95 1.14127 7.32918
      vertex 25.75 1.08579 7.18906
      vertex 26.95 1.08579 7.18906
    endloop
  endfacet
  facet normal 0 -0.728955 -0.684561
    outer loop
      vertex 25.75 0.924616 8.46491
      vertex 26.95 0.821456 8.57476
      vertex 25.75 0.821456 8.57476
    endloop
  endfacet
  facet normal 0 -0.728955 -0.684561
    outer loop
      vertex 26.95 0.821456 8.57476
      vertex 25.75 0.924616 8.46491
      vertex 26.95 0.924616 8.46491
    endloop
  endfacet
  facet normal 0 -0.30903 -0.951052
    outer loop
      vertex 25.75 0.298428 8.8623
      vertex 26.95 0.441749 8.81573
      vertex 26.95 0.298428 8.8623
    endloop
  endfacet
  facet normal -0 -0.30903 -0.951052
    outer loop
      vertex 26.95 0.441749 8.81573
      vertex 25.75 0.298428 8.8623
      vertex 25.75 0.441749 8.81573
    endloop
  endfacet
  facet normal 0 0.929762 -0.368162
    outer loop
      vertex 26.95 -1.14127 8.07082
      vertex 25.75 -1.08579 8.21093
      vertex 26.95 -1.08579 8.21093
    endloop
  endfacet
  facet normal 0 0.929762 -0.368162
    outer loop
      vertex 25.75 -1.08579 8.21093
      vertex 26.95 -1.14127 8.07082
      vertex 25.75 -1.14127 8.07082
    endloop
  endfacet
  facet normal 0 0.929771 0.368139
    outer loop
      vertex 26.95 -1.08579 7.18906
      vertex 25.75 -1.14127 7.32918
      vertex 26.95 -1.14127 7.32918
    endloop
  endfacet
  facet normal 0 0.929771 0.368139
    outer loop
      vertex 25.75 -1.14127 7.32918
      vertex 26.95 -1.08579 7.18906
      vertex 25.75 -1.08579 7.18906
    endloop
  endfacet
  facet normal 0 -0.809036 0.587759
    outer loop
      vertex 25.75 0.924616 6.93509
      vertex 26.95 1.01319 7.05701
      vertex 25.75 1.01319 7.05701
    endloop
  endfacet
  facet normal 0 -0.809036 0.587759
    outer loop
      vertex 26.95 1.01319 7.05701
      vertex 25.75 0.924616 6.93509
      vertex 26.95 0.924616 6.93509
    endloop
  endfacet
  facet normal 0 0.187394 -0.982285
    outer loop
      vertex 25.75 -0.298428 8.8623
      vertex 26.95 -0.150399 8.89054
      vertex 26.95 -0.298428 8.8623
    endloop
  endfacet
  facet normal 0 0.187394 -0.982285
    outer loop
      vertex 26.95 -0.150399 8.89054
      vertex 25.75 -0.298428 8.8623
      vertex 25.75 -0.150399 8.89054
    endloop
  endfacet
  facet normal 0 -0.425759 -0.904837
    outer loop
      vertex 25.75 0.441749 8.81573
      vertex 26.95 0.578104 8.75157
      vertex 26.95 0.441749 8.81573
    endloop
  endfacet
  facet normal -0 -0.425759 -0.904837
    outer loop
      vertex 26.95 0.578104 8.75157
      vertex 25.75 0.441749 8.81573
      vertex 25.75 0.578104 8.75157
    endloop
  endfacet
  facet normal 0 0.992113 0.12535
    outer loop
      vertex 26.95 -1.17874 7.47514
      vertex 25.75 -1.19763 7.62465
      vertex 26.95 -1.19763 7.62465
    endloop
  endfacet
  facet normal 0 0.992113 0.12535
    outer loop
      vertex 25.75 -1.19763 7.62465
      vertex 26.95 -1.17874 7.47514
      vertex 25.75 -1.17874 7.47514
    endloop
  endfacet
  facet normal 0 -0.968593 0.248652
    outer loop
      vertex 25.75 1.14127 7.32918
      vertex 26.95 1.17874 7.47514
      vertex 25.75 1.17874 7.47514
    endloop
  endfacet
  facet normal 0 -0.968593 0.248652
    outer loop
      vertex 26.95 1.17874 7.47514
      vertex 25.75 1.14127 7.32918
      vertex 26.95 1.14127 7.32918
    endloop
  endfacet
  facet normal 0 -0.876308 -0.481751
    outer loop
      vertex 25.75 1.08579 8.21093
      vertex 26.95 1.01319 8.34299
      vertex 25.75 1.01319 8.34299
    endloop
  endfacet
  facet normal 0 -0.876308 -0.481751
    outer loop
      vertex 26.95 1.01319 8.34299
      vertex 25.75 1.08579 8.21093
      vertex 26.95 1.08579 8.21093
    endloop
  endfacet
  facet normal 0 0.968593 -0.248652
    outer loop
      vertex 26.95 -1.17874 7.92486
      vertex 25.75 -1.14127 8.07082
      vertex 26.95 -1.14127 8.07082
    endloop
  endfacet
  facet normal 0 0.968593 -0.248652
    outer loop
      vertex 25.75 -1.14127 8.07082
      vertex 26.95 -1.17874 7.92486
      vertex 25.75 -1.17874 7.92486
    endloop
  endfacet
  facet normal 0 0.809036 0.587759
    outer loop
      vertex 26.95 -0.924616 6.93509
      vertex 25.75 -1.01319 7.05701
      vertex 26.95 -1.01319 7.05701
    endloop
  endfacet
  facet normal 0 0.809036 0.587759
    outer loop
      vertex 25.75 -1.01319 7.05701
      vertex 26.95 -0.924616 6.93509
      vertex 25.75 -0.924616 6.93509
    endloop
  endfacet
  facet normal 0 -0.876293 0.481779
    outer loop
      vertex 25.75 1.01319 7.05701
      vertex 26.95 1.08579 7.18906
      vertex 25.75 1.08579 7.18906
    endloop
  endfacet
  facet normal 0 -0.876293 0.481779
    outer loop
      vertex 26.95 1.08579 7.18906
      vertex 25.75 1.01319 7.05701
      vertex 26.95 1.01319 7.05701
    endloop
  endfacet
  facet normal 0 0.992113 -0.12535
    outer loop
      vertex 26.95 -1.19763 7.77535
      vertex 25.75 -1.17874 7.92486
      vertex 26.95 -1.17874 7.92486
    endloop
  endfacet
  facet normal 0 0.992113 -0.12535
    outer loop
      vertex 25.75 -1.17874 7.92486
      vertex 26.95 -1.19763 7.77535
      vertex 25.75 -1.19763 7.77535
    endloop
  endfacet
  facet normal 0 -0.187394 0.982285
    outer loop
      vertex 25.75 0.298428 6.5377
      vertex 26.95 0.150399 6.50946
      vertex 26.95 0.298428 6.5377
    endloop
  endfacet
  facet normal 0 -0.187394 0.982285
    outer loop
      vertex 26.95 0.150399 6.50946
      vertex 25.75 0.298428 6.5377
      vertex 25.75 0.150399 6.50946
    endloop
  endfacet
  facet normal 0 0.876293 0.481779
    outer loop
      vertex 26.95 -1.01319 7.05701
      vertex 25.75 -1.08579 7.18906
      vertex 26.95 -1.08579 7.18906
    endloop
  endfacet
  facet normal 0 0.876293 0.481779
    outer loop
      vertex 25.75 -1.08579 7.18906
      vertex 26.95 -1.01319 7.05701
      vertex 25.75 -1.01319 7.05701
    endloop
  endfacet
  facet normal 0 0.809036 -0.587759
    outer loop
      vertex 26.95 -1.01319 8.34299
      vertex 25.75 -0.924616 8.46491
      vertex 26.95 -0.924616 8.46491
    endloop
  endfacet
  facet normal 0 0.809036 -0.587759
    outer loop
      vertex 25.75 -0.924616 8.46491
      vertex 26.95 -1.01319 8.34299
      vertex 25.75 -1.01319 8.34299
    endloop
  endfacet
  facet normal -0 0.637432 0.770506
    outer loop
      vertex 25.75 -0.705342 6.72918
      vertex 26.95 -0.821456 6.82524
      vertex 26.95 -0.705342 6.72918
    endloop
  endfacet
  facet normal 0 0.637432 0.770506
    outer loop
      vertex 26.95 -0.821456 6.82524
      vertex 25.75 -0.705342 6.72918
      vertex 25.75 -0.821456 6.82524
    endloop
  endfacet
  facet normal 0 -0.809036 -0.587759
    outer loop
      vertex 25.75 1.01319 8.34299
      vertex 26.95 0.924616 8.46491
      vertex 25.75 0.924616 8.46491
    endloop
  endfacet
  facet normal 0 -0.809036 -0.587759
    outer loop
      vertex 26.95 0.924616 8.46491
      vertex 25.75 1.01319 8.34299
      vertex 26.95 1.01319 8.34299
    endloop
  endfacet
  facet normal 0 1 -0
    outer loop
      vertex 26.95 -1.19763 7.62465
      vertex 25.75 -1.19763 7.77535
      vertex 26.95 -1.19763 7.77535
    endloop
  endfacet
  facet normal 0 1 0
    outer loop
      vertex 25.75 -1.19763 7.77535
      vertex 26.95 -1.19763 7.62465
      vertex 25.75 -1.19763 7.62465
    endloop
  endfacet
  facet normal 0 -1 0
    outer loop
      vertex 25.75 1.19763 7.62465
      vertex 26.95 1.19763 7.77535
      vertex 25.75 1.19763 7.77535
    endloop
  endfacet
  facet normal 0 -1 -0
    outer loop
      vertex 26.95 1.19763 7.77535
      vertex 25.75 1.19763 7.62465
      vertex 26.95 1.19763 7.62465
    endloop
  endfacet
  facet normal 0 0.30903 -0.951052
    outer loop
      vertex 25.75 -0.441749 8.81573
      vertex 26.95 -0.298428 8.8623
      vertex 26.95 -0.441749 8.81573
    endloop
  endfacet
  facet normal 0 0.30903 -0.951052
    outer loop
      vertex 26.95 -0.298428 8.8623
      vertex 25.75 -0.441749 8.81573
      vertex 25.75 -0.298428 8.8623
    endloop
  endfacet
  facet normal 0 0.968593 0.248652
    outer loop
      vertex 26.95 -1.14127 7.32918
      vertex 25.75 -1.17874 7.47514
      vertex 26.95 -1.17874 7.47514
    endloop
  endfacet
  facet normal 0 0.968593 0.248652
    outer loop
      vertex 25.75 -1.17874 7.47514
      vertex 26.95 -1.14127 7.32918
      vertex 25.75 -1.14127 7.32918
    endloop
  endfacet
  facet normal 0 -0.637432 0.770506
    outer loop
      vertex 25.75 0.821456 6.82524
      vertex 26.95 0.705342 6.72918
      vertex 26.95 0.821456 6.82524
    endloop
  endfacet
  facet normal 0 -0.637432 0.770506
    outer loop
      vertex 26.95 0.705342 6.72918
      vertex 25.75 0.821456 6.82524
      vertex 25.75 0.705342 6.72918
    endloop
  endfacet
  facet normal 0 0.728955 0.684561
    outer loop
      vertex 26.95 -0.821456 6.82524
      vertex 25.75 -0.924616 6.93509
      vertex 26.95 -0.924616 6.93509
    endloop
  endfacet
  facet normal 0 0.728955 0.684561
    outer loop
      vertex 25.75 -0.924616 6.93509
      vertex 26.95 -0.821456 6.82524
      vertex 25.75 -0.821456 6.82524
    endloop
  endfacet
  facet normal 0 0.0627753 -0.998028
    outer loop
      vertex 25.75 -0.150399 8.89054
      vertex 26.95 0 8.9
      vertex 26.95 -0.150399 8.89054
    endloop
  endfacet
  facet normal 0 0.0627753 -0.998028
    outer loop
      vertex 26.95 0 8.9
      vertex 25.75 -0.150399 8.89054
      vertex 25.75 0 8.9
    endloop
  endfacet
  facet normal 0 -0.637432 -0.770506
    outer loop
      vertex 25.75 0.705342 8.67082
      vertex 26.95 0.821456 8.57476
      vertex 26.95 0.705342 8.67082
    endloop
  endfacet
  facet normal -0 -0.637432 -0.770506
    outer loop
      vertex 26.95 0.821456 8.57476
      vertex 25.75 0.705342 8.67082
      vertex 25.75 0.821456 8.57476
    endloop
  endfacet
  facet normal 0 -0.992113 -0.12535
    outer loop
      vertex 25.75 1.19763 7.77535
      vertex 26.95 1.17874 7.92486
      vertex 25.75 1.17874 7.92486
    endloop
  endfacet
  facet normal 0 -0.992113 -0.12535
    outer loop
      vertex 26.95 1.17874 7.92486
      vertex 25.75 1.19763 7.77535
      vertex 26.95 1.19763 7.77535
    endloop
  endfacet
  facet normal 0 -0.0627753 -0.998028
    outer loop
      vertex 25.75 0 8.9
      vertex 26.95 0.150399 8.89054
      vertex 26.95 0 8.9
    endloop
  endfacet
  facet normal -0 -0.0627753 -0.998028
    outer loop
      vertex 26.95 0.150399 8.89054
      vertex 25.75 0 8.9
      vertex 25.75 0.150399 8.89054
    endloop
  endfacet
  facet normal 0 -0.187394 -0.982285
    outer loop
      vertex 25.75 0.150399 8.89054
      vertex 26.95 0.298428 8.8623
      vertex 26.95 0.150399 8.89054
    endloop
  endfacet
  facet normal -0 -0.187394 -0.982285
    outer loop
      vertex 26.95 0.298428 8.8623
      vertex 25.75 0.150399 8.89054
      vertex 25.75 0.298428 8.8623
    endloop
  endfacet
  facet normal 0 -0.992113 0.12535
    outer loop
      vertex 25.75 1.17874 7.47514
      vertex 26.95 1.19763 7.62465
      vertex 25.75 1.19763 7.62465
    endloop
  endfacet
  facet normal 0 -0.992113 0.12535
    outer loop
      vertex 26.95 1.19763 7.62465
      vertex 25.75 1.17874 7.47514
      vertex 26.95 1.17874 7.47514
    endloop
  endfacet
  facet normal 0 0.535838 -0.844321
    outer loop
      vertex 25.75 -0.705342 8.67082
      vertex 26.95 -0.578104 8.75157
      vertex 26.95 -0.705342 8.67082
    endloop
  endfacet
  facet normal 0 0.535838 -0.844321
    outer loop
      vertex 26.95 -0.578104 8.75157
      vertex 25.75 -0.705342 8.67082
      vertex 25.75 -0.578104 8.75157
    endloop
  endfacet
  facet normal 0 0.425759 -0.904837
    outer loop
      vertex 25.75 -0.578104 8.75157
      vertex 26.95 -0.441749 8.81573
      vertex 26.95 -0.578104 8.75157
    endloop
  endfacet
  facet normal 0 0.425759 -0.904837
    outer loop
      vertex 26.95 -0.441749 8.81573
      vertex 25.75 -0.578104 8.75157
      vertex 25.75 -0.441749 8.81573
    endloop
  endfacet
  facet normal 0 -1 0
    outer loop
      vertex 25.75 -3.40237 7.62465
      vertex 26.95 -3.40237 7.77535
      vertex 25.75 -3.40237 7.77535
    endloop
  endfacet
  facet normal 0 -1 -0
    outer loop
      vertex 26.95 -3.40237 7.77535
      vertex 25.75 -3.40237 7.62465
      vertex 26.95 -3.40237 7.62465
    endloop
  endfacet
  facet normal 0 -0.309032 0.951052
    outer loop
      vertex 25.75 -4.15825 6.58427
      vertex 26.95 -4.30157 6.5377
      vertex 26.95 -4.15825 6.58427
    endloop
  endfacet
  facet normal 0 -0.309032 0.951052
    outer loop
      vertex 26.95 -4.30157 6.5377
      vertex 25.75 -4.15825 6.58427
      vertex 25.75 -4.30157 6.5377
    endloop
  endfacet
  facet normal 0 -0.425771 -0.904831
    outer loop
      vertex 25.75 -4.15825 8.81573
      vertex 26.95 -4.0219 8.75157
      vertex 26.95 -4.15825 8.81573
    endloop
  endfacet
  facet normal -0 -0.425771 -0.904831
    outer loop
      vertex 26.95 -4.0219 8.75157
      vertex 25.75 -4.15825 8.81573
      vertex 25.75 -4.0219 8.75157
    endloop
  endfacet
  facet normal 0 -0.535832 0.844325
    outer loop
      vertex 25.75 -3.89466 6.72918
      vertex 26.95 -4.0219 6.64843
      vertex 26.95 -3.89466 6.72918
    endloop
  endfacet
  facet normal 0 -0.535832 0.844325
    outer loop
      vertex 26.95 -4.0219 6.64843
      vertex 25.75 -3.89466 6.72918
      vertex 25.75 -4.0219 6.64843
    endloop
  endfacet
  facet normal 0 -0.728955 -0.684561
    outer loop
      vertex 25.75 -3.67538 8.46491
      vertex 26.95 -3.77854 8.57476
      vertex 25.75 -3.77854 8.57476
    endloop
  endfacet
  facet normal 0 -0.728955 -0.684561
    outer loop
      vertex 26.95 -3.77854 8.57476
      vertex 25.75 -3.67538 8.46491
      vertex 26.95 -3.67538 8.46491
    endloop
  endfacet
  facet normal -0 0.425771 0.904831
    outer loop
      vertex 25.75 -5.04175 6.58427
      vertex 26.95 -5.1781 6.64843
      vertex 26.95 -5.04175 6.58427
    endloop
  endfacet
  facet normal 0 0.425771 0.904831
    outer loop
      vertex 26.95 -5.1781 6.64843
      vertex 25.75 -5.04175 6.58427
      vertex 25.75 -5.1781 6.64843
    endloop
  endfacet
  facet normal 0 0.929771 0.368139
    outer loop
      vertex 26.95 -5.68579 7.18906
      vertex 25.75 -5.74127 7.32918
      vertex 26.95 -5.74127 7.32918
    endloop
  endfacet
  facet normal 0 0.929771 0.368139
    outer loop
      vertex 25.75 -5.74127 7.32918
      vertex 26.95 -5.68579 7.18906
      vertex 25.75 -5.68579 7.18906
    endloop
  endfacet
  facet normal 0 -0.0627749 -0.998028
    outer loop
      vertex 25.75 -4.6 8.9
      vertex 26.95 -4.4496 8.89054
      vertex 26.95 -4.6 8.9
    endloop
  endfacet
  facet normal -0 -0.0627749 -0.998028
    outer loop
      vertex 26.95 -4.4496 8.89054
      vertex 25.75 -4.6 8.9
      vertex 25.75 -4.4496 8.89054
    endloop
  endfacet
  facet normal 0 -0.425771 0.904831
    outer loop
      vertex 25.75 -4.0219 6.64843
      vertex 26.95 -4.15825 6.58427
      vertex 26.95 -4.0219 6.64843
    endloop
  endfacet
  facet normal 0 -0.425771 0.904831
    outer loop
      vertex 26.95 -4.15825 6.58427
      vertex 25.75 -4.0219 6.64843
      vertex 25.75 -4.15825 6.58427
    endloop
  endfacet
  facet normal 0 0.637413 -0.770522
    outer loop
      vertex 25.75 -5.42146 8.57476
      vertex 26.95 -5.30534 8.67082
      vertex 26.95 -5.42146 8.57476
    endloop
  endfacet
  facet normal 0 0.637413 -0.770522
    outer loop
      vertex 26.95 -5.30534 8.67082
      vertex 25.75 -5.42146 8.57476
      vertex 25.75 -5.30534 8.67082
    endloop
  endfacet
  facet normal 0 -0.0627749 0.998028
    outer loop
      vertex 25.75 -4.4496 6.50946
      vertex 26.95 -4.6 6.5
      vertex 26.95 -4.4496 6.50946
    endloop
  endfacet
  facet normal 0 -0.0627749 0.998028
    outer loop
      vertex 26.95 -4.6 6.5
      vertex 25.75 -4.4496 6.50946
      vertex 25.75 -4.6 6.5
    endloop
  endfacet
  facet normal 0 0.992113 0.12535
    outer loop
      vertex 26.95 -5.77874 7.47514
      vertex 25.75 -5.79763 7.62465
      vertex 26.95 -5.79763 7.62465
    endloop
  endfacet
  facet normal 0 0.992113 0.12535
    outer loop
      vertex 25.75 -5.79763 7.62465
      vertex 26.95 -5.77874 7.47514
      vertex 25.75 -5.77874 7.47514
    endloop
  endfacet
  facet normal 0 0.809049 -0.587742
    outer loop
      vertex 26.95 -5.61319 8.34299
      vertex 25.75 -5.52462 8.46491
      vertex 26.95 -5.52462 8.46491
    endloop
  endfacet
  facet normal 0 0.809049 -0.587742
    outer loop
      vertex 25.75 -5.52462 8.46491
      vertex 26.95 -5.61319 8.34299
      vertex 25.75 -5.61319 8.34299
    endloop
  endfacet
  facet normal 0 -0.187393 -0.982285
    outer loop
      vertex 25.75 -4.4496 8.89054
      vertex 26.95 -4.30157 8.8623
      vertex 26.95 -4.4496 8.89054
    endloop
  endfacet
  facet normal -0 -0.187393 -0.982285
    outer loop
      vertex 26.95 -4.30157 8.8623
      vertex 25.75 -4.4496 8.89054
      vertex 25.75 -4.30157 8.8623
    endloop
  endfacet
  facet normal -0 0.0627749 0.998028
    outer loop
      vertex 25.75 -4.6 6.5
      vertex 26.95 -4.7504 6.50946
      vertex 26.95 -4.6 6.5
    endloop
  endfacet
  facet normal 0 0.0627749 0.998028
    outer loop
      vertex 26.95 -4.7504 6.50946
      vertex 25.75 -4.6 6.5
      vertex 25.75 -4.7504 6.50946
    endloop
  endfacet
  facet normal -0 0.637413 0.770522
    outer loop
      vertex 25.75 -5.30534 6.72918
      vertex 26.95 -5.42146 6.82524
      vertex 26.95 -5.30534 6.72918
    endloop
  endfacet
  facet normal 0 0.637413 0.770522
    outer loop
      vertex 26.95 -5.42146 6.82524
      vertex 25.75 -5.30534 6.72918
      vertex 25.75 -5.42146 6.82524
    endloop
  endfacet
  facet normal 0 -0.809049 0.587742
    outer loop
      vertex 25.75 -3.67538 6.93509
      vertex 26.95 -3.58681 7.05701
      vertex 25.75 -3.58681 7.05701
    endloop
  endfacet
  facet normal 0 -0.809049 0.587742
    outer loop
      vertex 26.95 -3.58681 7.05701
      vertex 25.75 -3.67538 6.93509
      vertex 26.95 -3.67538 6.93509
    endloop
  endfacet
  facet normal 0 -0.637413 -0.770522
    outer loop
      vertex 25.75 -3.89466 8.67082
      vertex 26.95 -3.77854 8.57476
      vertex 26.95 -3.89466 8.67082
    endloop
  endfacet
  facet normal -0 -0.637413 -0.770522
    outer loop
      vertex 26.95 -3.77854 8.57476
      vertex 25.75 -3.89466 8.67082
      vertex 25.75 -3.77854 8.57476
    endloop
  endfacet
  facet normal 0 0.0627749 -0.998028
    outer loop
      vertex 25.75 -4.7504 8.89054
      vertex 26.95 -4.6 8.9
      vertex 26.95 -4.7504 8.89054
    endloop
  endfacet
  facet normal 0 0.0627749 -0.998028
    outer loop
      vertex 26.95 -4.6 8.9
      vertex 25.75 -4.7504 8.89054
      vertex 25.75 -4.6 8.9
    endloop
  endfacet
  facet normal 0 -0.876293 0.481779
    outer loop
      vertex 25.75 -3.58681 7.05701
      vertex 26.95 -3.51421 7.18906
      vertex 25.75 -3.51421 7.18906
    endloop
  endfacet
  facet normal 0 -0.876293 0.481779
    outer loop
      vertex 26.95 -3.51421 7.18906
      vertex 25.75 -3.58681 7.05701
      vertex 26.95 -3.58681 7.05701
    endloop
  endfacet
  facet normal 0 -0.929771 0.368139
    outer loop
      vertex 25.75 -3.51421 7.18906
      vertex 26.95 -3.45873 7.32918
      vertex 25.75 -3.45873 7.32918
    endloop
  endfacet
  facet normal 0 -0.929771 0.368139
    outer loop
      vertex 26.95 -3.45873 7.32918
      vertex 25.75 -3.51421 7.18906
      vertex 26.95 -3.51421 7.18906
    endloop
  endfacet
  facet normal -0 0.309032 0.951052
    outer loop
      vertex 25.75 -4.89843 6.5377
      vertex 26.95 -5.04175 6.58427
      vertex 26.95 -4.89843 6.5377
    endloop
  endfacet
  facet normal 0 0.309032 0.951052
    outer loop
      vertex 26.95 -5.04175 6.58427
      vertex 25.75 -4.89843 6.5377
      vertex 25.75 -5.04175 6.58427
    endloop
  endfacet
  facet normal 0 0.809049 0.587742
    outer loop
      vertex 26.95 -5.52462 6.93509
      vertex 25.75 -5.61319 7.05701
      vertex 26.95 -5.61319 7.05701
    endloop
  endfacet
  facet normal 0 0.809049 0.587742
    outer loop
      vertex 25.75 -5.61319 7.05701
      vertex 26.95 -5.52462 6.93509
      vertex 25.75 -5.52462 6.93509
    endloop
  endfacet
  facet normal 0 0.876293 0.481779
    outer loop
      vertex 26.95 -5.61319 7.05701
      vertex 25.75 -5.68579 7.18906
      vertex 26.95 -5.68579 7.18906
    endloop
  endfacet
  facet normal 0 0.876293 0.481779
    outer loop
      vertex 25.75 -5.68579 7.18906
      vertex 26.95 -5.61319 7.05701
      vertex 25.75 -5.61319 7.05701
    endloop
  endfacet
  facet normal 0 1 -0
    outer loop
      vertex 26.95 -5.79763 7.62465
      vertex 25.75 -5.79763 7.77535
      vertex 26.95 -5.79763 7.77535
    endloop
  endfacet
  facet normal 0 1 0
    outer loop
      vertex 25.75 -5.79763 7.77535
      vertex 26.95 -5.79763 7.62465
      vertex 25.75 -5.79763 7.62465
    endloop
  endfacet
  facet normal 0 -0.535832 -0.844325
    outer loop
      vertex 25.75 -4.0219 8.75157
      vertex 26.95 -3.89466 8.67082
      vertex 26.95 -4.0219 8.75157
    endloop
  endfacet
  facet normal -0 -0.535832 -0.844325
    outer loop
      vertex 26.95 -3.89466 8.67082
      vertex 25.75 -4.0219 8.75157
      vertex 25.75 -3.89466 8.67082
    endloop
  endfacet
  facet normal 0 0.309032 -0.951052
    outer loop
      vertex 25.75 -5.04175 8.81573
      vertex 26.95 -4.89843 8.8623
      vertex 26.95 -5.04175 8.81573
    endloop
  endfacet
  facet normal 0 0.309032 -0.951052
    outer loop
      vertex 26.95 -4.89843 8.8623
      vertex 25.75 -5.04175 8.81573
      vertex 25.75 -4.89843 8.8623
    endloop
  endfacet
  facet normal 0 -0.187393 0.982285
    outer loop
      vertex 25.75 -4.30157 6.5377
      vertex 26.95 -4.4496 6.50946
      vertex 26.95 -4.30157 6.5377
    endloop
  endfacet
  facet normal 0 -0.187393 0.982285
    outer loop
      vertex 26.95 -4.4496 6.50946
      vertex 25.75 -4.30157 6.5377
      vertex 25.75 -4.4496 6.50946
    endloop
  endfacet
  facet normal 0 -0.929762 -0.368162
    outer loop
      vertex 25.75 -3.45873 8.07082
      vertex 26.95 -3.51421 8.21093
      vertex 25.75 -3.51421 8.21093
    endloop
  endfacet
  facet normal 0 -0.929762 -0.368162
    outer loop
      vertex 26.95 -3.51421 8.21093
      vertex 25.75 -3.45873 8.07082
      vertex 26.95 -3.45873 8.07082
    endloop
  endfacet
  facet normal 0 0.968593 0.248652
    outer loop
      vertex 26.95 -5.74127 7.32918
      vertex 25.75 -5.77874 7.47514
      vertex 26.95 -5.77874 7.47514
    endloop
  endfacet
  facet normal 0 0.968593 0.248652
    outer loop
      vertex 25.75 -5.77874 7.47514
      vertex 26.95 -5.74127 7.32918
      vertex 25.75 -5.74127 7.32918
    endloop
  endfacet
  facet normal 0 0.187393 -0.982285
    outer loop
      vertex 25.75 -4.89843 8.8623
      vertex 26.95 -4.7504 8.89054
      vertex 26.95 -4.89843 8.8623
    endloop
  endfacet
  facet normal 0 0.187393 -0.982285
    outer loop
      vertex 26.95 -4.7504 8.89054
      vertex 25.75 -4.89843 8.8623
      vertex 25.75 -4.7504 8.89054
    endloop
  endfacet
  facet normal 0 0.929762 -0.368162
    outer loop
      vertex 26.95 -5.74127 8.07082
      vertex 25.75 -5.68579 8.21093
      vertex 26.95 -5.68579 8.21093
    endloop
  endfacet
  facet normal 0 0.929762 -0.368162
    outer loop
      vertex 25.75 -5.68579 8.21093
      vertex 26.95 -5.74127 8.07082
      vertex 25.75 -5.74127 8.07082
    endloop
  endfacet
  facet normal 0 0.425771 -0.904831
    outer loop
      vertex 25.75 -5.1781 8.75157
      vertex 26.95 -5.04175 8.81573
      vertex 26.95 -5.1781 8.75157
    endloop
  endfacet
  facet normal 0 0.425771 -0.904831
    outer loop
      vertex 26.95 -5.04175 8.81573
      vertex 25.75 -5.1781 8.75157
      vertex 25.75 -5.04175 8.81573
    endloop
  endfacet
  facet normal 0 -0.876308 -0.481751
    outer loop
      vertex 25.75 -3.51421 8.21093
      vertex 26.95 -3.58681 8.34299
      vertex 25.75 -3.58681 8.34299
    endloop
  endfacet
  facet normal 0 -0.876308 -0.481751
    outer loop
      vertex 26.95 -3.58681 8.34299
      vertex 25.75 -3.51421 8.21093
      vertex 26.95 -3.51421 8.21093
    endloop
  endfacet
  facet normal 0 0.968593 -0.248652
    outer loop
      vertex 26.95 -5.77874 7.92486
      vertex 25.75 -5.74127 8.07082
      vertex 26.95 -5.74127 8.07082
    endloop
  endfacet
  facet normal 0 0.968593 -0.248652
    outer loop
      vertex 25.75 -5.74127 8.07082
      vertex 26.95 -5.77874 7.92486
      vertex 25.75 -5.77874 7.92486
    endloop
  endfacet
  facet normal -0 0.187393 0.982285
    outer loop
      vertex 25.75 -4.7504 6.50946
      vertex 26.95 -4.89843 6.5377
      vertex 26.95 -4.7504 6.50946
    endloop
  endfacet
  facet normal 0 0.187393 0.982285
    outer loop
      vertex 26.95 -4.89843 6.5377
      vertex 25.75 -4.7504 6.50946
      vertex 25.75 -4.89843 6.5377
    endloop
  endfacet
  facet normal 0 -0.309032 -0.951052
    outer loop
      vertex 25.75 -4.30157 8.8623
      vertex 26.95 -4.15825 8.81573
      vertex 26.95 -4.30157 8.8623
    endloop
  endfacet
  facet normal -0 -0.309032 -0.951052
    outer loop
      vertex 26.95 -4.15825 8.81573
      vertex 25.75 -4.30157 8.8623
      vertex 25.75 -4.15825 8.81573
    endloop
  endfacet
  facet normal 0 -0.637413 0.770522
    outer loop
      vertex 25.75 -3.77854 6.82524
      vertex 26.95 -3.89466 6.72918
      vertex 26.95 -3.77854 6.82524
    endloop
  endfacet
  facet normal 0 -0.637413 0.770522
    outer loop
      vertex 26.95 -3.89466 6.72918
      vertex 25.75 -3.77854 6.82524
      vertex 25.75 -3.89466 6.72918
    endloop
  endfacet
  facet normal 0 -0.809049 -0.587742
    outer loop
      vertex 25.75 -3.58681 8.34299
      vertex 26.95 -3.67538 8.46491
      vertex 25.75 -3.67538 8.46491
    endloop
  endfacet
  facet normal 0 -0.809049 -0.587742
    outer loop
      vertex 26.95 -3.67538 8.46491
      vertex 25.75 -3.58681 8.34299
      vertex 26.95 -3.58681 8.34299
    endloop
  endfacet
  facet normal 0 -0.992113 0.12535
    outer loop
      vertex 25.75 -3.42126 7.47514
      vertex 26.95 -3.40237 7.62465
      vertex 25.75 -3.40237 7.62465
    endloop
  endfacet
  facet normal 0 -0.992113 0.12535
    outer loop
      vertex 26.95 -3.40237 7.62465
      vertex 25.75 -3.42126 7.47514
      vertex 26.95 -3.42126 7.47514
    endloop
  endfacet
  facet normal 0 0.992113 -0.12535
    outer loop
      vertex 26.95 -5.79763 7.77535
      vertex 25.75 -5.77874 7.92486
      vertex 26.95 -5.77874 7.92486
    endloop
  endfacet
  facet normal 0 0.992113 -0.12535
    outer loop
      vertex 25.75 -5.77874 7.92486
      vertex 26.95 -5.79763 7.77535
      vertex 25.75 -5.79763 7.77535
    endloop
  endfacet
  facet normal 0 -0.992113 -0.12535
    outer loop
      vertex 25.75 -3.40237 7.77535
      vertex 26.95 -3.42126 7.92486
      vertex 25.75 -3.42126 7.92486
    endloop
  endfacet
  facet normal 0 -0.992113 -0.12535
    outer loop
      vertex 26.95 -3.42126 7.92486
      vertex 25.75 -3.40237 7.77535
      vertex 26.95 -3.40237 7.77535
    endloop
  endfacet
  facet normal 0 0.728955 -0.684561
    outer loop
      vertex 26.95 -5.52462 8.46491
      vertex 25.75 -5.42146 8.57476
      vertex 26.95 -5.42146 8.57476
    endloop
  endfacet
  facet normal 0 0.728955 -0.684561
    outer loop
      vertex 25.75 -5.42146 8.57476
      vertex 26.95 -5.52462 8.46491
      vertex 25.75 -5.52462 8.46491
    endloop
  endfacet
  facet normal 0 -0.968593 -0.248652
    outer loop
      vertex 25.75 -3.42126 7.92486
      vertex 26.95 -3.45873 8.07082
      vertex 25.75 -3.45873 8.07082
    endloop
  endfacet
  facet normal 0 -0.968593 -0.248652
    outer loop
      vertex 26.95 -3.45873 8.07082
      vertex 25.75 -3.42126 7.92486
      vertex 26.95 -3.42126 7.92486
    endloop
  endfacet
  facet normal 0 -0.728955 0.684561
    outer loop
      vertex 25.75 -3.77854 6.82524
      vertex 26.95 -3.67538 6.93509
      vertex 25.75 -3.67538 6.93509
    endloop
  endfacet
  facet normal 0 -0.728955 0.684561
    outer loop
      vertex 26.95 -3.67538 6.93509
      vertex 25.75 -3.77854 6.82524
      vertex 26.95 -3.77854 6.82524
    endloop
  endfacet
  facet normal 0 0.535832 -0.844325
    outer loop
      vertex 25.75 -5.30534 8.67082
      vertex 26.95 -5.1781 8.75157
      vertex 26.95 -5.30534 8.67082
    endloop
  endfacet
  facet normal 0 0.535832 -0.844325
    outer loop
      vertex 26.95 -5.1781 8.75157
      vertex 25.75 -5.30534 8.67082
      vertex 25.75 -5.1781 8.75157
    endloop
  endfacet
  facet normal 0 -0.968593 0.248652
    outer loop
      vertex 25.75 -3.45873 7.32918
      vertex 26.95 -3.42126 7.47514
      vertex 25.75 -3.42126 7.47514
    endloop
  endfacet
  facet normal 0 -0.968593 0.248652
    outer loop
      vertex 26.95 -3.42126 7.47514
      vertex 25.75 -3.45873 7.32918
      vertex 26.95 -3.45873 7.32918
    endloop
  endfacet
  facet normal 0 0.728955 0.684561
    outer loop
      vertex 26.95 -5.42146 6.82524
      vertex 25.75 -5.52462 6.93509
      vertex 26.95 -5.52462 6.93509
    endloop
  endfacet
  facet normal 0 0.728955 0.684561
    outer loop
      vertex 25.75 -5.52462 6.93509
      vertex 26.95 -5.42146 6.82524
      vertex 25.75 -5.42146 6.82524
    endloop
  endfacet
  facet normal -0 0.535832 0.844325
    outer loop
      vertex 25.75 -5.1781 6.64843
      vertex 26.95 -5.30534 6.72918
      vertex 26.95 -5.1781 6.64843
    endloop
  endfacet
  facet normal 0 0.535832 0.844325
    outer loop
      vertex 26.95 -5.30534 6.72918
      vertex 25.75 -5.1781 6.64843
      vertex 25.75 -5.30534 6.72918
    endloop
  endfacet
  facet normal 0 0.876308 -0.481751
    outer loop
      vertex 26.95 -5.68579 8.21093
      vertex 25.75 -5.61319 8.34299
      vertex 26.95 -5.61319 8.34299
    endloop
  endfacet
  facet normal 0 0.876308 -0.481751
    outer loop
      vertex 25.75 -5.61319 8.34299
      vertex 26.95 -5.68579 8.21093
      vertex 25.75 -5.68579 8.21093
    endloop
  endfacet
  facet normal 0 -0.187393 0.982285
    outer loop
      vertex 25.75 4.89843 6.5377
      vertex 26.95 4.7504 6.50946
      vertex 26.95 4.89843 6.5377
    endloop
  endfacet
  facet normal 0 -0.187393 0.982285
    outer loop
      vertex 26.95 4.7504 6.50946
      vertex 25.75 4.89843 6.5377
      vertex 25.75 4.7504 6.50946
    endloop
  endfacet
  facet normal 0 -0.309032 0.951052
    outer loop
      vertex 25.75 5.04175 6.58427
      vertex 26.95 4.89843 6.5377
      vertex 26.95 5.04175 6.58427
    endloop
  endfacet
  facet normal 0 -0.309032 0.951052
    outer loop
      vertex 26.95 4.89843 6.5377
      vertex 25.75 5.04175 6.58427
      vertex 25.75 4.89843 6.5377
    endloop
  endfacet
  facet normal 0 -0.968593 -0.248652
    outer loop
      vertex 25.75 5.77874 7.92486
      vertex 26.95 5.74127 8.07082
      vertex 25.75 5.74127 8.07082
    endloop
  endfacet
  facet normal 0 -0.968593 -0.248652
    outer loop
      vertex 26.95 5.74127 8.07082
      vertex 25.75 5.77874 7.92486
      vertex 26.95 5.77874 7.92486
    endloop
  endfacet
  facet normal 0 -0.992113 0.12535
    outer loop
      vertex 25.75 5.77874 7.47514
      vertex 26.95 5.79763 7.62465
      vertex 25.75 5.79763 7.62465
    endloop
  endfacet
  facet normal 0 -0.992113 0.12535
    outer loop
      vertex 26.95 5.79763 7.62465
      vertex 25.75 5.77874 7.47514
      vertex 26.95 5.77874 7.47514
    endloop
  endfacet
  facet normal 0 -0.809049 -0.587742
    outer loop
      vertex 25.75 5.61319 8.34299
      vertex 26.95 5.52462 8.46491
      vertex 25.75 5.52462 8.46491
    endloop
  endfacet
  facet normal 0 -0.809049 -0.587742
    outer loop
      vertex 26.95 5.52462 8.46491
      vertex 25.75 5.61319 8.34299
      vertex 26.95 5.61319 8.34299
    endloop
  endfacet
  facet normal 0 0.728955 -0.684561
    outer loop
      vertex 26.95 3.67538 8.46491
      vertex 25.75 3.77854 8.57476
      vertex 26.95 3.77854 8.57476
    endloop
  endfacet
  facet normal 0 0.728955 -0.684561
    outer loop
      vertex 25.75 3.77854 8.57476
      vertex 26.95 3.67538 8.46491
      vertex 25.75 3.67538 8.46491
    endloop
  endfacet
  facet normal 0 -0.425771 0.904831
    outer loop
      vertex 25.75 5.1781 6.64843
      vertex 26.95 5.04175 6.58427
      vertex 26.95 5.1781 6.64843
    endloop
  endfacet
  facet normal 0 -0.425771 0.904831
    outer loop
      vertex 26.95 5.04175 6.58427
      vertex 25.75 5.1781 6.64843
      vertex 25.75 5.04175 6.58427
    endloop
  endfacet
  facet normal 0 -0.992113 -0.12535
    outer loop
      vertex 25.75 5.79763 7.77535
      vertex 26.95 5.77874 7.92486
      vertex 25.75 5.77874 7.92486
    endloop
  endfacet
  facet normal 0 -0.992113 -0.12535
    outer loop
      vertex 26.95 5.77874 7.92486
      vertex 25.75 5.79763 7.77535
      vertex 26.95 5.79763 7.77535
    endloop
  endfacet
  facet normal 0 -0.0627749 0.998028
    outer loop
      vertex 25.75 4.7504 6.50946
      vertex 26.95 4.6 6.5
      vertex 26.95 4.7504 6.50946
    endloop
  endfacet
  facet normal 0 -0.0627749 0.998028
    outer loop
      vertex 26.95 4.6 6.5
      vertex 25.75 4.7504 6.50946
      vertex 25.75 4.6 6.5
    endloop
  endfacet
  facet normal -0 0.637413 0.770522
    outer loop
      vertex 25.75 3.89466 6.72918
      vertex 26.95 3.77854 6.82524
      vertex 26.95 3.89466 6.72918
    endloop
  endfacet
  facet normal 0 0.637413 0.770522
    outer loop
      vertex 26.95 3.77854 6.82524
      vertex 25.75 3.89466 6.72918
      vertex 25.75 3.77854 6.82524
    endloop
  endfacet
  facet normal -0 0.535832 0.844325
    outer loop
      vertex 25.75 4.0219 6.64843
      vertex 26.95 3.89466 6.72918
      vertex 26.95 4.0219 6.64843
    endloop
  endfacet
  facet normal 0 0.535832 0.844325
    outer loop
      vertex 26.95 3.89466 6.72918
      vertex 25.75 4.0219 6.64843
      vertex 25.75 3.89466 6.72918
    endloop
  endfacet
  facet normal -0 0.309032 0.951052
    outer loop
      vertex 25.75 4.30157 6.5377
      vertex 26.95 4.15825 6.58427
      vertex 26.95 4.30157 6.5377
    endloop
  endfacet
  facet normal 0 0.309032 0.951052
    outer loop
      vertex 26.95 4.15825 6.58427
      vertex 25.75 4.30157 6.5377
      vertex 25.75 4.15825 6.58427
    endloop
  endfacet
  facet normal 0 0.637413 -0.770522
    outer loop
      vertex 25.75 3.77854 8.57476
      vertex 26.95 3.89466 8.67082
      vertex 26.95 3.77854 8.57476
    endloop
  endfacet
  facet normal 0 0.637413 -0.770522
    outer loop
      vertex 26.95 3.89466 8.67082
      vertex 25.75 3.77854 8.57476
      vertex 25.75 3.89466 8.67082
    endloop
  endfacet
  facet normal 0 -0.929771 0.368139
    outer loop
      vertex 25.75 5.68579 7.18906
      vertex 26.95 5.74127 7.32918
      vertex 25.75 5.74127 7.32918
    endloop
  endfacet
  facet normal 0 -0.929771 0.368139
    outer loop
      vertex 26.95 5.74127 7.32918
      vertex 25.75 5.68579 7.18906
      vertex 26.95 5.68579 7.18906
    endloop
  endfacet
  facet normal 0 0.809049 -0.587742
    outer loop
      vertex 26.95 3.58681 8.34299
      vertex 25.75 3.67538 8.46491
      vertex 26.95 3.67538 8.46491
    endloop
  endfacet
  facet normal 0 0.809049 -0.587742
    outer loop
      vertex 25.75 3.67538 8.46491
      vertex 26.95 3.58681 8.34299
      vertex 25.75 3.58681 8.34299
    endloop
  endfacet
  facet normal -0 0.425771 0.904831
    outer loop
      vertex 25.75 4.15825 6.58427
      vertex 26.95 4.0219 6.64843
      vertex 26.95 4.15825 6.58427
    endloop
  endfacet
  facet normal 0 0.425771 0.904831
    outer loop
      vertex 26.95 4.0219 6.64843
      vertex 25.75 4.15825 6.58427
      vertex 25.75 4.0219 6.64843
    endloop
  endfacet
  facet normal 0 -0.809049 0.587742
    outer loop
      vertex 25.75 5.52462 6.93509
      vertex 26.95 5.61319 7.05701
      vertex 25.75 5.61319 7.05701
    endloop
  endfacet
  facet normal 0 -0.809049 0.587742
    outer loop
      vertex 26.95 5.61319 7.05701
      vertex 25.75 5.52462 6.93509
      vertex 26.95 5.52462 6.93509
    endloop
  endfacet
  facet normal 0 -0.535832 0.844325
    outer loop
      vertex 25.75 5.30534 6.72918
      vertex 26.95 5.1781 6.64843
      vertex 26.95 5.30534 6.72918
    endloop
  endfacet
  facet normal 0 -0.535832 0.844325
    outer loop
      vertex 26.95 5.1781 6.64843
      vertex 25.75 5.30534 6.72918
      vertex 25.75 5.1781 6.64843
    endloop
  endfacet
  facet normal 0 0.876308 -0.481751
    outer loop
      vertex 26.95 3.51421 8.21093
      vertex 25.75 3.58681 8.34299
      vertex 26.95 3.58681 8.34299
    endloop
  endfacet
  facet normal 0 0.876308 -0.481751
    outer loop
      vertex 25.75 3.58681 8.34299
      vertex 26.95 3.51421 8.21093
      vertex 25.75 3.51421 8.21093
    endloop
  endfacet
  facet normal -0 0.0627749 0.998028
    outer loop
      vertex 25.75 4.6 6.5
      vertex 26.95 4.4496 6.50946
      vertex 26.95 4.6 6.5
    endloop
  endfacet
  facet normal 0 0.0627749 0.998028
    outer loop
      vertex 26.95 4.4496 6.50946
      vertex 25.75 4.6 6.5
      vertex 25.75 4.4496 6.50946
    endloop
  endfacet
  facet normal 0 -0.876308 -0.481751
    outer loop
      vertex 25.75 5.68579 8.21093
      vertex 26.95 5.61319 8.34299
      vertex 25.75 5.61319 8.34299
    endloop
  endfacet
  facet normal 0 -0.876308 -0.481751
    outer loop
      vertex 26.95 5.61319 8.34299
      vertex 25.75 5.68579 8.21093
      vertex 26.95 5.68579 8.21093
    endloop
  endfacet
  facet normal 0 0.0627749 -0.998028
    outer loop
      vertex 25.75 4.4496 8.89054
      vertex 26.95 4.6 8.9
      vertex 26.95 4.4496 8.89054
    endloop
  endfacet
  facet normal 0 0.0627749 -0.998028
    outer loop
      vertex 26.95 4.6 8.9
      vertex 25.75 4.4496 8.89054
      vertex 25.75 4.6 8.9
    endloop
  endfacet
  facet normal 0 0.992113 0.12535
    outer loop
      vertex 26.95 3.42126 7.47514
      vertex 25.75 3.40237 7.62465
      vertex 26.95 3.40237 7.62465
    endloop
  endfacet
  facet normal 0 0.992113 0.12535
    outer loop
      vertex 25.75 3.40237 7.62465
      vertex 26.95 3.42126 7.47514
      vertex 25.75 3.42126 7.47514
    endloop
  endfacet
  facet normal 0 -0.876293 0.481779
    outer loop
      vertex 25.75 5.61319 7.05701
      vertex 26.95 5.68579 7.18906
      vertex 25.75 5.68579 7.18906
    endloop
  endfacet
  facet normal 0 -0.876293 0.481779
    outer loop
      vertex 26.95 5.68579 7.18906
      vertex 25.75 5.61319 7.05701
      vertex 26.95 5.61319 7.05701
    endloop
  endfacet
  facet normal 0 -0.728955 0.684561
    outer loop
      vertex 25.75 5.42146 6.82524
      vertex 26.95 5.52462 6.93509
      vertex 25.75 5.52462 6.93509
    endloop
  endfacet
  facet normal 0 -0.728955 0.684561
    outer loop
      vertex 26.95 5.52462 6.93509
      vertex 25.75 5.42146 6.82524
      vertex 26.95 5.42146 6.82524
    endloop
  endfacet
  facet normal -0 0.187393 0.982285
    outer loop
      vertex 25.75 4.4496 6.50946
      vertex 26.95 4.30157 6.5377
      vertex 26.95 4.4496 6.50946
    endloop
  endfacet
  facet normal 0 0.187393 0.982285
    outer loop
      vertex 26.95 4.30157 6.5377
      vertex 25.75 4.4496 6.50946
      vertex 25.75 4.30157 6.5377
    endloop
  endfacet
  facet normal 0 0.425771 -0.904831
    outer loop
      vertex 25.75 4.0219 8.75157
      vertex 26.95 4.15825 8.81573
      vertex 26.95 4.0219 8.75157
    endloop
  endfacet
  facet normal 0 0.425771 -0.904831
    outer loop
      vertex 26.95 4.15825 8.81573
      vertex 25.75 4.0219 8.75157
      vertex 25.75 4.15825 8.81573
    endloop
  endfacet
  facet normal 0 -0.728955 -0.684561
    outer loop
      vertex 25.75 5.52462 8.46491
      vertex 26.95 5.42146 8.57476
      vertex 25.75 5.42146 8.57476
    endloop
  endfacet
  facet normal 0 -0.728955 -0.684561
    outer loop
      vertex 26.95 5.42146 8.57476
      vertex 25.75 5.52462 8.46491
      vertex 26.95 5.52462 8.46491
    endloop
  endfacet
  facet normal 0 -1 0
    outer loop
      vertex 25.75 5.79763 7.62465
      vertex 26.95 5.79763 7.77535
      vertex 25.75 5.79763 7.77535
    endloop
  endfacet
  facet normal 0 -1 -0
    outer loop
      vertex 26.95 5.79763 7.77535
      vertex 25.75 5.79763 7.62465
      vertex 26.95 5.79763 7.62465
    endloop
  endfacet
  facet normal 0 1 -0
    outer loop
      vertex 26.95 3.40237 7.62465
      vertex 25.75 3.40237 7.77535
      vertex 26.95 3.40237 7.77535
    endloop
  endfacet
  facet normal 0 1 0
    outer loop
      vertex 25.75 3.40237 7.77535
      vertex 26.95 3.40237 7.62465
      vertex 25.75 3.40237 7.62465
    endloop
  endfacet
  facet normal 0 0.968593 0.248652
    outer loop
      vertex 26.95 3.45873 7.32918
      vertex 25.75 3.42126 7.47514
      vertex 26.95 3.42126 7.47514
    endloop
  endfacet
  facet normal 0 0.968593 0.248652
    outer loop
      vertex 25.75 3.42126 7.47514
      vertex 26.95 3.45873 7.32918
      vertex 25.75 3.45873 7.32918
    endloop
  endfacet
  facet normal 0 0.535832 -0.844325
    outer loop
      vertex 25.75 3.89466 8.67082
      vertex 26.95 4.0219 8.75157
      vertex 26.95 3.89466 8.67082
    endloop
  endfacet
  facet normal 0 0.535832 -0.844325
    outer loop
      vertex 26.95 4.0219 8.75157
      vertex 25.75 3.89466 8.67082
      vertex 25.75 4.0219 8.75157
    endloop
  endfacet
  facet normal 0 0.929771 0.368139
    outer loop
      vertex 26.95 3.51421 7.18906
      vertex 25.75 3.45873 7.32918
      vertex 26.95 3.45873 7.32918
    endloop
  endfacet
  facet normal 0 0.929771 0.368139
    outer loop
      vertex 25.75 3.45873 7.32918
      vertex 26.95 3.51421 7.18906
      vertex 25.75 3.51421 7.18906
    endloop
  endfacet
  facet normal 0 0.309032 -0.951052
    outer loop
      vertex 25.75 4.15825 8.81573
      vertex 26.95 4.30157 8.8623
      vertex 26.95 4.15825 8.81573
    endloop
  endfacet
  facet normal 0 0.309032 -0.951052
    outer loop
      vertex 26.95 4.30157 8.8623
      vertex 25.75 4.15825 8.81573
      vertex 25.75 4.30157 8.8623
    endloop
  endfacet
  facet normal 0 0.809049 0.587742
    outer loop
      vertex 26.95 3.67538 6.93509
      vertex 25.75 3.58681 7.05701
      vertex 26.95 3.58681 7.05701
    endloop
  endfacet
  facet normal 0 0.809049 0.587742
    outer loop
      vertex 25.75 3.58681 7.05701
      vertex 26.95 3.67538 6.93509
      vertex 25.75 3.67538 6.93509
    endloop
  endfacet
  facet normal 0 0.728955 0.684561
    outer loop
      vertex 26.95 3.77854 6.82524
      vertex 25.75 3.67538 6.93509
      vertex 26.95 3.67538 6.93509
    endloop
  endfacet
  facet normal 0 0.728955 0.684561
    outer loop
      vertex 25.75 3.67538 6.93509
      vertex 26.95 3.77854 6.82524
      vertex 25.75 3.77854 6.82524
    endloop
  endfacet
  facet normal 0 -0.968593 0.248652
    outer loop
      vertex 25.75 5.74127 7.32918
      vertex 26.95 5.77874 7.47514
      vertex 25.75 5.77874 7.47514
    endloop
  endfacet
  facet normal 0 -0.968593 0.248652
    outer loop
      vertex 26.95 5.77874 7.47514
      vertex 25.75 5.74127 7.32918
      vertex 26.95 5.74127 7.32918
    endloop
  endfacet
  facet normal 0 -0.309032 -0.951052
    outer loop
      vertex 25.75 4.89843 8.8623
      vertex 26.95 5.04175 8.81573
      vertex 26.95 4.89843 8.8623
    endloop
  endfacet
  facet normal -0 -0.309032 -0.951052
    outer loop
      vertex 26.95 5.04175 8.81573
      vertex 25.75 4.89843 8.8623
      vertex 25.75 5.04175 8.81573
    endloop
  endfacet
  facet normal 0 0.929762 -0.368162
    outer loop
      vertex 26.95 3.45873 8.07082
      vertex 25.75 3.51421 8.21093
      vertex 26.95 3.51421 8.21093
    endloop
  endfacet
  facet normal 0 0.929762 -0.368162
    outer loop
      vertex 25.75 3.51421 8.21093
      vertex 26.95 3.45873 8.07082
      vertex 25.75 3.45873 8.07082
    endloop
  endfacet
  facet normal 0 0.968593 -0.248652
    outer loop
      vertex 26.95 3.42126 7.92486
      vertex 25.75 3.45873 8.07082
      vertex 26.95 3.45873 8.07082
    endloop
  endfacet
  facet normal 0 0.968593 -0.248652
    outer loop
      vertex 25.75 3.45873 8.07082
      vertex 26.95 3.42126 7.92486
      vertex 25.75 3.42126 7.92486
    endloop
  endfacet
  facet normal 0 -0.637413 0.770522
    outer loop
      vertex 25.75 5.42146 6.82524
      vertex 26.95 5.30534 6.72918
      vertex 26.95 5.42146 6.82524
    endloop
  endfacet
  facet normal 0 -0.637413 0.770522
    outer loop
      vertex 26.95 5.30534 6.72918
      vertex 25.75 5.42146 6.82524
      vertex 25.75 5.30534 6.72918
    endloop
  endfacet
  facet normal 0 -0.187393 -0.982285
    outer loop
      vertex 25.75 4.7504 8.89054
      vertex 26.95 4.89843 8.8623
      vertex 26.95 4.7504 8.89054
    endloop
  endfacet
  facet normal -0 -0.187393 -0.982285
    outer loop
      vertex 26.95 4.89843 8.8623
      vertex 25.75 4.7504 8.89054
      vertex 25.75 4.89843 8.8623
    endloop
  endfacet
  facet normal 0 0.992113 -0.12535
    outer loop
      vertex 26.95 3.40237 7.77535
      vertex 25.75 3.42126 7.92486
      vertex 26.95 3.42126 7.92486
    endloop
  endfacet
  facet normal 0 0.992113 -0.12535
    outer loop
      vertex 25.75 3.42126 7.92486
      vertex 26.95 3.40237 7.77535
      vertex 25.75 3.40237 7.77535
    endloop
  endfacet
  facet normal 0 -0.929762 -0.368162
    outer loop
      vertex 25.75 5.74127 8.07082
      vertex 26.95 5.68579 8.21093
      vertex 25.75 5.68579 8.21093
    endloop
  endfacet
  facet normal 0 -0.929762 -0.368162
    outer loop
      vertex 26.95 5.68579 8.21093
      vertex 25.75 5.74127 8.07082
      vertex 26.95 5.74127 8.07082
    endloop
  endfacet
  facet normal 0 -0.425771 -0.904831
    outer loop
      vertex 25.75 5.04175 8.81573
      vertex 26.95 5.1781 8.75157
      vertex 26.95 5.04175 8.81573
    endloop
  endfacet
  facet normal -0 -0.425771 -0.904831
    outer loop
      vertex 26.95 5.1781 8.75157
      vertex 25.75 5.04175 8.81573
      vertex 25.75 5.1781 8.75157
    endloop
  endfacet
  facet normal 0 -0.0627749 -0.998028
    outer loop
      vertex 25.75 4.6 8.9
      vertex 26.95 4.7504 8.89054
      vertex 26.95 4.6 8.9
    endloop
  endfacet
  facet normal -0 -0.0627749 -0.998028
    outer loop
      vertex 26.95 4.7504 8.89054
      vertex 25.75 4.6 8.9
      vertex 25.75 4.7504 8.89054
    endloop
  endfacet
  facet normal 0 -0.637413 -0.770522
    outer loop
      vertex 25.75 5.30534 8.67082
      vertex 26.95 5.42146 8.57476
      vertex 26.95 5.30534 8.67082
    endloop
  endfacet
  facet normal -0 -0.637413 -0.770522
    outer loop
      vertex 26.95 5.42146 8.57476
      vertex 25.75 5.30534 8.67082
      vertex 25.75 5.42146 8.57476
    endloop
  endfacet
  facet normal 0 -0.535832 -0.844325
    outer loop
      vertex 25.75 5.1781 8.75157
      vertex 26.95 5.30534 8.67082
      vertex 26.95 5.1781 8.75157
    endloop
  endfacet
  facet normal -0 -0.535832 -0.844325
    outer loop
      vertex 26.95 5.30534 8.67082
      vertex 25.75 5.1781 8.75157
      vertex 25.75 5.30534 8.67082
    endloop
  endfacet
  facet normal 0 0.187393 -0.982285
    outer loop
      vertex 25.75 4.30157 8.8623
      vertex 26.95 4.4496 8.89054
      vertex 26.95 4.30157 8.8623
    endloop
  endfacet
  facet normal 0 0.187393 -0.982285
    outer loop
      vertex 26.95 4.4496 8.89054
      vertex 25.75 4.30157 8.8623
      vertex 25.75 4.4496 8.89054
    endloop
  endfacet
  facet normal 0 0.876293 0.481779
    outer loop
      vertex 26.95 3.58681 7.05701
      vertex 25.75 3.51421 7.18906
      vertex 26.95 3.51421 7.18906
    endloop
  endfacet
  facet normal 0 0.876293 0.481779
    outer loop
      vertex 25.75 3.51421 7.18906
      vertex 26.95 3.58681 7.05701
      vertex 25.75 3.58681 7.05701
    endloop
  endfacet
  facet normal 0 -0.454143 -0.890929
    outer loop
      vertex -26.95 0.309016 29.3511
      vertex -25.75 0.587785 29.209
      vertex -25.75 0.309016 29.3511
    endloop
  endfacet
  facet normal -0 -0.454143 -0.890929
    outer loop
      vertex -25.75 0.587785 29.209
      vertex -26.95 0.309016 29.3511
      vertex -26.95 0.587785 29.209
    endloop
  endfacet
  facet normal 0 -0.707057 0.707156
    outer loop
      vertex -26.95 0.587785 27.591
      vertex -25.75 0.809016 27.8122
      vertex -26.95 0.809016 27.8122
    endloop
  endfacet
  facet normal 0 -0.707057 0.707156
    outer loop
      vertex -25.75 0.809016 27.8122
      vertex -26.95 0.587785 27.591
      vertex -25.75 0.587785 27.591
    endloop
  endfacet
  facet normal 0 -0.891027 -0.453951
    outer loop
      vertex -26.95 0.951056 28.709
      vertex -25.75 0.809016 28.9878
      vertex -26.95 0.809016 28.9878
    endloop
  endfacet
  facet normal 0 -0.891027 -0.453951
    outer loop
      vertex -25.75 0.809016 28.9878
      vertex -26.95 0.951056 28.709
      vertex -25.75 0.951056 28.709
    endloop
  endfacet
  facet normal 0 -0.987687 0.156444
    outer loop
      vertex -26.95 0.951056 28.091
      vertex -25.75 1 28.4
      vertex -26.95 1 28.4
    endloop
  endfacet
  facet normal 0 -0.987687 0.156444
    outer loop
      vertex -25.75 1 28.4
      vertex -26.95 0.951056 28.091
      vertex -25.75 0.951056 28.091
    endloop
  endfacet
  facet normal 0 -0.156299 0.98771
    outer loop
      vertex -26.95 0.309016 27.4489
      vertex -25.75 0 27.4
      vertex -25.75 0.309016 27.4489
    endloop
  endfacet
  facet normal 0 -0.156299 0.98771
    outer loop
      vertex -25.75 0 27.4
      vertex -26.95 0.309016 27.4489
      vertex -26.95 0 27.4
    endloop
  endfacet
  facet normal 0 0.707057 -0.707156
    outer loop
      vertex -25.75 -0.809016 28.9878
      vertex -26.95 -0.587785 29.209
      vertex -25.75 -0.587785 29.209
    endloop
  endfacet
  facet normal 0 0.707057 -0.707156
    outer loop
      vertex -26.95 -0.587785 29.209
      vertex -25.75 -0.809016 28.9878
      vertex -26.95 -0.809016 28.9878
    endloop
  endfacet
  facet normal -0 0.454143 0.890929
    outer loop
      vertex -26.95 -0.309016 27.4489
      vertex -25.75 -0.587785 27.591
      vertex -25.75 -0.309016 27.4489
    endloop
  endfacet
  facet normal 0 0.454143 0.890929
    outer loop
      vertex -25.75 -0.587785 27.591
      vertex -26.95 -0.309016 27.4489
      vertex -26.95 -0.587785 27.591
    endloop
  endfacet
  facet normal 0 -0.156299 -0.98771
    outer loop
      vertex -26.95 0 29.4
      vertex -25.75 0.309016 29.3511
      vertex -25.75 0 29.4
    endloop
  endfacet
  facet normal -0 -0.156299 -0.98771
    outer loop
      vertex -25.75 0.309016 29.3511
      vertex -26.95 0 29.4
      vertex -26.95 0.309016 29.3511
    endloop
  endfacet
  facet normal 0 0.707057 0.707156
    outer loop
      vertex -25.75 -0.587785 27.591
      vertex -26.95 -0.809016 27.8122
      vertex -25.75 -0.809016 27.8122
    endloop
  endfacet
  facet normal 0 0.707057 0.707156
    outer loop
      vertex -26.95 -0.809016 27.8122
      vertex -25.75 -0.587785 27.591
      vertex -26.95 -0.587785 27.591
    endloop
  endfacet
  facet normal 0 -0.891027 0.453951
    outer loop
      vertex -26.95 0.809016 27.8122
      vertex -25.75 0.951056 28.091
      vertex -26.95 0.951056 28.091
    endloop
  endfacet
  facet normal 0 -0.891027 0.453951
    outer loop
      vertex -25.75 0.951056 28.091
      vertex -26.95 0.809016 27.8122
      vertex -25.75 0.809016 27.8122
    endloop
  endfacet
  facet normal 0 0.891027 -0.453951
    outer loop
      vertex -25.75 -0.951056 28.709
      vertex -26.95 -0.809016 28.9878
      vertex -25.75 -0.809016 28.9878
    endloop
  endfacet
  facet normal 0 0.891027 -0.453951
    outer loop
      vertex -26.95 -0.809016 28.9878
      vertex -25.75 -0.951056 28.709
      vertex -26.95 -0.951056 28.709
    endloop
  endfacet
  facet normal 0 0.987687 -0.156444
    outer loop
      vertex -25.75 -1 28.4
      vertex -26.95 -0.951056 28.709
      vertex -25.75 -0.951056 28.709
    endloop
  endfacet
  facet normal 0 0.987687 -0.156444
    outer loop
      vertex -26.95 -0.951056 28.709
      vertex -25.75 -1 28.4
      vertex -26.95 -1 28.4
    endloop
  endfacet
  facet normal 0 -0.454143 0.890929
    outer loop
      vertex -26.95 0.587785 27.591
      vertex -25.75 0.309016 27.4489
      vertex -25.75 0.587785 27.591
    endloop
  endfacet
  facet normal 0 -0.454143 0.890929
    outer loop
      vertex -25.75 0.309016 27.4489
      vertex -26.95 0.587785 27.591
      vertex -26.95 0.309016 27.4489
    endloop
  endfacet
  facet normal 0 0.987687 0.156444
    outer loop
      vertex -25.75 -0.951056 28.091
      vertex -26.95 -1 28.4
      vertex -25.75 -1 28.4
    endloop
  endfacet
  facet normal 0 0.987687 0.156444
    outer loop
      vertex -26.95 -1 28.4
      vertex -25.75 -0.951056 28.091
      vertex -26.95 -0.951056 28.091
    endloop
  endfacet
  facet normal -0 0.156299 0.98771
    outer loop
      vertex -26.95 0 27.4
      vertex -25.75 -0.309016 27.4489
      vertex -25.75 0 27.4
    endloop
  endfacet
  facet normal 0 0.156299 0.98771
    outer loop
      vertex -25.75 -0.309016 27.4489
      vertex -26.95 0 27.4
      vertex -26.95 -0.309016 27.4489
    endloop
  endfacet
  facet normal 0 0.156299 -0.98771
    outer loop
      vertex -26.95 -0.309016 29.3511
      vertex -25.75 0 29.4
      vertex -25.75 -0.309016 29.3511
    endloop
  endfacet
  facet normal 0 0.156299 -0.98771
    outer loop
      vertex -25.75 0 29.4
      vertex -26.95 -0.309016 29.3511
      vertex -26.95 0 29.4
    endloop
  endfacet
  facet normal 0 -0.987687 -0.156444
    outer loop
      vertex -26.95 1 28.4
      vertex -25.75 0.951056 28.709
      vertex -26.95 0.951056 28.709
    endloop
  endfacet
  facet normal 0 -0.987687 -0.156444
    outer loop
      vertex -25.75 0.951056 28.709
      vertex -26.95 1 28.4
      vertex -25.75 1 28.4
    endloop
  endfacet
  facet normal 0 0.891027 0.453951
    outer loop
      vertex -25.75 -0.809016 27.8122
      vertex -26.95 -0.951056 28.091
      vertex -25.75 -0.951056 28.091
    endloop
  endfacet
  facet normal 0 0.891027 0.453951
    outer loop
      vertex -26.95 -0.951056 28.091
      vertex -25.75 -0.809016 27.8122
      vertex -26.95 -0.809016 27.8122
    endloop
  endfacet
  facet normal 0 0.454143 -0.890929
    outer loop
      vertex -26.95 -0.587785 29.209
      vertex -25.75 -0.309016 29.3511
      vertex -25.75 -0.587785 29.209
    endloop
  endfacet
  facet normal 0 0.454143 -0.890929
    outer loop
      vertex -25.75 -0.309016 29.3511
      vertex -26.95 -0.587785 29.209
      vertex -26.95 -0.309016 29.3511
    endloop
  endfacet
  facet normal 0 -0.707057 -0.707156
    outer loop
      vertex -26.95 0.809016 28.9878
      vertex -25.75 0.587785 29.209
      vertex -26.95 0.587785 29.209
    endloop
  endfacet
  facet normal 0 -0.707057 -0.707156
    outer loop
      vertex -25.75 0.587785 29.209
      vertex -26.95 0.809016 28.9878
      vertex -25.75 0.809016 28.9878
    endloop
  endfacet
  facet normal 0 -0.454143 -0.890929
    outer loop
      vertex 25.75 0.309016 29.3511
      vertex 26.95 0.587785 29.209
      vertex 26.95 0.309016 29.3511
    endloop
  endfacet
  facet normal -0 -0.454143 -0.890929
    outer loop
      vertex 26.95 0.587785 29.209
      vertex 25.75 0.309016 29.3511
      vertex 25.75 0.587785 29.209
    endloop
  endfacet
  facet normal 0 -0.707057 0.707156
    outer loop
      vertex 25.75 0.587785 27.591
      vertex 26.95 0.809016 27.8122
      vertex 25.75 0.809016 27.8122
    endloop
  endfacet
  facet normal 0 -0.707057 0.707156
    outer loop
      vertex 26.95 0.809016 27.8122
      vertex 25.75 0.587785 27.591
      vertex 26.95 0.587785 27.591
    endloop
  endfacet
  facet normal 0 -0.891027 -0.453951
    outer loop
      vertex 25.75 0.951056 28.709
      vertex 26.95 0.809016 28.9878
      vertex 25.75 0.809016 28.9878
    endloop
  endfacet
  facet normal 0 -0.891027 -0.453951
    outer loop
      vertex 26.95 0.809016 28.9878
      vertex 25.75 0.951056 28.709
      vertex 26.95 0.951056 28.709
    endloop
  endfacet
  facet normal 0 -0.987687 0.156444
    outer loop
      vertex 25.75 0.951056 28.091
      vertex 26.95 1 28.4
      vertex 25.75 1 28.4
    endloop
  endfacet
  facet normal 0 -0.987687 0.156444
    outer loop
      vertex 26.95 1 28.4
      vertex 25.75 0.951056 28.091
      vertex 26.95 0.951056 28.091
    endloop
  endfacet
  facet normal 0 -0.156299 0.98771
    outer loop
      vertex 25.75 0.309016 27.4489
      vertex 26.95 0 27.4
      vertex 26.95 0.309016 27.4489
    endloop
  endfacet
  facet normal 0 -0.156299 0.98771
    outer loop
      vertex 26.95 0 27.4
      vertex 25.75 0.309016 27.4489
      vertex 25.75 0 27.4
    endloop
  endfacet
  facet normal 0 0.707057 -0.707156
    outer loop
      vertex 26.95 -0.809016 28.9878
      vertex 25.75 -0.587785 29.209
      vertex 26.95 -0.587785 29.209
    endloop
  endfacet
  facet normal 0 0.707057 -0.707156
    outer loop
      vertex 25.75 -0.587785 29.209
      vertex 26.95 -0.809016 28.9878
      vertex 25.75 -0.809016 28.9878
    endloop
  endfacet
  facet normal -0 0.454143 0.890929
    outer loop
      vertex 25.75 -0.309016 27.4489
      vertex 26.95 -0.587785 27.591
      vertex 26.95 -0.309016 27.4489
    endloop
  endfacet
  facet normal 0 0.454143 0.890929
    outer loop
      vertex 26.95 -0.587785 27.591
      vertex 25.75 -0.309016 27.4489
      vertex 25.75 -0.587785 27.591
    endloop
  endfacet
  facet normal 0 -0.156299 -0.98771
    outer loop
      vertex 25.75 0 29.4
      vertex 26.95 0.309016 29.3511
      vertex 26.95 0 29.4
    endloop
  endfacet
  facet normal -0 -0.156299 -0.98771
    outer loop
      vertex 26.95 0.309016 29.3511
      vertex 25.75 0 29.4
      vertex 25.75 0.309016 29.3511
    endloop
  endfacet
  facet normal 0 0.707057 0.707156
    outer loop
      vertex 26.95 -0.587785 27.591
      vertex 25.75 -0.809016 27.8122
      vertex 26.95 -0.809016 27.8122
    endloop
  endfacet
  facet normal 0 0.707057 0.707156
    outer loop
      vertex 25.75 -0.809016 27.8122
      vertex 26.95 -0.587785 27.591
      vertex 25.75 -0.587785 27.591
    endloop
  endfacet
  facet normal 0 -0.891027 0.453951
    outer loop
      vertex 25.75 0.809016 27.8122
      vertex 26.95 0.951056 28.091
      vertex 25.75 0.951056 28.091
    endloop
  endfacet
  facet normal 0 -0.891027 0.453951
    outer loop
      vertex 26.95 0.951056 28.091
      vertex 25.75 0.809016 27.8122
      vertex 26.95 0.809016 27.8122
    endloop
  endfacet
  facet normal 0 0.891027 -0.453951
    outer loop
      vertex 26.95 -0.951056 28.709
      vertex 25.75 -0.809016 28.9878
      vertex 26.95 -0.809016 28.9878
    endloop
  endfacet
  facet normal 0 0.891027 -0.453951
    outer loop
      vertex 25.75 -0.809016 28.9878
      vertex 26.95 -0.951056 28.709
      vertex 25.75 -0.951056 28.709
    endloop
  endfacet
  facet normal 0 0.987687 -0.156444
    outer loop
      vertex 26.95 -1 28.4
      vertex 25.75 -0.951056 28.709
      vertex 26.95 -0.951056 28.709
    endloop
  endfacet
  facet normal 0 0.987687 -0.156444
    outer loop
      vertex 25.75 -0.951056 28.709
      vertex 26.95 -1 28.4
      vertex 25.75 -1 28.4
    endloop
  endfacet
  facet normal 0 -0.454143 0.890929
    outer loop
      vertex 25.75 0.587785 27.591
      vertex 26.95 0.309016 27.4489
      vertex 26.95 0.587785 27.591
    endloop
  endfacet
  facet normal 0 -0.454143 0.890929
    outer loop
      vertex 26.95 0.309016 27.4489
      vertex 25.75 0.587785 27.591
      vertex 25.75 0.309016 27.4489
    endloop
  endfacet
  facet normal 0 0.987687 0.156444
    outer loop
      vertex 26.95 -0.951056 28.091
      vertex 25.75 -1 28.4
      vertex 26.95 -1 28.4
    endloop
  endfacet
  facet normal 0 0.987687 0.156444
    outer loop
      vertex 25.75 -1 28.4
      vertex 26.95 -0.951056 28.091
      vertex 25.75 -0.951056 28.091
    endloop
  endfacet
  facet normal -0 0.156299 0.98771
    outer loop
      vertex 25.75 0 27.4
      vertex 26.95 -0.309016 27.4489
      vertex 26.95 0 27.4
    endloop
  endfacet
  facet normal 0 0.156299 0.98771
    outer loop
      vertex 26.95 -0.309016 27.4489
      vertex 25.75 0 27.4
      vertex 25.75 -0.309016 27.4489
    endloop
  endfacet
  facet normal 0 0.156299 -0.98771
    outer loop
      vertex 25.75 -0.309016 29.3511
      vertex 26.95 0 29.4
      vertex 26.95 -0.309016 29.3511
    endloop
  endfacet
  facet normal 0 0.156299 -0.98771
    outer loop
      vertex 26.95 0 29.4
      vertex 25.75 -0.309016 29.3511
      vertex 25.75 0 29.4
    endloop
  endfacet
  facet normal 0 -0.987687 -0.156444
    outer loop
      vertex 25.75 1 28.4
      vertex 26.95 0.951056 28.709
      vertex 25.75 0.951056 28.709
    endloop
  endfacet
  facet normal 0 -0.987687 -0.156444
    outer loop
      vertex 26.95 0.951056 28.709
      vertex 25.75 1 28.4
      vertex 26.95 1 28.4
    endloop
  endfacet
  facet normal 0 0.891027 0.453951
    outer loop
      vertex 26.95 -0.809016 27.8122
      vertex 25.75 -0.951056 28.091
      vertex 26.95 -0.951056 28.091
    endloop
  endfacet
  facet normal 0 0.891027 0.453951
    outer loop
      vertex 25.75 -0.951056 28.091
      vertex 26.95 -0.809016 27.8122
      vertex 25.75 -0.809016 27.8122
    endloop
  endfacet
  facet normal 0 0.454143 -0.890929
    outer loop
      vertex 25.75 -0.587785 29.209
      vertex 26.95 -0.309016 29.3511
      vertex 26.95 -0.587785 29.209
    endloop
  endfacet
  facet normal 0 0.454143 -0.890929
    outer loop
      vertex 26.95 -0.309016 29.3511
      vertex 25.75 -0.587785 29.209
      vertex 25.75 -0.309016 29.3511
    endloop
  endfacet
  facet normal 0 -0.707057 -0.707156
    outer loop
      vertex 25.75 0.809016 28.9878
      vertex 26.95 0.587785 29.209
      vertex 25.75 0.587785 29.209
    endloop
  endfacet
  facet normal 0 -0.707057 -0.707156
    outer loop
      vertex 26.95 0.587785 29.209
      vertex 25.75 0.809016 28.9878
      vertex 26.95 0.809016 28.9878
    endloop
  endfacet
  facet normal 1 -0 0
    outer loop
      vertex 23.2 -9.05 6.2
      vertex 23.2 9.05 1.2
      vertex 23.2 9.05 6.2
    endloop
  endfacet
  facet normal 1 0 0
    outer loop
      vertex 23.2 9.05 1.2
      vertex 23.2 -9.05 6.2
      vertex 23.2 -9.05 1.2
    endloop
  endfacet
  facet normal 0 0 1
    outer loop
      vertex 21.7 8.7 6.2
      vertex 23.2 9.05 6.2
      vertex 22.05 10.2 6.2
    endloop
  endfacet
  facet normal 0 0 1
    outer loop
      vertex 23.2 9.05 6.2
      vertex 21.7 8.7 6.2
      vertex 23.2 -9.05 6.2
    endloop
  endfacet
  facet normal -0 0 1
    outer loop
      vertex 21.7 -8.7 6.2
      vertex 23.2 -9.05 6.2
      vertex 21.7 8.7 6.2
    endloop
  endfacet
  facet normal 0 0 1
    outer loop
      vertex 22.05 10.2 6.2
      vertex -21.7 8.7 6.2
      vertex 21.7 8.7 6.2
    endloop
  endfacet
  facet normal -0 0 1
    outer loop
      vertex -23.2 9.05 6.2
      vertex -21.7 8.7 6.2
      vertex -22.05 10.2 6.2
    endloop
  endfacet
  facet normal -0 0 1
    outer loop
      vertex -22.05 10.2 6.2
      vertex -21.7 8.7 6.2
      vertex 22.05 10.2 6.2
    endloop
  endfacet
  facet normal 0 0 1
    outer loop
      vertex 23.2 -9.05 6.2
      vertex 21.7 -8.7 6.2
      vertex 22.05 -10.2 6.2
    endloop
  endfacet
  facet normal -0 0 1
    outer loop
      vertex -21.7 -8.7 6.2
      vertex 22.05 -10.2 6.2
      vertex 21.7 -8.7 6.2
    endloop
  endfacet
  facet normal 0 0 1
    outer loop
      vertex -21.7 -8.7 6.2
      vertex -22.05 -10.2 6.2
      vertex 22.05 -10.2 6.2
    endloop
  endfacet
  facet normal 0 0 1
    outer loop
      vertex -21.7 8.7 6.2
      vertex -23.2 9.05 6.2
      vertex -21.7 -8.7 6.2
    endloop
  endfacet
  facet normal 0 0 1
    outer loop
      vertex -23.2 -9.05 6.2
      vertex -21.7 -8.7 6.2
      vertex -23.2 9.05 6.2
    endloop
  endfacet
  facet normal 0 0 1
    outer loop
      vertex -21.7 -8.7 6.2
      vertex -23.2 -9.05 6.2
      vertex -22.05 -10.2 6.2
    endloop
  endfacet
  facet normal -1 0 0
    outer loop
      vertex -23.2 -9.05 1.2
      vertex -23.2 9.05 6.2
      vertex -23.2 9.05 1.2
    endloop
  endfacet
  facet normal -1 -0 0
    outer loop
      vertex -23.2 9.05 6.2
      vertex -23.2 -9.05 1.2
      vertex -23.2 -9.05 6.2
    endloop
  endfacet
  facet normal 0 1 -0
    outer loop
      vertex 22.05 10.2 1.2
      vertex -22.05 10.2 6.2
      vertex 22.05 10.2 6.2
    endloop
  endfacet
  facet normal 0 1 0
    outer loop
      vertex -22.05 10.2 6.2
      vertex 22.05 10.2 1.2
      vertex -22.05 10.2 1.2
    endloop
  endfacet
  facet normal 0 -1 0
    outer loop
      vertex -22.05 -10.2 1.2
      vertex 22.05 -10.2 6.2
      vertex -22.05 -10.2 6.2
    endloop
  endfacet
  facet normal 0 -1 -0
    outer loop
      vertex 22.05 -10.2 6.2
      vertex -22.05 -10.2 1.2
      vertex 22.05 -10.2 1.2
    endloop
  endfacet
  facet normal -1 0 0
    outer loop
      vertex 21.7 -8.7 1.2
      vertex 21.7 8.7 6.2
      vertex 21.7 8.7 1.2
    endloop
  endfacet
  facet normal -1 -0 0
    outer loop
      vertex 21.7 8.7 6.2
      vertex 21.7 -8.7 1.2
      vertex 21.7 -8.7 6.2
    endloop
  endfacet
  facet normal 1 -0 0
    outer loop
      vertex -21.7 -8.7 6.2
      vertex -21.7 8.7 1.2
      vertex -21.7 8.7 6.2
    endloop
  endfacet
  facet normal 1 0 0
    outer loop
      vertex -21.7 8.7 1.2
      vertex -21.7 -8.7 6.2
      vertex -21.7 -8.7 1.2
    endloop
  endfacet
  facet normal 0 -1 0
    outer loop
      vertex -21.7 8.7 1.2
      vertex 21.7 8.7 6.2
      vertex -21.7 8.7 6.2
    endloop
  endfacet
  facet normal 0 -1 -0
    outer loop
      vertex 21.7 8.7 6.2
      vertex -21.7 8.7 1.2
      vertex 21.7 8.7 1.2
    endloop
  endfacet
  facet normal 0 1 -0
    outer loop
      vertex 21.7 -8.7 1.2
      vertex -21.7 -8.7 6.2
      vertex 21.7 -8.7 6.2
    endloop
  endfacet
  facet normal 0 1 0
    outer loop
      vertex -21.7 -8.7 6.2
      vertex 21.7 -8.7 1.2
      vertex -21.7 -8.7 1.2
    endloop
  endfacet
  facet normal 1 -0 0
    outer loop
      vertex 21.5 6.5 2.7
      vertex 21.5 8.5 1.2
      vertex 21.5 8.5 2.7
    endloop
  endfacet
  facet normal 1 0 0
    outer loop
      vertex 21.5 8.5 1.2
      vertex 21.5 6.5 2.7
      vertex 21.5 6.5 1.2
    endloop
  endfacet
  facet normal -0 0 1
    outer loop
      vertex 19.5 8.5 2.7
      vertex 21.5 6.5 2.7
      vertex 21.5 8.5 2.7
    endloop
  endfacet
  facet normal 0 0 1
    outer loop
      vertex 21.5 6.5 2.7
      vertex 19.5 8.5 2.7
      vertex 19.5 6.5 2.7
    endloop
  endfacet
  facet normal -1 0 0
    outer loop
      vertex 19.5 6.5 1.2
      vertex 19.5 8.5 2.7
      vertex 19.5 8.5 1.2
    endloop
  endfacet
  facet normal -1 -0 0
    outer loop
      vertex 19.5 8.5 2.7
      vertex 19.5 6.5 1.2
      vertex 19.5 6.5 2.7
    endloop
  endfacet
  facet normal 0 1 -0
    outer loop
      vertex 21.5 8.5 1.2
      vertex 19.5 8.5 2.7
      vertex 21.5 8.5 2.7
    endloop
  endfacet
  facet normal 0 1 0
    outer loop
      vertex 19.5 8.5 2.7
      vertex 21.5 8.5 1.2
      vertex 19.5 8.5 1.2
    endloop
  endfacet
  facet normal 0 -1 0
    outer loop
      vertex 19.5 6.5 1.2
      vertex 21.5 6.5 2.7
      vertex 19.5 6.5 2.7
    endloop
  endfacet
  facet normal 0 -1 -0
    outer loop
      vertex 21.5 6.5 2.7
      vertex 19.5 6.5 1.2
      vertex 21.5 6.5 1.2
    endloop
  endfacet
  facet normal 1 -0 0
    outer loop
      vertex -19.5 6.5 2.7
      vertex -19.5 8.5 1.2
      vertex -19.5 8.5 2.7
    endloop
  endfacet
  facet normal 1 0 0
    outer loop
      vertex -19.5 8.5 1.2
      vertex -19.5 6.5 2.7
      vertex -19.5 6.5 1.2
    endloop
  endfacet
  facet normal -0 0 1
    outer loop
      vertex -21.5 8.5 2.7
      vertex -19.5 6.5 2.7
      vertex -19.5 8.5 2.7
    endloop
  endfacet
  facet normal 0 0 1
    outer loop
      vertex -19.5 6.5 2.7
      vertex -21.5 8.5 2.7
      vertex -21.5 6.5 2.7
    endloop
  endfacet
  facet normal -1 0 0
    outer loop
      vertex -21.5 6.5 1.2
      vertex -21.5 8.5 2.7
      vertex -21.5 8.5 1.2
    endloop
  endfacet
  facet normal -1 -0 0
    outer loop
      vertex -21.5 8.5 2.7
      vertex -21.5 6.5 1.2
      vertex -21.5 6.5 2.7
    endloop
  endfacet
  facet normal 0 1 -0
    outer loop
      vertex -19.5 8.5 1.2
      vertex -21.5 8.5 2.7
      vertex -19.5 8.5 2.7
    endloop
  endfacet
  facet normal 0 1 0
    outer loop
      vertex -21.5 8.5 2.7
      vertex -19.5 8.5 1.2
      vertex -21.5 8.5 1.2
    endloop
  endfacet
  facet normal 0 -1 0
    outer loop
      vertex -21.5 6.5 1.2
      vertex -19.5 6.5 2.7
      vertex -21.5 6.5 2.7
    endloop
  endfacet
  facet normal 0 -1 -0
    outer loop
      vertex -19.5 6.5 2.7
      vertex -21.5 6.5 1.2
      vertex -19.5 6.5 1.2
    endloop
  endfacet
  facet normal 1 -0 0
    outer loop
      vertex 21.5 -8.5 2.7
      vertex 21.5 -6.5 1.2
      vertex 21.5 -6.5 2.7
    endloop
  endfacet
  facet normal 1 0 0
    outer loop
      vertex 21.5 -6.5 1.2
      vertex 21.5 -8.5 2.7
      vertex 21.5 -8.5 1.2
    endloop
  endfacet
  facet normal -0 0 1
    outer loop
      vertex 19.5 -6.5 2.7
      vertex 21.5 -8.5 2.7
      vertex 21.5 -6.5 2.7
    endloop
  endfacet
  facet normal 0 0 1
    outer loop
      vertex 21.5 -8.5 2.7
      vertex 19.5 -6.5 2.7
      vertex 19.5 -8.5 2.7
    endloop
  endfacet
  facet normal -1 0 0
    outer loop
      vertex 19.5 -8.5 1.2
      vertex 19.5 -6.5 2.7
      vertex 19.5 -6.5 1.2
    endloop
  endfacet
  facet normal -1 -0 0
    outer loop
      vertex 19.5 -6.5 2.7
      vertex 19.5 -8.5 1.2
      vertex 19.5 -8.5 2.7
    endloop
  endfacet
  facet normal 0 1 -0
    outer loop
      vertex 21.5 -6.5 1.2
      vertex 19.5 -6.5 2.7
      vertex 21.5 -6.5 2.7
    endloop
  endfacet
  facet normal 0 1 0
    outer loop
      vertex 19.5 -6.5 2.7
      vertex 21.5 -6.5 1.2
      vertex 19.5 -6.5 1.2
    endloop
  endfacet
  facet normal 0 -1 0
    outer loop
      vertex 19.5 -8.5 1.2
      vertex 21.5 -8.5 2.7
      vertex 19.5 -8.5 2.7
    endloop
  endfacet
  facet normal 0 -1 -0
    outer loop
      vertex 21.5 -8.5 2.7
      vertex 19.5 -8.5 1.2
      vertex 21.5 -8.5 1.2
    endloop
  endfacet
  facet normal 1 -0 0
    outer loop
      vertex -19.5 -8.5 2.7
      vertex -19.5 -6.5 1.2
      vertex -19.5 -6.5 2.7
    endloop
  endfacet
  facet normal 1 0 0
    outer loop
      vertex -19.5 -6.5 1.2
      vertex -19.5 -8.5 2.7
      vertex -19.5 -8.5 1.2
    endloop
  endfacet
  facet normal -0 0 1
    outer loop
      vertex -21.5 -6.5 2.7
      vertex -19.5 -8.5 2.7
      vertex -19.5 -6.5 2.7
    endloop
  endfacet
  facet normal 0 0 1
    outer loop
      vertex -19.5 -8.5 2.7
      vertex -21.5 -6.5 2.7
      vertex -21.5 -8.5 2.7
    endloop
  endfacet
  facet normal -1 0 0
    outer loop
      vertex -21.5 -8.5 1.2
      vertex -21.5 -6.5 2.7
      vertex -21.5 -6.5 1.2
    endloop
  endfacet
  facet normal -1 -0 0
    outer loop
      vertex -21.5 -6.5 2.7
      vertex -21.5 -8.5 1.2
      vertex -21.5 -8.5 2.7
    endloop
  endfacet
  facet normal 0 1 -0
    outer loop
      vertex -19.5 -6.5 1.2
      vertex -21.5 -6.5 2.7
      vertex -19.5 -6.5 2.7
    endloop
  endfacet
  facet normal 0 1 0
    outer loop
      vertex -21.5 -6.5 2.7
      vertex -19.5 -6.5 1.2
      vertex -21.5 -6.5 1.2
    endloop
  endfacet
  facet normal 0 -1 0
    outer loop
      vertex -21.5 -8.5 1.2
      vertex -19.5 -8.5 2.7
      vertex -21.5 -8.5 2.7
    endloop
  endfacet
  facet normal 0 -1 -0
    outer loop
      vertex -19.5 -8.5 2.7
      vertex -21.5 -8.5 1.2
      vertex -19.5 -8.5 1.2
    endloop
  endfacet
  facet normal 0 0 1
    outer loop
      vertex -25.75 -9.9 22.55
      vertex -25.2127 -10.4967 22.55
      vertex -21.7533 -10.4967 22.55
    endloop
  endfacet
  facet normal 0 0 1
    outer loop
      vertex -25.2127 -10.4967 22.55
      vertex -25.75 -9.9 22.55
      vertex -25.3354 -10.4706 22.55
    endloop
  endfacet
  facet normal 0 0 1
    outer loop
      vertex -25.3354 -10.4706 22.55
      vertex -25.75 -9.9 22.55
      vertex -25.45 -10.4196 22.55
    endloop
  endfacet
  facet normal 0 0 1
    outer loop
      vertex -25.45 -10.4196 22.55
      vertex -25.75 -9.9 22.55
      vertex -25.5515 -10.3459 22.55
    endloop
  endfacet
  facet normal 0 0 1
    outer loop
      vertex -25.5515 -10.3459 22.55
      vertex -25.75 -9.9 22.55
      vertex -25.6354 -10.2527 22.55
    endloop
  endfacet
  facet normal 0 0 1
    outer loop
      vertex -25.6354 -10.2527 22.55
      vertex -25.75 -9.9 22.55
      vertex -25.6981 -10.144 22.55
    endloop
  endfacet
  facet normal -0 0 1
    outer loop
      vertex -25.75 -9.9 22.55
      vertex -21.7533 -10.4967 22.55
      vertex -25.75 -6.5 22.55
    endloop
  endfacet
  facet normal 0 0 1
    outer loop
      vertex -25.6981 -10.144 22.55
      vertex -25.75 -9.9 22.55
      vertex -25.7369 -10.0247 22.55
    endloop
  endfacet
  facet normal 0.707107 0.707107 0
    outer loop
      vertex -25.75 -6.5 22.55
      vertex -23.2 -9.05 6.2
      vertex -25.75 -6.5 1.2
    endloop
  endfacet
  facet normal 0.707107 0.707107 0
    outer loop
      vertex -21.7533 -10.4967 22.55
      vertex -23.2 -9.05 6.2
      vertex -25.75 -6.5 22.55
    endloop
  endfacet
  facet normal 0.707107 0.707107 0
    outer loop
      vertex -23.2 -9.05 6.2
      vertex -21.7533 -10.4967 22.55
      vertex -22.05 -10.2 6.2
    endloop
  endfacet
  facet normal 0.707107 0.707107 -0
    outer loop
      vertex -21.7533 -10.4967 1.2
      vertex -22.05 -10.2 6.2
      vertex -21.7533 -10.4967 22.55
    endloop
  endfacet
  facet normal 0.707107 0.707107 0
    outer loop
      vertex -22.05 -10.2 6.2
      vertex -21.7533 -10.4967 1.2
      vertex -22.05 -10.2 1.2
    endloop
  endfacet
  facet normal 0.707107 0.707107 0
    outer loop
      vertex -25.75 -6.5 1.2
      vertex -23.2 -9.05 6.2
      vertex -23.2 -9.05 1.2
    endloop
  endfacet
  facet normal 0.707107 -0.707107 0
    outer loop
      vertex -21.7533 10.4967 22.55
      vertex -22.05 10.2 6.2
      vertex -21.7533 10.4967 1.2
    endloop
  endfacet
  facet normal 0.707107 -0.707107 0
    outer loop
      vertex -21.7533 10.4967 22.55
      vertex -23.2 9.05 6.2
      vertex -22.05 10.2 6.2
    endloop
  endfacet
  facet normal 0.707107 -0.707107 0
    outer loop
      vertex -25.75 6.5 22.55
      vertex -23.2 9.05 6.2
      vertex -21.7533 10.4967 22.55
    endloop
  endfacet
  facet normal 0.707107 -0.707107 0
    outer loop
      vertex -25.75 6.5 1.2
      vertex -23.2 9.05 6.2
      vertex -25.75 6.5 22.55
    endloop
  endfacet
  facet normal 0.707107 -0.707107 0
    outer loop
      vertex -23.2 9.05 6.2
      vertex -25.75 6.5 1.2
      vertex -23.2 9.05 1.2
    endloop
  endfacet
  facet normal 0.707107 -0.707107 0
    outer loop
      vertex -21.7533 10.4967 1.2
      vertex -22.05 10.2 6.2
      vertex -22.05 10.2 1.2
    endloop
  endfacet
  facet normal 0 0 1
    outer loop
      vertex -25.75 9.9 22.55
      vertex -25.2127 10.4967 22.55
      vertex -25.3354 10.4706 22.55
    endloop
  endfacet
  facet normal 0 0 1
    outer loop
      vertex -25.75 9.9 22.55
      vertex -25.3354 10.4706 22.55
      vertex -25.45 10.4196 22.55
    endloop
  endfacet
  facet normal 0 0 1
    outer loop
      vertex -25.75 9.9 22.55
      vertex -25.45 10.4196 22.55
      vertex -25.5515 10.3459 22.55
    endloop
  endfacet
  facet normal 0 0 1
    outer loop
      vertex -25.75 9.9 22.55
      vertex -25.5515 10.3459 22.55
      vertex -25.6354 10.2527 22.55
    endloop
  endfacet
  facet normal 0 0 1
    outer loop
      vertex -25.75 9.9 22.55
      vertex -25.6354 10.2527 22.55
      vertex -25.6981 10.144 22.55
    endloop
  endfacet
  facet normal 0 0 1
    outer loop
      vertex -25.75 9.9 22.55
      vertex -25.6981 10.144 22.55
      vertex -25.7369 10.0247 22.55
    endloop
  endfacet
  facet normal -0 0 1
    outer loop
      vertex -25.2127 10.4967 22.55
      vertex -25.75 9.9 22.55
      vertex -21.7533 10.4967 22.55
    endloop
  endfacet
  facet normal 0 0 1
    outer loop
      vertex -21.7533 10.4967 22.55
      vertex -25.75 9.9 22.55
      vertex -25.75 6.5 22.55
    endloop
  endfacet
  facet normal 0 0 1
    outer loop
      vertex 21.7533 -10.4967 22.55
      vertex 25.75 -9.9 22.55
      vertex 25.75 -6.5 22.55
    endloop
  endfacet
  facet normal 0 0 1
    outer loop
      vertex 25.75 -9.9 22.55
      vertex 25.2127 -10.4967 22.55
      vertex 25.7369 -10.0247 22.55
    endloop
  endfacet
  facet normal 0 0 1
    outer loop
      vertex 25.7369 -10.0247 22.55
      vertex 25.2127 -10.4967 22.55
      vertex 25.6981 -10.144 22.55
    endloop
  endfacet
  facet normal 0 0 1
    outer loop
      vertex 25.6981 -10.144 22.55
      vertex 25.2127 -10.4967 22.55
      vertex 25.6354 -10.2527 22.55
    endloop
  endfacet
  facet normal 0 0 1
    outer loop
      vertex 25.6354 -10.2527 22.55
      vertex 25.2127 -10.4967 22.55
      vertex 25.5515 -10.3459 22.55
    endloop
  endfacet
  facet normal 0 0 1
    outer loop
      vertex 25.5515 -10.3459 22.55
      vertex 25.2127 -10.4967 22.55
      vertex 25.45 -10.4196 22.55
    endloop
  endfacet
  facet normal 0 0 1
    outer loop
      vertex 25.45 -10.4196 22.55
      vertex 25.2127 -10.4967 22.55
      vertex 25.3354 -10.4706 22.55
    endloop
  endfacet
  facet normal 0 0 1
    outer loop
      vertex 25.75 -9.9 22.55
      vertex 21.7533 -10.4967 22.55
      vertex 25.2127 -10.4967 22.55
    endloop
  endfacet
  facet normal -0.707107 0.707107 0
    outer loop
      vertex 22.05 -10.2 1.2
      vertex 21.7533 -10.4967 1.2
      vertex 22.05 -10.2 6.2
    endloop
  endfacet
  facet normal -0.707107 0.707107 0
    outer loop
      vertex 23.2 -9.05 6.2
      vertex 25.75 -6.5 1.2
      vertex 23.2 -9.05 1.2
    endloop
  endfacet
  facet normal -0.707107 0.707107 0
    outer loop
      vertex 25.75 -6.5 1.2
      vertex 23.2 -9.05 6.2
      vertex 25.75 -6.5 22.55
    endloop
  endfacet
  facet normal -0.707107 0.707107 0
    outer loop
      vertex 21.7533 -10.4967 22.55
      vertex 23.2 -9.05 6.2
      vertex 22.05 -10.2 6.2
    endloop
  endfacet
  facet normal -0.707107 0.707107 0
    outer loop
      vertex 23.2 -9.05 6.2
      vertex 21.7533 -10.4967 22.55
      vertex 25.75 -6.5 22.55
    endloop
  endfacet
  facet normal -0.707107 0.707107 0
    outer loop
      vertex 21.7533 -10.4967 22.55
      vertex 22.05 -10.2 6.2
      vertex 21.7533 -10.4967 1.2
    endloop
  endfacet
  facet normal -0.707107 -0.707107 0
    outer loop
      vertex 23.2 9.05 1.2
      vertex 25.75 6.5 1.2
      vertex 23.2 9.05 6.2
    endloop
  endfacet
  facet normal -0.707107 -0.707107 -0
    outer loop
      vertex 22.05 10.2 6.2
      vertex 21.7533 10.4967 1.2
      vertex 22.05 10.2 1.2
    endloop
  endfacet
  facet normal -0.707107 -0.707107 0
    outer loop
      vertex 21.7533 10.4967 1.2
      vertex 22.05 10.2 6.2
      vertex 21.7533 10.4967 22.55
    endloop
  endfacet
  facet normal -0.707107 -0.707107 0
    outer loop
      vertex 23.2 9.05 6.2
      vertex 21.7533 10.4967 22.55
      vertex 22.05 10.2 6.2
    endloop
  endfacet
  facet normal -0.707107 -0.707107 -0
    outer loop
      vertex 25.75 6.5 22.55
      vertex 23.2 9.05 6.2
      vertex 25.75 6.5 1.2
    endloop
  endfacet
  facet normal -0.707107 -0.707107 0
    outer loop
      vertex 23.2 9.05 6.2
      vertex 25.75 6.5 22.55
      vertex 21.7533 10.4967 22.55
    endloop
  endfacet
  facet normal 0 0 1
    outer loop
      vertex 25.2127 10.4967 22.55
      vertex 25.75 9.9 22.55
      vertex 25.7369 10.0247 22.55
    endloop
  endfacet
  facet normal 0 0 1
    outer loop
      vertex 25.2127 10.4967 22.55
      vertex 25.7369 10.0247 22.55
      vertex 25.6981 10.144 22.55
    endloop
  endfacet
  facet normal 0 0 1
    outer loop
      vertex 25.2127 10.4967 22.55
      vertex 25.6981 10.144 22.55
      vertex 25.6354 10.2527 22.55
    endloop
  endfacet
  facet normal 0 0 1
    outer loop
      vertex 25.2127 10.4967 22.55
      vertex 25.6354 10.2527 22.55
      vertex 25.5515 10.3459 22.55
    endloop
  endfacet
  facet normal 0 0 1
    outer loop
      vertex 25.2127 10.4967 22.55
      vertex 25.5515 10.3459 22.55
      vertex 25.45 10.4196 22.55
    endloop
  endfacet
  facet normal 0 0 1
    outer loop
      vertex 25.2127 10.4967 22.55
      vertex 25.45 10.4196 22.55
      vertex 25.3354 10.4706 22.55
    endloop
  endfacet
  facet normal -0 0 1
    outer loop
      vertex 21.7533 10.4967 22.55
      vertex 25.75 9.9 22.55
      vertex 25.2127 10.4967 22.55
    endloop
  endfacet
  facet normal 0 0 1
    outer loop
      vertex 25.75 9.9 22.55
      vertex 21.7533 10.4967 22.55
      vertex 25.75 6.5 22.55
    endloop
  endfacet
  facet normal 0.8 -0.6 0
    outer loop
      vertex 3.5 11.7 30.2
      vertex 5 13.7 1.90735e-07
      vertex 5 13.7 30.2
    endloop
  endfacet
  facet normal 0.8 -0.6 0
    outer loop
      vertex 5 13.7 1.90735e-07
      vertex 3.5 11.7 30.2
      vertex 3.5 11.7 1.90735e-07
    endloop
  endfacet
  facet normal 0 0 -1
    outer loop
      vertex -3.5 11.7 1.90735e-07
      vertex 5 13.7 1.90735e-07
      vertex 3.5 11.7 1.90735e-07
    endloop
  endfacet
  facet normal -0 0 -1
    outer loop
      vertex 5 13.7 1.90735e-07
      vertex -3.5 11.7 1.90735e-07
      vertex -5 13.7 1.90735e-07
    endloop
  endfacet
  facet normal 0 -1 0
    outer loop
      vertex -3.5 11.7 1.90735e-07
      vertex 3.5 11.7 30.2
      vertex -3.5 11.7 30.2
    endloop
  endfacet
  facet normal 0 -1 -0
    outer loop
      vertex 3.5 11.7 30.2
      vertex -3.5 11.7 1.90735e-07
      vertex 3.5 11.7 1.90735e-07
    endloop
  endfacet
  facet normal 0 1 -0
    outer loop
      vertex 5 13.7 1.90735e-07
      vertex -5 13.7 30.2
      vertex 5 13.7 30.2
    endloop
  endfacet
  facet normal 0 1 0
    outer loop
      vertex -5 13.7 30.2
      vertex 5 13.7 1.90735e-07
      vertex -5 13.7 1.90735e-07
    endloop
  endfacet
  facet normal 0 0 1
    outer loop
      vertex 5 13.7 30.2
      vertex -3.5 11.7 30.2
      vertex 3.5 11.7 30.2
    endloop
  endfacet
  facet normal 0 -0 1
    outer loop
      vertex -3.5 11.7 30.2
      vertex 5 13.7 30.2
      vertex -5 13.7 30.2
    endloop
  endfacet
  facet normal -0.8 -0.6 0
    outer loop
      vertex -3.5 11.7 1.90735e-07
      vertex -5 13.7 30.2
      vertex -5 13.7 1.90735e-07
    endloop
  endfacet
  facet normal -0.8 -0.6 0
    outer loop
      vertex -5 13.7 30.2
      vertex -3.5 11.7 1.90735e-07
      vertex -3.5 11.7 30.2
    endloop
  endfacet
  facet normal -0.406804 -0.913515 0
    outer loop
      vertex -26.05 21.9412 1.90735e-07
      vertex -25.7062 21.7881 1.2
      vertex -26.05 21.9412 1.2
    endloop
  endfacet
  facet normal -0.406804 -0.913515 -0
    outer loop
      vertex -25.7062 21.7881 1.2
      vertex -26.05 21.9412 1.90735e-07
      vertex -25.7062 21.7881 1.90735e-07
    endloop
  endfacet
  facet normal 0.865978 0.500083 0
    outer loop
      vertex 26.7944 44.0321 1.2
      vertex 26.6062 44.358 1.90735e-07
      vertex 26.6062 44.358 1.2
    endloop
  endfacet
  facet normal 0.865978 0.500083 0
    outer loop
      vertex 26.6062 44.358 1.90735e-07
      vertex 26.7944 44.0321 1.2
      vertex 26.7944 44.0321 1.90735e-07
    endloop
  endfacet
  facet normal -0.587682 0.809092 0
    outer loop
      vertex -26.05 44.8588 1.90735e-07
      vertex -26.3544 44.6377 1.2
      vertex -26.05 44.8588 1.2
    endloop
  endfacet
  facet normal -0.587682 0.809092 0
    outer loop
      vertex -26.3544 44.6377 1.2
      vertex -26.05 44.8588 1.90735e-07
      vertex -26.3544 44.6377 1.90735e-07
    endloop
  endfacet
  facet normal -0.587682 -0.809092 0
    outer loop
      vertex -26.3544 22.1623 1.90735e-07
      vertex -26.05 21.9412 1.2
      vertex -26.3544 22.1623 1.2
    endloop
  endfacet
  facet normal -0.587682 -0.809092 -0
    outer loop
      vertex -26.05 21.9412 1.2
      vertex -26.3544 22.1623 1.90735e-07
      vertex -26.05 21.9412 1.90735e-07
    endloop
  endfacet
  facet normal 0 -1 0
    outer loop
      vertex -25.3382 21.7099 1.90735e-07
      vertex 25.3382 21.7099 1.2
      vertex -25.3382 21.7099 1.2
    endloop
  endfacet
  facet normal 0 -1 -0
    outer loop
      vertex 25.3382 21.7099 1.2
      vertex -25.3382 21.7099 1.90735e-07
      vertex 25.3382 21.7099 1.90735e-07
    endloop
  endfacet
  facet normal -0.99453 0.10445 0
    outer loop
      vertex -26.95 43.3 1.90735e-07
      vertex -26.9107 43.6742 1.2
      vertex -26.9107 43.6742 1.90735e-07
    endloop
  endfacet
  facet normal -0.99453 0.10445 0
    outer loop
      vertex -26.9107 43.6742 1.2
      vertex -26.95 43.3 1.90735e-07
      vertex -26.95 43.3 1.2
    endloop
  endfacet
  facet normal 1 -0 0
    outer loop
      vertex 26.95 23.5 1.2
      vertex 26.95 43.3 1.90735e-07
      vertex 26.95 43.3 1.2
    endloop
  endfacet
  facet normal 1 0 0
    outer loop
      vertex 26.95 43.3 1.90735e-07
      vertex 26.95 23.5 1.2
      vertex 26.95 23.5 1.90735e-07
    endloop
  endfacet
  facet normal 0.207859 -0.978159 0
    outer loop
      vertex 25.3382 21.7099 1.90735e-07
      vertex 25.7062 21.7881 1.2
      vertex 25.3382 21.7099 1.2
    endloop
  endfacet
  facet normal 0.207859 -0.978159 0
    outer loop
      vertex 25.7062 21.7881 1.2
      vertex 25.3382 21.7099 1.90735e-07
      vertex 25.7062 21.7881 1.90735e-07
    endloop
  endfacet
  facet normal 0.743202 0.669067 0
    outer loop
      vertex 26.6062 44.358 1.2
      vertex 26.3544 44.6377 1.90735e-07
      vertex 26.3544 44.6377 1.2
    endloop
  endfacet
  facet normal 0.743202 0.669067 0
    outer loop
      vertex 26.3544 44.6377 1.90735e-07
      vertex 26.6062 44.358 1.2
      vertex 26.6062 44.358 1.90735e-07
    endloop
  endfacet
  facet normal 0.951048 0.309044 0
    outer loop
      vertex 26.9107 43.6742 1.2
      vertex 26.7944 44.0321 1.90735e-07
      vertex 26.7944 44.0321 1.2
    endloop
  endfacet
  facet normal 0.951048 0.309044 0
    outer loop
      vertex 26.7944 44.0321 1.90735e-07
      vertex 26.9107 43.6742 1.2
      vertex 26.9107 43.6742 1.90735e-07
    endloop
  endfacet
  facet normal 0.207859 0.978159 -0
    outer loop
      vertex 25.7062 45.0119 1.90735e-07
      vertex 25.3382 45.0901 1.2
      vertex 25.7062 45.0119 1.2
    endloop
  endfacet
  facet normal 0.207859 0.978159 0
    outer loop
      vertex 25.3382 45.0901 1.2
      vertex 25.7062 45.0119 1.90735e-07
      vertex 25.3382 45.0901 1.90735e-07
    endloop
  endfacet
  facet normal -0.406804 0.913515 0
    outer loop
      vertex -25.7062 45.0119 1.90735e-07
      vertex -26.05 44.8588 1.2
      vertex -25.7062 45.0119 1.2
    endloop
  endfacet
  facet normal -0.406804 0.913515 0
    outer loop
      vertex -26.05 44.8588 1.2
      vertex -25.7062 45.0119 1.90735e-07
      vertex -26.05 44.8588 1.90735e-07
    endloop
  endfacet
  facet normal -0.207859 -0.978159 0
    outer loop
      vertex -25.7062 21.7881 1.90735e-07
      vertex -25.3382 21.7099 1.2
      vertex -25.7062 21.7881 1.2
    endloop
  endfacet
  facet normal -0.207859 -0.978159 -0
    outer loop
      vertex -25.3382 21.7099 1.2
      vertex -25.7062 21.7881 1.90735e-07
      vertex -25.3382 21.7099 1.90735e-07
    endloop
  endfacet
  facet normal -1 0 0
    outer loop
      vertex -26.95 23.5 1.90735e-07
      vertex -26.95 43.3 1.2
      vertex -26.95 43.3 1.90735e-07
    endloop
  endfacet
  facet normal -1 -0 0
    outer loop
      vertex -26.95 43.3 1.2
      vertex -26.95 23.5 1.90735e-07
      vertex -26.95 23.5 1.2
    endloop
  endfacet
  facet normal 0.865978 -0.500083 0
    outer loop
      vertex 26.6062 22.442 1.2
      vertex 26.7944 22.7679 1.90735e-07
      vertex 26.7944 22.7679 1.2
    endloop
  endfacet
  facet normal 0.865978 -0.500083 0
    outer loop
      vertex 26.7944 22.7679 1.90735e-07
      vertex 26.6062 22.442 1.2
      vertex 26.6062 22.442 1.90735e-07
    endloop
  endfacet
  facet normal 0.99453 0.10445 0
    outer loop
      vertex 26.95 43.3 1.2
      vertex 26.9107 43.6742 1.90735e-07
      vertex 26.9107 43.6742 1.2
    endloop
  endfacet
  facet normal 0.99453 0.10445 0
    outer loop
      vertex 26.9107 43.6742 1.90735e-07
      vertex 26.95 43.3 1.2
      vertex 26.95 43.3 1.90735e-07
    endloop
  endfacet
  facet normal 0.406804 0.913515 -0
    outer loop
      vertex 26.05 44.8588 1.90735e-07
      vertex 25.7062 45.0119 1.2
      vertex 26.05 44.8588 1.2
    endloop
  endfacet
  facet normal 0.406804 0.913515 0
    outer loop
      vertex 25.7062 45.0119 1.2
      vertex 26.05 44.8588 1.90735e-07
      vertex 25.7062 45.0119 1.90735e-07
    endloop
  endfacet
  facet normal 0.587682 0.809092 -0
    outer loop
      vertex 26.3544 44.6377 1.90735e-07
      vertex 26.05 44.8588 1.2
      vertex 26.3544 44.6377 1.2
    endloop
  endfacet
  facet normal 0.587682 0.809092 0
    outer loop
      vertex 26.05 44.8588 1.2
      vertex 26.3544 44.6377 1.90735e-07
      vertex 26.05 44.8588 1.90735e-07
    endloop
  endfacet
  facet normal -0.743202 0.669067 0
    outer loop
      vertex -26.6062 44.358 1.90735e-07
      vertex -26.3544 44.6377 1.2
      vertex -26.3544 44.6377 1.90735e-07
    endloop
  endfacet
  facet normal -0.743202 0.669067 0
    outer loop
      vertex -26.3544 44.6377 1.2
      vertex -26.6062 44.358 1.90735e-07
      vertex -26.6062 44.358 1.2
    endloop
  endfacet
  facet normal -0.743202 -0.669067 0
    outer loop
      vertex -26.3544 22.1623 1.90735e-07
      vertex -26.6062 22.442 1.2
      vertex -26.6062 22.442 1.90735e-07
    endloop
  endfacet
  facet normal -0.743202 -0.669067 0
    outer loop
      vertex -26.6062 22.442 1.2
      vertex -26.3544 22.1623 1.90735e-07
      vertex -26.3544 22.1623 1.2
    endloop
  endfacet
  facet normal 0.743202 -0.669067 0
    outer loop
      vertex 26.3544 22.1623 1.2
      vertex 26.6062 22.442 1.90735e-07
      vertex 26.6062 22.442 1.2
    endloop
  endfacet
  facet normal 0.743202 -0.669067 0
    outer loop
      vertex 26.6062 22.442 1.90735e-07
      vertex 26.3544 22.1623 1.2
      vertex 26.3544 22.1623 1.90735e-07
    endloop
  endfacet
  facet normal 0.99453 -0.10445 0
    outer loop
      vertex 26.9107 23.1258 1.2
      vertex 26.95 23.5 1.90735e-07
      vertex 26.95 23.5 1.2
    endloop
  endfacet
  facet normal 0.99453 -0.10445 0
    outer loop
      vertex 26.95 23.5 1.90735e-07
      vertex 26.9107 23.1258 1.2
      vertex 26.9107 23.1258 1.90735e-07
    endloop
  endfacet
  facet normal 0 0 1
    outer loop
      vertex 25.6 43.3 1.2
      vertex 26.95 43.3 1.2
      vertex 26.9107 43.6742 1.2
    endloop
  endfacet
  facet normal 0 0 1
    outer loop
      vertex 26.95 43.3 1.2
      vertex 25.6 43.3 1.2
      vertex 26.95 23.5 1.2
    endloop
  endfacet
  facet normal 0 0 1
    outer loop
      vertex 25.5902 43.3936 1.2
      vertex 26.9107 43.6742 1.2
      vertex 26.7944 44.0321 1.2
    endloop
  endfacet
  facet normal 0 0 1
    outer loop
      vertex 25.6 23.5 1.2
      vertex 26.95 23.5 1.2
      vertex 25.6 43.3 1.2
    endloop
  endfacet
  facet normal 0 0 1
    outer loop
      vertex 25.5611 43.483 1.2
      vertex 26.7944 44.0321 1.2
      vertex 26.6062 44.358 1.2
    endloop
  endfacet
  facet normal 0 0 1
    outer loop
      vertex 26.95 23.5 1.2
      vertex 25.6 23.5 1.2
      vertex 26.9107 23.1258 1.2
    endloop
  endfacet
  facet normal 0 0 1
    outer loop
      vertex 25.5141 43.5645 1.2
      vertex 26.6062 44.358 1.2
      vertex 26.3544 44.6377 1.2
    endloop
  endfacet
  facet normal -0 0 1
    outer loop
      vertex 25.5902 23.4064 1.2
      vertex 26.9107 23.1258 1.2
      vertex 25.6 23.5 1.2
    endloop
  endfacet
  facet normal 0 0 1
    outer loop
      vertex 25.4511 43.6344 1.2
      vertex 26.3544 44.6377 1.2
      vertex 26.05 44.8588 1.2
    endloop
  endfacet
  facet normal 0 0 1
    outer loop
      vertex 26.9107 23.1258 1.2
      vertex 25.5902 23.4064 1.2
      vertex 26.7944 22.7679 1.2
    endloop
  endfacet
  facet normal 0 0 1
    outer loop
      vertex 25.375 43.6897 1.2
      vertex 26.05 44.8588 1.2
      vertex 25.7062 45.0119 1.2
    endloop
  endfacet
  facet normal -0 0 1
    outer loop
      vertex 25.5611 23.317 1.2
      vertex 26.7944 22.7679 1.2
      vertex 25.5902 23.4064 1.2
    endloop
  endfacet
  facet normal 0 0 1
    outer loop
      vertex 26.7944 22.7679 1.2
      vertex 25.5611 23.317 1.2
      vertex 26.6062 22.442 1.2
    endloop
  endfacet
  facet normal 0 0 1
    outer loop
      vertex 26.9107 43.6742 1.2
      vertex 25.5902 43.3936 1.2
      vertex 25.6 43.3 1.2
    endloop
  endfacet
  facet normal 0 0 1
    outer loop
      vertex 26.7944 44.0321 1.2
      vertex 25.5611 43.483 1.2
      vertex 25.5902 43.3936 1.2
    endloop
  endfacet
  facet normal 0 0 1
    outer loop
      vertex 26.6062 44.358 1.2
      vertex 25.5141 43.5645 1.2
      vertex 25.5611 43.483 1.2
    endloop
  endfacet
  facet normal 0 0 1
    outer loop
      vertex 26.3544 44.6377 1.2
      vertex 25.4511 43.6344 1.2
      vertex 25.5141 43.5645 1.2
    endloop
  endfacet
  facet normal 0 0 1
    outer loop
      vertex 26.05 44.8588 1.2
      vertex 25.375 43.6897 1.2
      vertex 25.4511 43.6344 1.2
    endloop
  endfacet
  facet normal 0 0 1
    outer loop
      vertex 25.2891 43.728 1.2
      vertex 25.7062 45.0119 1.2
      vertex 25.3382 45.0901 1.2
    endloop
  endfacet
  facet normal 0 0 1
    outer loop
      vertex 25.7062 45.0119 1.2
      vertex 25.2891 43.728 1.2
      vertex 25.375 43.6897 1.2
    endloop
  endfacet
  facet normal 0 0 1
    outer loop
      vertex 25.3382 45.0901 1.2
      vertex 25.197 43.7475 1.2
      vertex 25.2891 43.728 1.2
    endloop
  endfacet
  facet normal 0 0 1
    outer loop
      vertex 25.3382 45.0901 1.2
      vertex -25.197 43.7475 1.2
      vertex 25.197 43.7475 1.2
    endloop
  endfacet
  facet normal -0 0 1
    outer loop
      vertex -25.3382 45.0901 1.2
      vertex -25.197 43.7475 1.2
      vertex 25.3382 45.0901 1.2
    endloop
  endfacet
  facet normal 0 0 1
    outer loop
      vertex -25.3382 45.0901 1.2
      vertex -25.2891 43.728 1.2
      vertex -25.197 43.7475 1.2
    endloop
  endfacet
  facet normal -0 0 1
    outer loop
      vertex -25.7062 45.0119 1.2
      vertex -25.2891 43.728 1.2
      vertex -25.3382 45.0901 1.2
    endloop
  endfacet
  facet normal 0 0 1
    outer loop
      vertex -25.2891 43.728 1.2
      vertex -25.7062 45.0119 1.2
      vertex -25.375 43.6897 1.2
    endloop
  endfacet
  facet normal -0 0 1
    outer loop
      vertex -26.05 44.8588 1.2
      vertex -25.375 43.6897 1.2
      vertex -25.7062 45.0119 1.2
    endloop
  endfacet
  facet normal 0 0 1
    outer loop
      vertex -25.375 43.6897 1.2
      vertex -26.05 44.8588 1.2
      vertex -25.4511 43.6344 1.2
    endloop
  endfacet
  facet normal -0 0 1
    outer loop
      vertex -26.3544 44.6377 1.2
      vertex -25.4511 43.6344 1.2
      vertex -26.05 44.8588 1.2
    endloop
  endfacet
  facet normal 0 0 1
    outer loop
      vertex -25.5141 43.5645 1.2
      vertex -26.6062 44.358 1.2
      vertex -25.5611 43.483 1.2
    endloop
  endfacet
  facet normal -0 0 1
    outer loop
      vertex -26.6062 44.358 1.2
      vertex -25.5141 43.5645 1.2
      vertex -26.3544 44.6377 1.2
    endloop
  endfacet
  facet normal 0 0 1
    outer loop
      vertex -25.4511 43.6344 1.2
      vertex -26.3544 44.6377 1.2
      vertex -25.5141 43.5645 1.2
    endloop
  endfacet
  facet normal -0 0 1
    outer loop
      vertex 25.5141 23.2355 1.2
      vertex 26.6062 22.442 1.2
      vertex 25.5611 23.317 1.2
    endloop
  endfacet
  facet normal 0 0 1
    outer loop
      vertex 26.6062 22.442 1.2
      vertex 25.5141 23.2355 1.2
      vertex 26.3544 22.1623 1.2
    endloop
  endfacet
  facet normal -0 0 1
    outer loop
      vertex 25.4511 23.1656 1.2
      vertex 26.3544 22.1623 1.2
      vertex 25.5141 23.2355 1.2
    endloop
  endfacet
  facet normal 0 0 1
    outer loop
      vertex 26.3544 22.1623 1.2
      vertex 25.4511 23.1656 1.2
      vertex 26.05 21.9412 1.2
    endloop
  endfacet
  facet normal -0 0 1
    outer loop
      vertex 25.375 23.1103 1.2
      vertex 26.05 21.9412 1.2
      vertex 25.4511 23.1656 1.2
    endloop
  endfacet
  facet normal 0 0 1
    outer loop
      vertex 26.05 21.9412 1.2
      vertex 25.375 23.1103 1.2
      vertex 25.7062 21.7881 1.2
    endloop
  endfacet
  facet normal -0 0 1
    outer loop
      vertex 25.2891 23.072 1.2
      vertex 25.7062 21.7881 1.2
      vertex 25.375 23.1103 1.2
    endloop
  endfacet
  facet normal 0 0 1
    outer loop
      vertex 25.7062 21.7881 1.2
      vertex 25.2891 23.072 1.2
      vertex 25.3382 21.7099 1.2
    endloop
  endfacet
  facet normal -0 0 1
    outer loop
      vertex 25.197 23.0525 1.2
      vertex 25.3382 21.7099 1.2
      vertex 25.2891 23.072 1.2
    endloop
  endfacet
  facet normal -0 0 1
    outer loop
      vertex -25.197 23.0525 1.2
      vertex 25.3382 21.7099 1.2
      vertex 25.197 23.0525 1.2
    endloop
  endfacet
  facet normal 0 0 1
    outer loop
      vertex -25.197 23.0525 1.2
      vertex -25.3382 21.7099 1.2
      vertex 25.3382 21.7099 1.2
    endloop
  endfacet
  facet normal 0 0 1
    outer loop
      vertex -25.2891 23.072 1.2
      vertex -25.3382 21.7099 1.2
      vertex -25.197 23.0525 1.2
    endloop
  endfacet
  facet normal 0 0 1
    outer loop
      vertex -25.7062 21.7881 1.2
      vertex -25.2891 23.072 1.2
      vertex -25.375 23.1103 1.2
    endloop
  endfacet
  facet normal 0 0 1
    outer loop
      vertex -26.05 21.9412 1.2
      vertex -25.375 23.1103 1.2
      vertex -25.4511 23.1656 1.2
    endloop
  endfacet
  facet normal 0 0 1
    outer loop
      vertex -26.3544 22.1623 1.2
      vertex -25.4511 23.1656 1.2
      vertex -25.5141 23.2355 1.2
    endloop
  endfacet
  facet normal 0 0 1
    outer loop
      vertex -26.6062 22.442 1.2
      vertex -25.5141 23.2355 1.2
      vertex -25.5611 23.317 1.2
    endloop
  endfacet
  facet normal 0 0 1
    outer loop
      vertex -26.7944 22.7679 1.2
      vertex -25.5611 23.317 1.2
      vertex -25.5902 23.4064 1.2
    endloop
  endfacet
  facet normal 0 0 1
    outer loop
      vertex -25.2891 23.072 1.2
      vertex -25.7062 21.7881 1.2
      vertex -25.3382 21.7099 1.2
    endloop
  endfacet
  facet normal 0 0 1
    outer loop
      vertex -26.9107 23.1258 1.2
      vertex -25.5902 23.4064 1.2
      vertex -25.6 23.5 1.2
    endloop
  endfacet
  facet normal 0 0 1
    outer loop
      vertex -25.6 43.3 1.2
      vertex -26.95 43.3 1.2
      vertex -25.6 23.5 1.2
    endloop
  endfacet
  facet normal -0 0 1
    outer loop
      vertex -26.7944 44.0321 1.2
      vertex -25.5611 43.483 1.2
      vertex -26.6062 44.358 1.2
    endloop
  endfacet
  facet normal 0 0 1
    outer loop
      vertex -26.95 23.5 1.2
      vertex -25.6 23.5 1.2
      vertex -26.95 43.3 1.2
    endloop
  endfacet
  facet normal 0 0 1
    outer loop
      vertex -25.5611 43.483 1.2
      vertex -26.7944 44.0321 1.2
      vertex -25.5902 43.3936 1.2
    endloop
  endfacet
  facet normal 0 -0 1
    outer loop
      vertex -26.9107 23.1258 1.2
      vertex -25.6 23.5 1.2
      vertex -26.95 23.5 1.2
    endloop
  endfacet
  facet normal -0 0 1
    outer loop
      vertex -26.9107 43.6742 1.2
      vertex -25.5902 43.3936 1.2
      vertex -26.7944 44.0321 1.2
    endloop
  endfacet
  facet normal 0 0 1
    outer loop
      vertex -25.375 23.1103 1.2
      vertex -26.05 21.9412 1.2
      vertex -25.7062 21.7881 1.2
    endloop
  endfacet
  facet normal 0 0 1
    outer loop
      vertex -25.5902 43.3936 1.2
      vertex -26.9107 43.6742 1.2
      vertex -25.6 43.3 1.2
    endloop
  endfacet
  facet normal 0 0 1
    outer loop
      vertex -25.4511 23.1656 1.2
      vertex -26.3544 22.1623 1.2
      vertex -26.05 21.9412 1.2
    endloop
  endfacet
  facet normal 0 0 1
    outer loop
      vertex -25.6 43.3 1.2
      vertex -26.9107 43.6742 1.2
      vertex -26.95 43.3 1.2
    endloop
  endfacet
  facet normal 0 0 1
    outer loop
      vertex -25.5141 23.2355 1.2
      vertex -26.6062 22.442 1.2
      vertex -26.3544 22.1623 1.2
    endloop
  endfacet
  facet normal 0 0 1
    outer loop
      vertex -25.5611 23.317 1.2
      vertex -26.7944 22.7679 1.2
      vertex -26.6062 22.442 1.2
    endloop
  endfacet
  facet normal 0 0 1
    outer loop
      vertex -25.5902 23.4064 1.2
      vertex -26.9107 23.1258 1.2
      vertex -26.7944 22.7679 1.2
    endloop
  endfacet
  facet normal -0.99453 -0.10445 0
    outer loop
      vertex -26.9107 23.1258 1.90735e-07
      vertex -26.95 23.5 1.2
      vertex -26.95 23.5 1.90735e-07
    endloop
  endfacet
  facet normal -0.99453 -0.10445 0
    outer loop
      vertex -26.95 23.5 1.2
      vertex -26.9107 23.1258 1.90735e-07
      vertex -26.9107 23.1258 1.2
    endloop
  endfacet
  facet normal 0 1 -0
    outer loop
      vertex 25.3382 45.0901 1.90735e-07
      vertex -25.3382 45.0901 1.2
      vertex 25.3382 45.0901 1.2
    endloop
  endfacet
  facet normal 0 1 0
    outer loop
      vertex -25.3382 45.0901 1.2
      vertex 25.3382 45.0901 1.90735e-07
      vertex -25.3382 45.0901 1.90735e-07
    endloop
  endfacet
  facet normal 0.587682 -0.809092 0
    outer loop
      vertex 26.05 21.9412 1.90735e-07
      vertex 26.3544 22.1623 1.2
      vertex 26.05 21.9412 1.2
    endloop
  endfacet
  facet normal 0.587682 -0.809092 0
    outer loop
      vertex 26.3544 22.1623 1.2
      vertex 26.05 21.9412 1.90735e-07
      vertex 26.3544 22.1623 1.90735e-07
    endloop
  endfacet
  facet normal -0.207859 0.978159 0
    outer loop
      vertex -25.3382 45.0901 1.90735e-07
      vertex -25.7062 45.0119 1.2
      vertex -25.3382 45.0901 1.2
    endloop
  endfacet
  facet normal -0.207859 0.978159 0
    outer loop
      vertex -25.7062 45.0119 1.2
      vertex -25.3382 45.0901 1.90735e-07
      vertex -25.7062 45.0119 1.90735e-07
    endloop
  endfacet
  facet normal 0.951048 -0.309044 0
    outer loop
      vertex 26.7944 22.7679 1.2
      vertex 26.9107 23.1258 1.90735e-07
      vertex 26.9107 23.1258 1.2
    endloop
  endfacet
  facet normal 0.951048 -0.309044 0
    outer loop
      vertex 26.9107 23.1258 1.90735e-07
      vertex 26.7944 22.7679 1.2
      vertex 26.7944 22.7679 1.90735e-07
    endloop
  endfacet
  facet normal -0.865978 0.500083 0
    outer loop
      vertex -26.7944 44.0321 1.90735e-07
      vertex -26.6062 44.358 1.2
      vertex -26.6062 44.358 1.90735e-07
    endloop
  endfacet
  facet normal -0.865978 0.500083 0
    outer loop
      vertex -26.6062 44.358 1.2
      vertex -26.7944 44.0321 1.90735e-07
      vertex -26.7944 44.0321 1.2
    endloop
  endfacet
  facet normal -0.951048 -0.309044 0
    outer loop
      vertex -26.7944 22.7679 1.90735e-07
      vertex -26.9107 23.1258 1.2
      vertex -26.9107 23.1258 1.90735e-07
    endloop
  endfacet
  facet normal -0.951048 -0.309044 0
    outer loop
      vertex -26.9107 23.1258 1.2
      vertex -26.7944 22.7679 1.90735e-07
      vertex -26.7944 22.7679 1.2
    endloop
  endfacet
  facet normal -0.865978 -0.500083 0
    outer loop
      vertex -26.6062 22.442 1.90735e-07
      vertex -26.7944 22.7679 1.2
      vertex -26.7944 22.7679 1.90735e-07
    endloop
  endfacet
  facet normal -0.865978 -0.500083 0
    outer loop
      vertex -26.7944 22.7679 1.2
      vertex -26.6062 22.442 1.90735e-07
      vertex -26.6062 22.442 1.2
    endloop
  endfacet
  facet normal -0.951048 0.309044 0
    outer loop
      vertex -26.9107 43.6742 1.90735e-07
      vertex -26.7944 44.0321 1.2
      vertex -26.7944 44.0321 1.90735e-07
    endloop
  endfacet
  facet normal -0.951048 0.309044 0
    outer loop
      vertex -26.7944 44.0321 1.2
      vertex -26.9107 43.6742 1.90735e-07
      vertex -26.9107 43.6742 1.2
    endloop
  endfacet
  facet normal 0.406804 -0.913515 0
    outer loop
      vertex 25.7062 21.7881 1.90735e-07
      vertex 26.05 21.9412 1.2
      vertex 25.7062 21.7881 1.2
    endloop
  endfacet
  facet normal 0.406804 -0.913515 0
    outer loop
      vertex 26.05 21.9412 1.2
      vertex 25.7062 21.7881 1.90735e-07
      vertex 26.05 21.9412 1.90735e-07
    endloop
  endfacet
  facet normal 0 0 -1
    outer loop
      vertex -21.8262 41.1505 1.90735e-07
      vertex 25.3382 45.0901 1.90735e-07
      vertex -21.8262 25.6495 1.90735e-07
    endloop
  endfacet
  facet normal 0 0 -1
    outer loop
      vertex 25.3382 45.0901 1.90735e-07
      vertex -21.8262 41.1505 1.90735e-07
      vertex -21.8 41.4 1.90735e-07
    endloop
  endfacet
  facet normal 0 0 -1
    outer loop
      vertex -21.9037 25.8881 1.90735e-07
      vertex -21.8262 41.1505 1.90735e-07
      vertex -21.8262 25.6495 1.90735e-07
    endloop
  endfacet
  facet normal 0 0 -1
    outer loop
      vertex -21.9037 25.8881 1.90735e-07
      vertex -21.9037 40.9119 1.90735e-07
      vertex -21.8262 41.1505 1.90735e-07
    endloop
  endfacet
  facet normal 0 0 -1
    outer loop
      vertex -22.0292 26.1053 1.90735e-07
      vertex -21.9037 40.9119 1.90735e-07
      vertex -21.9037 25.8881 1.90735e-07
    endloop
  endfacet
  facet normal 0 0 -1
    outer loop
      vertex -22.0292 26.1053 1.90735e-07
      vertex -22.0292 40.6947 1.90735e-07
      vertex -21.9037 40.9119 1.90735e-07
    endloop
  endfacet
  facet normal 0 0 -1
    outer loop
      vertex -22.197 26.2918 1.90735e-07
      vertex -22.0292 40.6947 1.90735e-07
      vertex -22.0292 26.1053 1.90735e-07
    endloop
  endfacet
  facet normal 0 0 -1
    outer loop
      vertex -22.197 26.2918 1.90735e-07
      vertex -22.197 40.5082 1.90735e-07
      vertex -22.0292 40.6947 1.90735e-07
    endloop
  endfacet
  facet normal 0 0 -1
    outer loop
      vertex -22.4 26.4392 1.90735e-07
      vertex -22.197 40.5082 1.90735e-07
      vertex -22.197 26.2918 1.90735e-07
    endloop
  endfacet
  facet normal 0 0 -1
    outer loop
      vertex -22.4 26.4392 1.90735e-07
      vertex -22.4 40.3608 1.90735e-07
      vertex -22.197 40.5082 1.90735e-07
    endloop
  endfacet
  facet normal 0 0 -1
    outer loop
      vertex -22.6292 26.5413 1.90735e-07
      vertex -22.4 40.3608 1.90735e-07
      vertex -22.4 26.4392 1.90735e-07
    endloop
  endfacet
  facet normal 0 0 -1
    outer loop
      vertex -22.6292 26.5413 1.90735e-07
      vertex -22.6292 40.2587 1.90735e-07
      vertex -22.4 40.3608 1.90735e-07
    endloop
  endfacet
  facet normal 0 0 -1
    outer loop
      vertex -22.8746 26.5934 1.90735e-07
      vertex -22.6292 40.2587 1.90735e-07
      vertex -22.6292 26.5413 1.90735e-07
    endloop
  endfacet
  facet normal 0 0 -1
    outer loop
      vertex -22.8746 26.5934 1.90735e-07
      vertex -22.8746 40.2066 1.90735e-07
      vertex -22.6292 40.2587 1.90735e-07
    endloop
  endfacet
  facet normal 0 0 -1
    outer loop
      vertex -23.1254 26.5934 1.90735e-07
      vertex -22.8746 40.2066 1.90735e-07
      vertex -22.8746 26.5934 1.90735e-07
    endloop
  endfacet
  facet normal 0 0 -1
    outer loop
      vertex -23.1254 26.5934 1.90735e-07
      vertex -23.1254 40.2066 1.90735e-07
      vertex -22.8746 40.2066 1.90735e-07
    endloop
  endfacet
  facet normal 0 0 -1
    outer loop
      vertex -23.3708 26.5413 1.90735e-07
      vertex -23.1254 40.2066 1.90735e-07
      vertex -23.1254 26.5934 1.90735e-07
    endloop
  endfacet
  facet normal 0 0 -1
    outer loop
      vertex -23.3708 26.5413 1.90735e-07
      vertex -23.3708 40.2587 1.90735e-07
      vertex -23.1254 40.2066 1.90735e-07
    endloop
  endfacet
  facet normal 0 0 -1
    outer loop
      vertex -23.6 26.4392 1.90735e-07
      vertex -23.3708 40.2587 1.90735e-07
      vertex -23.3708 26.5413 1.90735e-07
    endloop
  endfacet
  facet normal 0 0 -1
    outer loop
      vertex -23.6 26.4392 1.90735e-07
      vertex -23.6 40.3608 1.90735e-07
      vertex -23.3708 40.2587 1.90735e-07
    endloop
  endfacet
  facet normal 0 0 -1
    outer loop
      vertex -23.803 26.2918 1.90735e-07
      vertex -23.6 40.3608 1.90735e-07
      vertex -23.6 26.4392 1.90735e-07
    endloop
  endfacet
  facet normal 0 0 -1
    outer loop
      vertex -23.803 26.2918 1.90735e-07
      vertex -23.803 40.5082 1.90735e-07
      vertex -23.6 40.3608 1.90735e-07
    endloop
  endfacet
  facet normal 0 0 -1
    outer loop
      vertex -23.9708 26.1053 1.90735e-07
      vertex -23.803 40.5082 1.90735e-07
      vertex -23.803 26.2918 1.90735e-07
    endloop
  endfacet
  facet normal 0 0 -1
    outer loop
      vertex -23.9708 26.1053 1.90735e-07
      vertex -23.9708 40.6947 1.90735e-07
      vertex -23.803 40.5082 1.90735e-07
    endloop
  endfacet
  facet normal 0 0 -1
    outer loop
      vertex -26.95 23.5 1.90735e-07
      vertex -23.9708 26.1053 1.90735e-07
      vertex -24.0963 25.8881 1.90735e-07
    endloop
  endfacet
  facet normal -0 0 -1
    outer loop
      vertex -23.9708 26.1053 1.90735e-07
      vertex -26.95 23.5 1.90735e-07
      vertex -23.9708 40.6947 1.90735e-07
    endloop
  endfacet
  facet normal 0 0 -1
    outer loop
      vertex -26.95 23.5 1.90735e-07
      vertex -24.0963 25.8881 1.90735e-07
      vertex -24.1738 25.6495 1.90735e-07
    endloop
  endfacet
  facet normal 0 0 -1
    outer loop
      vertex -26.95 43.3 1.90735e-07
      vertex -23.9708 40.6947 1.90735e-07
      vertex -26.95 23.5 1.90735e-07
    endloop
  endfacet
  facet normal 0 0 -1
    outer loop
      vertex -26.95 23.5 1.90735e-07
      vertex -24.1738 25.6495 1.90735e-07
      vertex -24.2 25.4 1.90735e-07
    endloop
  endfacet
  facet normal 0 0 -1
    outer loop
      vertex -23.9708 40.6947 1.90735e-07
      vertex -26.95 43.3 1.90735e-07
      vertex -24.0963 40.9119 1.90735e-07
    endloop
  endfacet
  facet normal 0 0 -1
    outer loop
      vertex 25.3382 21.7099 1.90735e-07
      vertex 26.95 23.5 1.90735e-07
      vertex 26.9107 23.1258 1.90735e-07
    endloop
  endfacet
  facet normal -0 0 -1
    outer loop
      vertex 26.95 23.5 1.90735e-07
      vertex 25.3382 21.7099 1.90735e-07
      vertex 26.95 43.3 1.90735e-07
    endloop
  endfacet
  facet normal 0 0 -1
    outer loop
      vertex 25.3382 21.7099 1.90735e-07
      vertex 26.9107 23.1258 1.90735e-07
      vertex 26.7944 22.7679 1.90735e-07
    endloop
  endfacet
  facet normal 0 0 -1
    outer loop
      vertex 25.3382 45.0901 1.90735e-07
      vertex 26.95 43.3 1.90735e-07
      vertex 25.3382 21.7099 1.90735e-07
    endloop
  endfacet
  facet normal 0 0 -1
    outer loop
      vertex 25.3382 21.7099 1.90735e-07
      vertex 26.7944 22.7679 1.90735e-07
      vertex 26.6062 22.442 1.90735e-07
    endloop
  endfacet
  facet normal 0 0 -1
    outer loop
      vertex 26.95 43.3 1.90735e-07
      vertex 25.3382 45.0901 1.90735e-07
      vertex 26.9107 43.6742 1.90735e-07
    endloop
  endfacet
  facet normal 0 0 -1
    outer loop
      vertex 25.3382 21.7099 1.90735e-07
      vertex 26.6062 22.442 1.90735e-07
      vertex 26.3544 22.1623 1.90735e-07
    endloop
  endfacet
  facet normal 0 0 -1
    outer loop
      vertex 26.9107 43.6742 1.90735e-07
      vertex 25.3382 45.0901 1.90735e-07
      vertex 26.7944 44.0321 1.90735e-07
    endloop
  endfacet
  facet normal 0 0 -1
    outer loop
      vertex 25.3382 21.7099 1.90735e-07
      vertex 26.3544 22.1623 1.90735e-07
      vertex 26.05 21.9412 1.90735e-07
    endloop
  endfacet
  facet normal 0 0 -1
    outer loop
      vertex 26.7944 44.0321 1.90735e-07
      vertex 25.3382 45.0901 1.90735e-07
      vertex 26.6062 44.358 1.90735e-07
    endloop
  endfacet
  facet normal 0 0 -1
    outer loop
      vertex 25.3382 21.7099 1.90735e-07
      vertex 26.05 21.9412 1.90735e-07
      vertex 25.7062 21.7881 1.90735e-07
    endloop
  endfacet
  facet normal 0 0 -1
    outer loop
      vertex 26.6062 44.358 1.90735e-07
      vertex 25.3382 45.0901 1.90735e-07
      vertex 26.3544 44.6377 1.90735e-07
    endloop
  endfacet
  facet normal 0 0 -1
    outer loop
      vertex 26.3544 44.6377 1.90735e-07
      vertex 25.3382 45.0901 1.90735e-07
      vertex 26.05 44.8588 1.90735e-07
    endloop
  endfacet
  facet normal 0 0 -1
    outer loop
      vertex 26.05 44.8588 1.90735e-07
      vertex 25.3382 45.0901 1.90735e-07
      vertex 25.7062 45.0119 1.90735e-07
    endloop
  endfacet
  facet normal 0 0 -1
    outer loop
      vertex -21.8262 25.6495 1.90735e-07
      vertex 25.3382 21.7099 1.90735e-07
      vertex -21.8 25.4 1.90735e-07
    endloop
  endfacet
  facet normal 0 0 -1
    outer loop
      vertex 25.3382 21.7099 1.90735e-07
      vertex -21.8262 25.1505 1.90735e-07
      vertex -21.8 25.4 1.90735e-07
    endloop
  endfacet
  facet normal 0 0 -1
    outer loop
      vertex 25.3382 21.7099 1.90735e-07
      vertex -21.9037 24.9119 1.90735e-07
      vertex -21.8262 25.1505 1.90735e-07
    endloop
  endfacet
  facet normal 0 0 -1
    outer loop
      vertex 25.3382 21.7099 1.90735e-07
      vertex -22.0292 24.6947 1.90735e-07
      vertex -21.9037 24.9119 1.90735e-07
    endloop
  endfacet
  facet normal 0 0 -1
    outer loop
      vertex 25.3382 21.7099 1.90735e-07
      vertex -22.197 24.5082 1.90735e-07
      vertex -22.0292 24.6947 1.90735e-07
    endloop
  endfacet
  facet normal 0 0 -1
    outer loop
      vertex -25.3382 21.7099 1.90735e-07
      vertex -22.197 24.5082 1.90735e-07
      vertex 25.3382 21.7099 1.90735e-07
    endloop
  endfacet
  facet normal 0 0 -1
    outer loop
      vertex -22.197 24.5082 1.90735e-07
      vertex -25.3382 21.7099 1.90735e-07
      vertex -22.4 24.3608 1.90735e-07
    endloop
  endfacet
  facet normal 0 0 -1
    outer loop
      vertex -22.4 24.3608 1.90735e-07
      vertex -25.3382 21.7099 1.90735e-07
      vertex -22.6292 24.2587 1.90735e-07
    endloop
  endfacet
  facet normal 0 0 -1
    outer loop
      vertex -22.6292 24.2587 1.90735e-07
      vertex -25.3382 21.7099 1.90735e-07
      vertex -22.8746 24.2066 1.90735e-07
    endloop
  endfacet
  facet normal -0 0 -1
    outer loop
      vertex -24.1738 25.1505 1.90735e-07
      vertex -26.95 23.5 1.90735e-07
      vertex -24.2 25.4 1.90735e-07
    endloop
  endfacet
  facet normal -0 0 -1
    outer loop
      vertex -24.0963 24.9119 1.90735e-07
      vertex -26.95 23.5 1.90735e-07
      vertex -24.1738 25.1505 1.90735e-07
    endloop
  endfacet
  facet normal -0 0 -1
    outer loop
      vertex -23.9708 24.6947 1.90735e-07
      vertex -26.95 23.5 1.90735e-07
      vertex -24.0963 24.9119 1.90735e-07
    endloop
  endfacet
  facet normal 0 0 -1
    outer loop
      vertex -26.95 23.5 1.90735e-07
      vertex -23.9708 24.6947 1.90735e-07
      vertex -25.3382 21.7099 1.90735e-07
    endloop
  endfacet
  facet normal -0 0 -1
    outer loop
      vertex -23.803 24.5082 1.90735e-07
      vertex -25.3382 21.7099 1.90735e-07
      vertex -23.9708 24.6947 1.90735e-07
    endloop
  endfacet
  facet normal -0 0 -1
    outer loop
      vertex -23.6 24.3608 1.90735e-07
      vertex -25.3382 21.7099 1.90735e-07
      vertex -23.803 24.5082 1.90735e-07
    endloop
  endfacet
  facet normal -0 0 -1
    outer loop
      vertex -23.3708 24.2587 1.90735e-07
      vertex -25.3382 21.7099 1.90735e-07
      vertex -23.6 24.3608 1.90735e-07
    endloop
  endfacet
  facet normal -0 0 -1
    outer loop
      vertex -23.1254 24.2066 1.90735e-07
      vertex -25.3382 21.7099 1.90735e-07
      vertex -23.3708 24.2587 1.90735e-07
    endloop
  endfacet
  facet normal -0 0 -1
    outer loop
      vertex -22.8746 24.2066 1.90735e-07
      vertex -25.3382 21.7099 1.90735e-07
      vertex -23.1254 24.2066 1.90735e-07
    endloop
  endfacet
  facet normal 0 0 -1
    outer loop
      vertex 25.3382 21.7099 1.90735e-07
      vertex -21.8262 25.6495 1.90735e-07
      vertex 25.3382 45.0901 1.90735e-07
    endloop
  endfacet
  facet normal 0 0 -1
    outer loop
      vertex -21.8262 41.6495 1.90735e-07
      vertex 25.3382 45.0901 1.90735e-07
      vertex -21.8 41.4 1.90735e-07
    endloop
  endfacet
  facet normal 0 0 -1
    outer loop
      vertex -21.9037 41.8881 1.90735e-07
      vertex 25.3382 45.0901 1.90735e-07
      vertex -21.8262 41.6495 1.90735e-07
    endloop
  endfacet
  facet normal 0 0 -1
    outer loop
      vertex -22.0292 42.1053 1.90735e-07
      vertex 25.3382 45.0901 1.90735e-07
      vertex -21.9037 41.8881 1.90735e-07
    endloop
  endfacet
  facet normal 0 0 -1
    outer loop
      vertex -22.197 42.2918 1.90735e-07
      vertex 25.3382 45.0901 1.90735e-07
      vertex -22.0292 42.1053 1.90735e-07
    endloop
  endfacet
  facet normal 0 0 -1
    outer loop
      vertex -25.3382 45.0901 1.90735e-07
      vertex -22.197 42.2918 1.90735e-07
      vertex -22.4 42.4392 1.90735e-07
    endloop
  endfacet
  facet normal 0 0 -1
    outer loop
      vertex -25.3382 45.0901 1.90735e-07
      vertex -22.4 42.4392 1.90735e-07
      vertex -22.6292 42.5413 1.90735e-07
    endloop
  endfacet
  facet normal 0 0 -1
    outer loop
      vertex -25.3382 45.0901 1.90735e-07
      vertex -22.6292 42.5413 1.90735e-07
      vertex -22.8746 42.5934 1.90735e-07
    endloop
  endfacet
  facet normal 0 0 -1
    outer loop
      vertex -25.3382 45.0901 1.90735e-07
      vertex -22.8746 42.5934 1.90735e-07
      vertex -23.1254 42.5934 1.90735e-07
    endloop
  endfacet
  facet normal 0 0 -1
    outer loop
      vertex -22.197 42.2918 1.90735e-07
      vertex -25.3382 45.0901 1.90735e-07
      vertex 25.3382 45.0901 1.90735e-07
    endloop
  endfacet
  facet normal 0 0 -1
    outer loop
      vertex -23.3708 42.5413 1.90735e-07
      vertex -25.3382 45.0901 1.90735e-07
      vertex -23.1254 42.5934 1.90735e-07
    endloop
  endfacet
  facet normal 0 0 -1
    outer loop
      vertex -23.6 42.4392 1.90735e-07
      vertex -25.3382 45.0901 1.90735e-07
      vertex -23.3708 42.5413 1.90735e-07
    endloop
  endfacet
  facet normal 0 0 -1
    outer loop
      vertex -23.803 42.2918 1.90735e-07
      vertex -25.3382 45.0901 1.90735e-07
      vertex -23.6 42.4392 1.90735e-07
    endloop
  endfacet
  facet normal 0 0 -1
    outer loop
      vertex -23.9708 42.1053 1.90735e-07
      vertex -25.3382 45.0901 1.90735e-07
      vertex -23.803 42.2918 1.90735e-07
    endloop
  endfacet
  facet normal 0 0 -1
    outer loop
      vertex -26.95 43.3 1.90735e-07
      vertex -23.9708 42.1053 1.90735e-07
      vertex -24.0963 41.8881 1.90735e-07
    endloop
  endfacet
  facet normal 0 0 -1
    outer loop
      vertex -26.95 43.3 1.90735e-07
      vertex -24.0963 41.8881 1.90735e-07
      vertex -24.1738 41.6495 1.90735e-07
    endloop
  endfacet
  facet normal 0 0 -1
    outer loop
      vertex -26.95 43.3 1.90735e-07
      vertex -24.1738 41.6495 1.90735e-07
      vertex -24.2 41.4 1.90735e-07
    endloop
  endfacet
  facet normal 0 0 -1
    outer loop
      vertex -24.0963 40.9119 1.90735e-07
      vertex -26.95 43.3 1.90735e-07
      vertex -24.1738 41.1505 1.90735e-07
    endloop
  endfacet
  facet normal 0 0 -1
    outer loop
      vertex -26.95 23.5 1.90735e-07
      vertex -25.3382 21.7099 1.90735e-07
      vertex -25.7062 21.7881 1.90735e-07
    endloop
  endfacet
  facet normal 0 0 -1
    outer loop
      vertex -24.1738 41.1505 1.90735e-07
      vertex -26.95 43.3 1.90735e-07
      vertex -24.2 41.4 1.90735e-07
    endloop
  endfacet
  facet normal 0 0 -1
    outer loop
      vertex -26.95 23.5 1.90735e-07
      vertex -25.7062 21.7881 1.90735e-07
      vertex -26.05 21.9412 1.90735e-07
    endloop
  endfacet
  facet normal 0 -0 -1
    outer loop
      vertex -26.7944 44.0321 1.90735e-07
      vertex -23.9708 42.1053 1.90735e-07
      vertex -26.95 43.3 1.90735e-07
    endloop
  endfacet
  facet normal 0 0 -1
    outer loop
      vertex -26.95 23.5 1.90735e-07
      vertex -26.05 21.9412 1.90735e-07
      vertex -26.3544 22.1623 1.90735e-07
    endloop
  endfacet
  facet normal 0 0 -1
    outer loop
      vertex -23.9708 42.1053 1.90735e-07
      vertex -25.7062 45.0119 1.90735e-07
      vertex -25.3382 45.0901 1.90735e-07
    endloop
  endfacet
  facet normal 0 0 -1
    outer loop
      vertex -26.95 23.5 1.90735e-07
      vertex -26.3544 22.1623 1.90735e-07
      vertex -26.6062 22.442 1.90735e-07
    endloop
  endfacet
  facet normal 0 0 -1
    outer loop
      vertex -23.9708 42.1053 1.90735e-07
      vertex -26.05 44.8588 1.90735e-07
      vertex -25.7062 45.0119 1.90735e-07
    endloop
  endfacet
  facet normal 0 0 -1
    outer loop
      vertex -26.95 23.5 1.90735e-07
      vertex -26.6062 22.442 1.90735e-07
      vertex -26.7944 22.7679 1.90735e-07
    endloop
  endfacet
  facet normal 0 0 -1
    outer loop
      vertex -23.9708 42.1053 1.90735e-07
      vertex -26.3544 44.6377 1.90735e-07
      vertex -26.05 44.8588 1.90735e-07
    endloop
  endfacet
  facet normal 0 0 -1
    outer loop
      vertex -26.95 23.5 1.90735e-07
      vertex -26.7944 22.7679 1.90735e-07
      vertex -26.9107 23.1258 1.90735e-07
    endloop
  endfacet
  facet normal 0 0 -1
    outer loop
      vertex -23.9708 42.1053 1.90735e-07
      vertex -26.6062 44.358 1.90735e-07
      vertex -26.3544 44.6377 1.90735e-07
    endloop
  endfacet
  facet normal 0 0 -1
    outer loop
      vertex -23.9708 42.1053 1.90735e-07
      vertex -26.7944 44.0321 1.90735e-07
      vertex -26.6062 44.358 1.90735e-07
    endloop
  endfacet
  facet normal 0 0 -1
    outer loop
      vertex -26.7944 44.0321 1.90735e-07
      vertex -26.95 43.3 1.90735e-07
      vertex -26.9107 43.6742 1.90735e-07
    endloop
  endfacet
  facet normal 0 -1 0
    outer loop
      vertex -25.197 23.0525 1.2
      vertex 25.197 23.0525 4.7
      vertex -25.197 23.0525 4.7
    endloop
  endfacet
  facet normal 0 -1 -0
    outer loop
      vertex 25.197 23.0525 4.7
      vertex -25.197 23.0525 1.2
      vertex 25.197 23.0525 1.2
    endloop
  endfacet
  facet normal -0.994564 0.104132 0
    outer loop
      vertex -25.6 43.3 1.2
      vertex -25.5902 43.3936 4.7
      vertex -25.5902 43.3936 1.2
    endloop
  endfacet
  facet normal -0.994564 0.104132 0
    outer loop
      vertex -25.5902 43.3936 4.7
      vertex -25.6 43.3 1.2
      vertex -25.6 43.3 4.7
    endloop
  endfacet
  facet normal 0.742818 -0.669493 0
    outer loop
      vertex 25.4511 23.1656 4.7
      vertex 25.5141 23.2355 1.2
      vertex 25.5141 23.2355 4.7
    endloop
  endfacet
  facet normal 0.742818 -0.669493 0
    outer loop
      vertex 25.5141 23.2355 1.2
      vertex 25.4511 23.1656 4.7
      vertex 25.4511 23.1656 1.2
    endloop
  endfacet
  facet normal 0.207135 0.978312 -0
    outer loop
      vertex 25.2891 43.728 1.2
      vertex 25.197 43.7475 4.7
      vertex 25.2891 43.728 4.7
    endloop
  endfacet
  facet normal 0.207135 0.978312 0
    outer loop
      vertex 25.197 43.7475 4.7
      vertex 25.2891 43.728 1.2
      vertex 25.197 43.7475 1.2
    endloop
  endfacet
  facet normal -0.866274 -0.499569 0
    outer loop
      vertex -25.5141 23.2355 1.2
      vertex -25.5611 23.317 4.7
      vertex -25.5611 23.317 1.2
    endloop
  endfacet
  facet normal -0.866274 -0.499569 0
    outer loop
      vertex -25.5611 23.317 4.7
      vertex -25.5141 23.2355 1.2
      vertex -25.5141 23.2355 4.7
    endloop
  endfacet
  facet normal 0.950893 -0.309519 0
    outer loop
      vertex 25.5611 23.317 4.7
      vertex 25.5902 23.4064 1.2
      vertex 25.5902 23.4064 4.7
    endloop
  endfacet
  facet normal 0.950893 -0.309519 0
    outer loop
      vertex 25.5902 23.4064 1.2
      vertex 25.5611 23.317 4.7
      vertex 25.5611 23.317 1.2
    endloop
  endfacet
  facet normal 0.587856 0.808966 -0
    outer loop
      vertex 25.4511 43.6344 1.2
      vertex 25.375 43.6897 4.7
      vertex 25.4511 43.6344 4.7
    endloop
  endfacet
  facet normal 0.587856 0.808966 0
    outer loop
      vertex 25.375 43.6897 4.7
      vertex 25.4511 43.6344 1.2
      vertex 25.375 43.6897 1.2
    endloop
  endfacet
  facet normal 0 1 -0
    outer loop
      vertex 25.197 43.7475 1.2
      vertex -25.197 43.7475 4.7
      vertex 25.197 43.7475 4.7
    endloop
  endfacet
  facet normal 0 1 0
    outer loop
      vertex -25.197 43.7475 4.7
      vertex 25.197 43.7475 1.2
      vertex -25.197 43.7475 1.2
    endloop
  endfacet
  facet normal 1 0 0
    outer loop
      vertex 25.6 43.3 4.7
      vertex 25.6 34.2 3
      vertex 25.6 43.3 1.2
    endloop
  endfacet
  facet normal 1 0 0
    outer loop
      vertex 25.6 43.3 4.7
      vertex 25.6 34.1608 3.24721
      vertex 25.6 34.2 3
    endloop
  endfacet
  facet normal 1 0 0
    outer loop
      vertex 25.6 43.3 4.7
      vertex 25.6 34.0472 3.47023
      vertex 25.6 34.1608 3.24721
    endloop
  endfacet
  facet normal 1 0 0
    outer loop
      vertex 25.6 43.3 4.7
      vertex 25.6 33.8702 3.64721
      vertex 25.6 34.0472 3.47023
    endloop
  endfacet
  facet normal 1 0 0
    outer loop
      vertex 25.6 43.3 4.7
      vertex 25.6 33.6472 3.76084
      vertex 25.6 33.8702 3.64721
    endloop
  endfacet
  facet normal 1 0 0
    outer loop
      vertex 25.6 43.3 4.7
      vertex 25.6 33.4 3.8
      vertex 25.6 33.6472 3.76084
    endloop
  endfacet
  facet normal 1 0 0
    outer loop
      vertex 25.6 32.6392 3.24721
      vertex 25.6 23.5 4.7
      vertex 25.6 32.6 3
    endloop
  endfacet
  facet normal 1 0 0
    outer loop
      vertex 25.6 32.7528 3.47023
      vertex 25.6 23.5 4.7
      vertex 25.6 32.6392 3.24721
    endloop
  endfacet
  facet normal 1 0 0
    outer loop
      vertex 25.6 32.9298 3.64721
      vertex 25.6 23.5 4.7
      vertex 25.6 32.7528 3.47023
    endloop
  endfacet
  facet normal 1 0 0
    outer loop
      vertex 25.6 33.1528 3.76084
      vertex 25.6 23.5 4.7
      vertex 25.6 32.9298 3.64721
    endloop
  endfacet
  facet normal 1 0 0
    outer loop
      vertex 25.6 33.4 3.8
      vertex 25.6 23.5 4.7
      vertex 25.6 33.1528 3.76084
    endloop
  endfacet
  facet normal 1 -0 0
    outer loop
      vertex 25.6 23.5 4.7
      vertex 25.6 33.4 3.8
      vertex 25.6 43.3 4.7
    endloop
  endfacet
  facet normal 1 -0 0
    outer loop
      vertex 25.6 34.1608 2.75279
      vertex 25.6 43.3 1.2
      vertex 25.6 34.2 3
    endloop
  endfacet
  facet normal 1 -0 0
    outer loop
      vertex 25.6 34.0472 2.52977
      vertex 25.6 43.3 1.2
      vertex 25.6 34.1608 2.75279
    endloop
  endfacet
  facet normal 1 -0 0
    outer loop
      vertex 25.6 33.8702 2.35279
      vertex 25.6 43.3 1.2
      vertex 25.6 34.0472 2.52977
    endloop
  endfacet
  facet normal 1 -0 0
    outer loop
      vertex 25.6 33.6472 2.23915
      vertex 25.6 43.3 1.2
      vertex 25.6 33.8702 2.35279
    endloop
  endfacet
  facet normal 1 -0 0
    outer loop
      vertex 25.6 33.4 2.2
      vertex 25.6 43.3 1.2
      vertex 25.6 33.6472 2.23915
    endloop
  endfacet
  facet normal 1 0 0
    outer loop
      vertex 25.6 23.5 1.2
      vertex 25.6 32.6 3
      vertex 25.6 23.5 4.7
    endloop
  endfacet
  facet normal 1 0 0
    outer loop
      vertex 25.6 32.6 3
      vertex 25.6 23.5 1.2
      vertex 25.6 32.6392 2.75279
    endloop
  endfacet
  facet normal 1 0 0
    outer loop
      vertex 25.6 32.6392 2.75279
      vertex 25.6 23.5 1.2
      vertex 25.6 32.7528 2.52977
    endloop
  endfacet
  facet normal 1 0 0
    outer loop
      vertex 25.6 32.7528 2.52977
      vertex 25.6 23.5 1.2
      vertex 25.6 32.9298 2.35279
    endloop
  endfacet
  facet normal 1 0 0
    outer loop
      vertex 25.6 33.4 2.2
      vertex 25.6 23.5 1.2
      vertex 25.6 43.3 1.2
    endloop
  endfacet
  facet normal 1 0 0
    outer loop
      vertex 25.6 33.1528 2.23915
      vertex 25.6 23.5 1.2
      vertex 25.6 33.4 2.2
    endloop
  endfacet
  facet normal 1 0 0
    outer loop
      vertex 25.6 32.9298 2.35279
      vertex 25.6 23.5 1.2
      vertex 25.6 33.1528 2.23915
    endloop
  endfacet
  facet normal -0.407223 -0.913329 0
    outer loop
      vertex -25.375 23.1103 1.2
      vertex -25.2891 23.072 4.7
      vertex -25.375 23.1103 4.7
    endloop
  endfacet
  facet normal -0.407223 -0.913329 -0
    outer loop
      vertex -25.2891 23.072 4.7
      vertex -25.375 23.1103 1.2
      vertex -25.2891 23.072 1.2
    endloop
  endfacet
  facet normal 0.994564 -0.104132 0
    outer loop
      vertex 25.5902 23.4064 4.7
      vertex 25.6 23.5 1.2
      vertex 25.6 23.5 4.7
    endloop
  endfacet
  facet normal 0.994564 -0.104132 0
    outer loop
      vertex 25.6 23.5 1.2
      vertex 25.5902 23.4064 4.7
      vertex 25.5902 23.4064 1.2
    endloop
  endfacet
  facet normal 0.587856 -0.808966 0
    outer loop
      vertex 25.375 23.1103 1.2
      vertex 25.4511 23.1656 4.7
      vertex 25.375 23.1103 4.7
    endloop
  endfacet
  facet normal 0.587856 -0.808966 0
    outer loop
      vertex 25.4511 23.1656 4.7
      vertex 25.375 23.1103 1.2
      vertex 25.4511 23.1656 1.2
    endloop
  endfacet
  facet normal 0.407223 -0.913329 0
    outer loop
      vertex 25.2891 23.072 1.2
      vertex 25.375 23.1103 4.7
      vertex 25.2891 23.072 4.7
    endloop
  endfacet
  facet normal 0.407223 -0.913329 0
    outer loop
      vertex 25.375 23.1103 4.7
      vertex 25.2891 23.072 1.2
      vertex 25.375 23.1103 1.2
    endloop
  endfacet
  facet normal -0.207135 0.978312 0
    outer loop
      vertex -25.197 43.7475 1.2
      vertex -25.2891 43.728 4.7
      vertex -25.197 43.7475 4.7
    endloop
  endfacet
  facet normal -0.207135 0.978312 0
    outer loop
      vertex -25.2891 43.728 4.7
      vertex -25.197 43.7475 1.2
      vertex -25.2891 43.728 1.2
    endloop
  endfacet
  facet normal -0.742818 0.669493 0
    outer loop
      vertex -25.5141 43.5645 1.2
      vertex -25.4511 43.6344 4.7
      vertex -25.4511 43.6344 1.2
    endloop
  endfacet
  facet normal -0.742818 0.669493 0
    outer loop
      vertex -25.4511 43.6344 4.7
      vertex -25.5141 43.5645 1.2
      vertex -25.5141 43.5645 4.7
    endloop
  endfacet
  facet normal -1 0 0
    outer loop
      vertex -25.6 43.3 1.2
      vertex -25.6 34.2 3
      vertex -25.6 43.3 4.7
    endloop
  endfacet
  facet normal -1 0 0
    outer loop
      vertex -25.6 43.3 1.2
      vertex -25.6 34.1608 2.75279
      vertex -25.6 34.2 3
    endloop
  endfacet
  facet normal -1 0 0
    outer loop
      vertex -25.6 43.3 1.2
      vertex -25.6 34.0472 2.52977
      vertex -25.6 34.1608 2.75279
    endloop
  endfacet
  facet normal -1 0 0
    outer loop
      vertex -25.6 43.3 1.2
      vertex -25.6 33.8702 2.35279
      vertex -25.6 34.0472 2.52977
    endloop
  endfacet
  facet normal -1 0 0
    outer loop
      vertex -25.6 43.3 1.2
      vertex -25.6 33.6472 2.23915
      vertex -25.6 33.8702 2.35279
    endloop
  endfacet
  facet normal -1 0 0
    outer loop
      vertex -25.6 43.3 1.2
      vertex -25.6 33.4 2.2
      vertex -25.6 33.6472 2.23915
    endloop
  endfacet
  facet normal -1 -0 0
    outer loop
      vertex -25.6 32.6392 2.75279
      vertex -25.6 23.5 1.2
      vertex -25.6 32.6 3
    endloop
  endfacet
  facet normal -1 -0 0
    outer loop
      vertex -25.6 32.7528 2.52977
      vertex -25.6 23.5 1.2
      vertex -25.6 32.6392 2.75279
    endloop
  endfacet
  facet normal -1 -0 0
    outer loop
      vertex -25.6 32.9298 2.35279
      vertex -25.6 23.5 1.2
      vertex -25.6 32.7528 2.52977
    endloop
  endfacet
  facet normal -1 -0 0
    outer loop
      vertex -25.6 33.1528 2.23915
      vertex -25.6 23.5 1.2
      vertex -25.6 32.9298 2.35279
    endloop
  endfacet
  facet normal -1 -0 0
    outer loop
      vertex -25.6 33.4 2.2
      vertex -25.6 23.5 1.2
      vertex -25.6 33.1528 2.23915
    endloop
  endfacet
  facet normal -1 0 0
    outer loop
      vertex -25.6 23.5 1.2
      vertex -25.6 33.4 2.2
      vertex -25.6 43.3 1.2
    endloop
  endfacet
  facet normal -1 0 0
    outer loop
      vertex -25.6 34.1608 3.24721
      vertex -25.6 43.3 4.7
      vertex -25.6 34.2 3
    endloop
  endfacet
  facet normal -1 0 0
    outer loop
      vertex -25.6 34.0472 3.47023
      vertex -25.6 43.3 4.7
      vertex -25.6 34.1608 3.24721
    endloop
  endfacet
  facet normal -1 0 0
    outer loop
      vertex -25.6 33.8702 3.64721
      vertex -25.6 43.3 4.7
      vertex -25.6 34.0472 3.47023
    endloop
  endfacet
  facet normal -1 0 0
    outer loop
      vertex -25.6 33.6472 3.76084
      vertex -25.6 43.3 4.7
      vertex -25.6 33.8702 3.64721
    endloop
  endfacet
  facet normal -1 0 0
    outer loop
      vertex -25.6 33.4 3.8
      vertex -25.6 43.3 4.7
      vertex -25.6 33.6472 3.76084
    endloop
  endfacet
  facet normal -1 0 0
    outer loop
      vertex -25.6 23.5 4.7
      vertex -25.6 32.6 3
      vertex -25.6 23.5 1.2
    endloop
  endfacet
  facet normal -1 0 0
    outer loop
      vertex -25.6 32.6 3
      vertex -25.6 23.5 4.7
      vertex -25.6 32.6392 3.24721
    endloop
  endfacet
  facet normal -1 0 0
    outer loop
      vertex -25.6 32.6392 3.24721
      vertex -25.6 23.5 4.7
      vertex -25.6 32.7528 3.47023
    endloop
  endfacet
  facet normal -1 0 0
    outer loop
      vertex -25.6 32.7528 3.47023
      vertex -25.6 23.5 4.7
      vertex -25.6 32.9298 3.64721
    endloop
  endfacet
  facet normal -1 0 0
    outer loop
      vertex -25.6 33.4 3.8
      vertex -25.6 23.5 4.7
      vertex -25.6 43.3 4.7
    endloop
  endfacet
  facet normal -1 0 0
    outer loop
      vertex -25.6 33.1528 3.76084
      vertex -25.6 23.5 4.7
      vertex -25.6 33.4 3.8
    endloop
  endfacet
  facet normal -1 0 0
    outer loop
      vertex -25.6 32.9298 3.64721
      vertex -25.6 23.5 4.7
      vertex -25.6 33.1528 3.76084
    endloop
  endfacet
  facet normal -0.994564 -0.104132 0
    outer loop
      vertex -25.5902 23.4064 1.2
      vertex -25.6 23.5 4.7
      vertex -25.6 23.5 1.2
    endloop
  endfacet
  facet normal -0.994564 -0.104132 0
    outer loop
      vertex -25.6 23.5 4.7
      vertex -25.5902 23.4064 1.2
      vertex -25.5902 23.4064 4.7
    endloop
  endfacet
  facet normal -0.950893 -0.309519 0
    outer loop
      vertex -25.5611 23.317 1.2
      vertex -25.5902 23.4064 4.7
      vertex -25.5902 23.4064 1.2
    endloop
  endfacet
  facet normal -0.950893 -0.309519 0
    outer loop
      vertex -25.5902 23.4064 4.7
      vertex -25.5611 23.317 1.2
      vertex -25.5611 23.317 4.7
    endloop
  endfacet
  facet normal 0.866274 0.499569 0
    outer loop
      vertex 25.5611 43.483 4.7
      vertex 25.5141 43.5645 1.2
      vertex 25.5141 43.5645 4.7
    endloop
  endfacet
  facet normal 0.866274 0.499569 0
    outer loop
      vertex 25.5141 43.5645 1.2
      vertex 25.5611 43.483 4.7
      vertex 25.5611 43.483 1.2
    endloop
  endfacet
  facet normal 0.207135 -0.978312 0
    outer loop
      vertex 25.197 23.0525 1.2
      vertex 25.2891 23.072 4.7
      vertex 25.197 23.0525 4.7
    endloop
  endfacet
  facet normal 0.207135 -0.978312 0
    outer loop
      vertex 25.2891 23.072 4.7
      vertex 25.197 23.0525 1.2
      vertex 25.2891 23.072 1.2
    endloop
  endfacet
  facet normal 0.866274 -0.499569 0
    outer loop
      vertex 25.5141 23.2355 4.7
      vertex 25.5611 23.317 1.2
      vertex 25.5611 23.317 4.7
    endloop
  endfacet
  facet normal 0.866274 -0.499569 0
    outer loop
      vertex 25.5611 23.317 1.2
      vertex 25.5141 23.2355 4.7
      vertex 25.5141 23.2355 1.2
    endloop
  endfacet
  facet normal -0.407223 0.913329 0
    outer loop
      vertex -25.2891 43.728 1.2
      vertex -25.375 43.6897 4.7
      vertex -25.2891 43.728 4.7
    endloop
  endfacet
  facet normal -0.407223 0.913329 0
    outer loop
      vertex -25.375 43.6897 4.7
      vertex -25.2891 43.728 1.2
      vertex -25.375 43.6897 1.2
    endloop
  endfacet
  facet normal 0.407223 0.913329 -0
    outer loop
      vertex 25.375 43.6897 1.2
      vertex 25.2891 43.728 4.7
      vertex 25.375 43.6897 4.7
    endloop
  endfacet
  facet normal 0.407223 0.913329 0
    outer loop
      vertex 25.2891 43.728 4.7
      vertex 25.375 43.6897 1.2
      vertex 25.2891 43.728 1.2
    endloop
  endfacet
  facet normal 0.994564 0.104132 0
    outer loop
      vertex 25.6 43.3 4.7
      vertex 25.5902 43.3936 1.2
      vertex 25.5902 43.3936 4.7
    endloop
  endfacet
  facet normal 0.994564 0.104132 0
    outer loop
      vertex 25.5902 43.3936 1.2
      vertex 25.6 43.3 4.7
      vertex 25.6 43.3 1.2
    endloop
  endfacet
  facet normal -0.587856 0.808966 0
    outer loop
      vertex -25.375 43.6897 1.2
      vertex -25.4511 43.6344 4.7
      vertex -25.375 43.6897 4.7
    endloop
  endfacet
  facet normal -0.587856 0.808966 0
    outer loop
      vertex -25.4511 43.6344 4.7
      vertex -25.375 43.6897 1.2
      vertex -25.4511 43.6344 1.2
    endloop
  endfacet
  facet normal -0.207135 -0.978312 0
    outer loop
      vertex -25.2891 23.072 1.2
      vertex -25.197 23.0525 4.7
      vertex -25.2891 23.072 4.7
    endloop
  endfacet
  facet normal -0.207135 -0.978312 -0
    outer loop
      vertex -25.197 23.0525 4.7
      vertex -25.2891 23.072 1.2
      vertex -25.197 23.0525 1.2
    endloop
  endfacet
  facet normal 0.950893 0.309519 0
    outer loop
      vertex 25.5902 43.3936 4.7
      vertex 25.5611 43.483 1.2
      vertex 25.5611 43.483 4.7
    endloop
  endfacet
  facet normal 0.950893 0.309519 0
    outer loop
      vertex 25.5611 43.483 1.2
      vertex 25.5902 43.3936 4.7
      vertex 25.5902 43.3936 1.2
    endloop
  endfacet
  facet normal -0 0 1
    outer loop
      vertex -21.8262 25.6495 4.7
      vertex 25.197 23.0525 4.7
      vertex -21.8262 41.1505 4.7
    endloop
  endfacet
  facet normal 0 0 1
    outer loop
      vertex 25.197 23.0525 4.7
      vertex -21.8262 25.6495 4.7
      vertex -21.8 25.4 4.7
    endloop
  endfacet
  facet normal -0 0 1
    outer loop
      vertex -21.9037 40.9119 4.7
      vertex -21.8262 25.6495 4.7
      vertex -21.8262 41.1505 4.7
    endloop
  endfacet
  facet normal 0 0 1
    outer loop
      vertex -21.9037 40.9119 4.7
      vertex -21.9037 25.8881 4.7
      vertex -21.8262 25.6495 4.7
    endloop
  endfacet
  facet normal -0 0 1
    outer loop
      vertex -22.0292 40.6947 4.7
      vertex -21.9037 25.8881 4.7
      vertex -21.9037 40.9119 4.7
    endloop
  endfacet
  facet normal 0 0 1
    outer loop
      vertex -22.0292 40.6947 4.7
      vertex -22.0292 26.1053 4.7
      vertex -21.9037 25.8881 4.7
    endloop
  endfacet
  facet normal -0 0 1
    outer loop
      vertex -22.197 40.5082 4.7
      vertex -22.0292 26.1053 4.7
      vertex -22.0292 40.6947 4.7
    endloop
  endfacet
  facet normal 0 0 1
    outer loop
      vertex -22.197 40.5082 4.7
      vertex -22.197 26.2918 4.7
      vertex -22.0292 26.1053 4.7
    endloop
  endfacet
  facet normal -0 0 1
    outer loop
      vertex -22.4 40.3608 4.7
      vertex -22.197 26.2918 4.7
      vertex -22.197 40.5082 4.7
    endloop
  endfacet
  facet normal 0 0 1
    outer loop
      vertex -22.4 40.3608 4.7
      vertex -22.4 26.4392 4.7
      vertex -22.197 26.2918 4.7
    endloop
  endfacet
  facet normal -0 0 1
    outer loop
      vertex -22.6292 40.2587 4.7
      vertex -22.4 26.4392 4.7
      vertex -22.4 40.3608 4.7
    endloop
  endfacet
  facet normal 0 0 1
    outer loop
      vertex -22.6292 40.2587 4.7
      vertex -22.6292 26.5413 4.7
      vertex -22.4 26.4392 4.7
    endloop
  endfacet
  facet normal -0 0 1
    outer loop
      vertex -22.8746 40.2066 4.7
      vertex -22.6292 26.5413 4.7
      vertex -22.6292 40.2587 4.7
    endloop
  endfacet
  facet normal 0 0 1
    outer loop
      vertex -22.8746 40.2066 4.7
      vertex -22.8746 26.5934 4.7
      vertex -22.6292 26.5413 4.7
    endloop
  endfacet
  facet normal -0 0 1
    outer loop
      vertex -23.1254 40.2066 4.7
      vertex -22.8746 26.5934 4.7
      vertex -22.8746 40.2066 4.7
    endloop
  endfacet
  facet normal 0 0 1
    outer loop
      vertex -23.1254 40.2066 4.7
      vertex -23.1254 26.5934 4.7
      vertex -22.8746 26.5934 4.7
    endloop
  endfacet
  facet normal 0 0 1
    outer loop
      vertex -23.3708 40.2587 4.7
      vertex -23.1254 26.5934 4.7
      vertex -23.1254 40.2066 4.7
    endloop
  endfacet
  facet normal 0 0 1
    outer loop
      vertex -23.3708 40.2587 4.7
      vertex -23.3708 26.5413 4.7
      vertex -23.1254 26.5934 4.7
    endloop
  endfacet
  facet normal 0 0 1
    outer loop
      vertex -23.6 40.3608 4.7
      vertex -23.3708 26.5413 4.7
      vertex -23.3708 40.2587 4.7
    endloop
  endfacet
  facet normal 0 0 1
    outer loop
      vertex -23.6 40.3608 4.7
      vertex -23.6 26.4392 4.7
      vertex -23.3708 26.5413 4.7
    endloop
  endfacet
  facet normal 0 0 1
    outer loop
      vertex -23.803 40.5082 4.7
      vertex -23.6 26.4392 4.7
      vertex -23.6 40.3608 4.7
    endloop
  endfacet
  facet normal 0 0 1
    outer loop
      vertex -23.803 40.5082 4.7
      vertex -23.803 26.2918 4.7
      vertex -23.6 26.4392 4.7
    endloop
  endfacet
  facet normal 0 0 1
    outer loop
      vertex -23.9708 40.6947 4.7
      vertex -23.803 26.2918 4.7
      vertex -23.803 40.5082 4.7
    endloop
  endfacet
  facet normal 0 0 1
    outer loop
      vertex -23.9708 40.6947 4.7
      vertex -23.9708 26.1053 4.7
      vertex -23.803 26.2918 4.7
    endloop
  endfacet
  facet normal 0 0 1
    outer loop
      vertex -24.0963 40.9119 4.7
      vertex -23.9708 26.1053 4.7
      vertex -23.9708 40.6947 4.7
    endloop
  endfacet
  facet normal 0 0 1
    outer loop
      vertex -24.0963 40.9119 4.7
      vertex -24.0963 25.8881 4.7
      vertex -23.9708 26.1053 4.7
    endloop
  endfacet
  facet normal 0 0 1
    outer loop
      vertex -25.6 43.3 4.7
      vertex -24.0963 40.9119 4.7
      vertex -24.1738 41.1505 4.7
    endloop
  endfacet
  facet normal 0 0 1
    outer loop
      vertex -24.0963 40.9119 4.7
      vertex -25.6 43.3 4.7
      vertex -24.0963 25.8881 4.7
    endloop
  endfacet
  facet normal 0 0 1
    outer loop
      vertex -25.6 43.3 4.7
      vertex -24.1738 41.1505 4.7
      vertex -24.2 41.4 4.7
    endloop
  endfacet
  facet normal 0 0 1
    outer loop
      vertex -25.6 23.5 4.7
      vertex -24.0963 25.8881 4.7
      vertex -25.6 43.3 4.7
    endloop
  endfacet
  facet normal 0 0 1
    outer loop
      vertex 25.197 43.7475 4.7
      vertex 25.6 43.3 4.7
      vertex 25.5902 43.3936 4.7
    endloop
  endfacet
  facet normal 0 0 1
    outer loop
      vertex 25.6 43.3 4.7
      vertex 25.197 43.7475 4.7
      vertex 25.6 23.5 4.7
    endloop
  endfacet
  facet normal 0 0 1
    outer loop
      vertex 25.197 43.7475 4.7
      vertex 25.5902 43.3936 4.7
      vertex 25.5611 43.483 4.7
    endloop
  endfacet
  facet normal 0 0 1
    outer loop
      vertex 25.197 23.0525 4.7
      vertex 25.6 23.5 4.7
      vertex 25.197 43.7475 4.7
    endloop
  endfacet
  facet normal 0 0 1
    outer loop
      vertex 25.197 43.7475 4.7
      vertex 25.5611 43.483 4.7
      vertex 25.5141 43.5645 4.7
    endloop
  endfacet
  facet normal 0 0 1
    outer loop
      vertex 25.6 23.5 4.7
      vertex 25.197 23.0525 4.7
      vertex 25.5902 23.4064 4.7
    endloop
  endfacet
  facet normal 0 0 1
    outer loop
      vertex 25.197 43.7475 4.7
      vertex 25.5141 43.5645 4.7
      vertex 25.4511 43.6344 4.7
    endloop
  endfacet
  facet normal 0 0 1
    outer loop
      vertex 25.5902 23.4064 4.7
      vertex 25.197 23.0525 4.7
      vertex 25.5611 23.317 4.7
    endloop
  endfacet
  facet normal 0 0 1
    outer loop
      vertex 25.197 43.7475 4.7
      vertex 25.4511 43.6344 4.7
      vertex 25.375 43.6897 4.7
    endloop
  endfacet
  facet normal 0 0 1
    outer loop
      vertex 25.5611 23.317 4.7
      vertex 25.197 23.0525 4.7
      vertex 25.5141 23.2355 4.7
    endloop
  endfacet
  facet normal 0 0 1
    outer loop
      vertex 25.197 43.7475 4.7
      vertex 25.375 43.6897 4.7
      vertex 25.2891 43.728 4.7
    endloop
  endfacet
  facet normal 0 0 1
    outer loop
      vertex 25.5141 23.2355 4.7
      vertex 25.197 23.0525 4.7
      vertex 25.4511 23.1656 4.7
    endloop
  endfacet
  facet normal 0 0 1
    outer loop
      vertex 25.4511 23.1656 4.7
      vertex 25.197 23.0525 4.7
      vertex 25.375 23.1103 4.7
    endloop
  endfacet
  facet normal 0 0 1
    outer loop
      vertex 25.375 23.1103 4.7
      vertex 25.197 23.0525 4.7
      vertex 25.2891 23.072 4.7
    endloop
  endfacet
  facet normal 0 0 1
    outer loop
      vertex -21.8262 41.1505 4.7
      vertex 25.197 43.7475 4.7
      vertex -21.8 41.4 4.7
    endloop
  endfacet
  facet normal 0 0 1
    outer loop
      vertex 25.197 43.7475 4.7
      vertex -21.8262 41.6495 4.7
      vertex -21.8 41.4 4.7
    endloop
  endfacet
  facet normal 0 0 1
    outer loop
      vertex 25.197 43.7475 4.7
      vertex -21.9037 41.8881 4.7
      vertex -21.8262 41.6495 4.7
    endloop
  endfacet
  facet normal 0 0 1
    outer loop
      vertex 25.197 43.7475 4.7
      vertex -22.0292 42.1053 4.7
      vertex -21.9037 41.8881 4.7
    endloop
  endfacet
  facet normal 0 0 1
    outer loop
      vertex 25.197 43.7475 4.7
      vertex -22.197 42.2918 4.7
      vertex -22.0292 42.1053 4.7
    endloop
  endfacet
  facet normal 0 0 1
    outer loop
      vertex 25.197 43.7475 4.7
      vertex -22.4 42.4392 4.7
      vertex -22.197 42.2918 4.7
    endloop
  endfacet
  facet normal 0 0 1
    outer loop
      vertex 25.197 43.7475 4.7
      vertex -22.6292 42.5413 4.7
      vertex -22.4 42.4392 4.7
    endloop
  endfacet
  facet normal -0 0 1
    outer loop
      vertex -25.197 43.7475 4.7
      vertex -22.6292 42.5413 4.7
      vertex 25.197 43.7475 4.7
    endloop
  endfacet
  facet normal 0 0 1
    outer loop
      vertex -22.6292 42.5413 4.7
      vertex -25.197 43.7475 4.7
      vertex -22.8746 42.5934 4.7
    endloop
  endfacet
  facet normal 0 0 1
    outer loop
      vertex -24.1738 41.6495 4.7
      vertex -25.6 43.3 4.7
      vertex -24.2 41.4 4.7
    endloop
  endfacet
  facet normal 0 0 1
    outer loop
      vertex -24.0963 41.8881 4.7
      vertex -25.6 43.3 4.7
      vertex -24.1738 41.6495 4.7
    endloop
  endfacet
  facet normal 0 0 1
    outer loop
      vertex -23.9708 42.1053 4.7
      vertex -25.6 43.3 4.7
      vertex -24.0963 41.8881 4.7
    endloop
  endfacet
  facet normal -0 0 1
    outer loop
      vertex -25.6 43.3 4.7
      vertex -23.9708 42.1053 4.7
      vertex -25.197 43.7475 4.7
    endloop
  endfacet
  facet normal 0 0 1
    outer loop
      vertex -23.803 42.2918 4.7
      vertex -25.197 43.7475 4.7
      vertex -23.9708 42.1053 4.7
    endloop
  endfacet
  facet normal 0 0 1
    outer loop
      vertex -23.6 42.4392 4.7
      vertex -25.197 43.7475 4.7
      vertex -23.803 42.2918 4.7
    endloop
  endfacet
  facet normal 0 0 1
    outer loop
      vertex -23.3708 42.5413 4.7
      vertex -25.197 43.7475 4.7
      vertex -23.6 42.4392 4.7
    endloop
  endfacet
  facet normal 0 0 1
    outer loop
      vertex -23.1254 42.5934 4.7
      vertex -25.197 43.7475 4.7
      vertex -23.3708 42.5413 4.7
    endloop
  endfacet
  facet normal 0 0 1
    outer loop
      vertex -22.8746 42.5934 4.7
      vertex -25.197 43.7475 4.7
      vertex -23.1254 42.5934 4.7
    endloop
  endfacet
  facet normal 0 0 1
    outer loop
      vertex 25.197 43.7475 4.7
      vertex -21.8262 41.1505 4.7
      vertex 25.197 23.0525 4.7
    endloop
  endfacet
  facet normal -0 0 1
    outer loop
      vertex -21.8262 25.1505 4.7
      vertex 25.197 23.0525 4.7
      vertex -21.8 25.4 4.7
    endloop
  endfacet
  facet normal -0 0 1
    outer loop
      vertex -21.9037 24.9119 4.7
      vertex 25.197 23.0525 4.7
      vertex -21.8262 25.1505 4.7
    endloop
  endfacet
  facet normal -0 0 1
    outer loop
      vertex -22.0292 24.6947 4.7
      vertex 25.197 23.0525 4.7
      vertex -21.9037 24.9119 4.7
    endloop
  endfacet
  facet normal -0 0 1
    outer loop
      vertex -22.197 24.5082 4.7
      vertex 25.197 23.0525 4.7
      vertex -22.0292 24.6947 4.7
    endloop
  endfacet
  facet normal -0 0 1
    outer loop
      vertex -22.4 24.3608 4.7
      vertex 25.197 23.0525 4.7
      vertex -22.197 24.5082 4.7
    endloop
  endfacet
  facet normal -0 0 1
    outer loop
      vertex -22.6292 24.2587 4.7
      vertex 25.197 23.0525 4.7
      vertex -22.4 24.3608 4.7
    endloop
  endfacet
  facet normal 0 0 1
    outer loop
      vertex -25.197 23.0525 4.7
      vertex -22.6292 24.2587 4.7
      vertex -22.8746 24.2066 4.7
    endloop
  endfacet
  facet normal 0 0 1
    outer loop
      vertex -25.197 23.0525 4.7
      vertex -22.8746 24.2066 4.7
      vertex -23.1254 24.2066 4.7
    endloop
  endfacet
  facet normal 0 0 1
    outer loop
      vertex -22.6292 24.2587 4.7
      vertex -25.197 23.0525 4.7
      vertex 25.197 23.0525 4.7
    endloop
  endfacet
  facet normal 0 0 1
    outer loop
      vertex -23.3708 24.2587 4.7
      vertex -25.197 23.0525 4.7
      vertex -23.1254 24.2066 4.7
    endloop
  endfacet
  facet normal 0 0 1
    outer loop
      vertex -23.6 24.3608 4.7
      vertex -25.197 23.0525 4.7
      vertex -23.3708 24.2587 4.7
    endloop
  endfacet
  facet normal 0 0 1
    outer loop
      vertex -23.803 24.5082 4.7
      vertex -25.197 23.0525 4.7
      vertex -23.6 24.3608 4.7
    endloop
  endfacet
  facet normal 0 0 1
    outer loop
      vertex -23.9708 24.6947 4.7
      vertex -25.197 23.0525 4.7
      vertex -23.803 24.5082 4.7
    endloop
  endfacet
  facet normal 0 0 1
    outer loop
      vertex -25.6 23.5 4.7
      vertex -23.9708 24.6947 4.7
      vertex -24.0963 24.9119 4.7
    endloop
  endfacet
  facet normal 0 0 1
    outer loop
      vertex -25.6 23.5 4.7
      vertex -24.0963 24.9119 4.7
      vertex -24.1738 25.1505 4.7
    endloop
  endfacet
  facet normal 0 0 1
    outer loop
      vertex -25.6 23.5 4.7
      vertex -24.1738 25.1505 4.7
      vertex -24.2 25.4 4.7
    endloop
  endfacet
  facet normal 0 0 1
    outer loop
      vertex -24.0963 25.8881 4.7
      vertex -25.6 23.5 4.7
      vertex -24.1738 25.6495 4.7
    endloop
  endfacet
  facet normal 0 0 1
    outer loop
      vertex -25.6 43.3 4.7
      vertex -25.197 43.7475 4.7
      vertex -25.2891 43.728 4.7
    endloop
  endfacet
  facet normal 0 0 1
    outer loop
      vertex -24.1738 25.6495 4.7
      vertex -25.6 23.5 4.7
      vertex -24.2 25.4 4.7
    endloop
  endfacet
  facet normal 0 0 1
    outer loop
      vertex -25.6 43.3 4.7
      vertex -25.2891 43.728 4.7
      vertex -25.375 43.6897 4.7
    endloop
  endfacet
  facet normal 0 0 1
    outer loop
      vertex -23.9708 24.6947 4.7
      vertex -25.6 23.5 4.7
      vertex -25.197 23.0525 4.7
    endloop
  endfacet
  facet normal 0 0 1
    outer loop
      vertex -25.6 43.3 4.7
      vertex -25.375 43.6897 4.7
      vertex -25.4511 43.6344 4.7
    endloop
  endfacet
  facet normal 0 0 1
    outer loop
      vertex -25.197 23.0525 4.7
      vertex -25.6 23.5 4.7
      vertex -25.2891 23.072 4.7
    endloop
  endfacet
  facet normal 0 0 1
    outer loop
      vertex -25.6 43.3 4.7
      vertex -25.4511 43.6344 4.7
      vertex -25.5141 43.5645 4.7
    endloop
  endfacet
  facet normal 0 0 1
    outer loop
      vertex -25.2891 23.072 4.7
      vertex -25.6 23.5 4.7
      vertex -25.375 23.1103 4.7
    endloop
  endfacet
  facet normal 0 0 1
    outer loop
      vertex -25.6 43.3 4.7
      vertex -25.5141 43.5645 4.7
      vertex -25.5611 43.483 4.7
    endloop
  endfacet
  facet normal 0 0 1
    outer loop
      vertex -25.375 23.1103 4.7
      vertex -25.6 23.5 4.7
      vertex -25.4511 23.1656 4.7
    endloop
  endfacet
  facet normal 0 0 1
    outer loop
      vertex -25.6 43.3 4.7
      vertex -25.5611 43.483 4.7
      vertex -25.5902 43.3936 4.7
    endloop
  endfacet
  facet normal 0 0 1
    outer loop
      vertex -25.4511 23.1656 4.7
      vertex -25.6 23.5 4.7
      vertex -25.5141 23.2355 4.7
    endloop
  endfacet
  facet normal 0 0 1
    outer loop
      vertex -25.5141 23.2355 4.7
      vertex -25.6 23.5 4.7
      vertex -25.5611 23.317 4.7
    endloop
  endfacet
  facet normal 0 0 1
    outer loop
      vertex -25.5611 23.317 4.7
      vertex -25.6 23.5 4.7
      vertex -25.5902 23.4064 4.7
    endloop
  endfacet
  facet normal -0.587856 -0.808966 0
    outer loop
      vertex -25.4511 23.1656 1.2
      vertex -25.375 23.1103 4.7
      vertex -25.4511 23.1656 4.7
    endloop
  endfacet
  facet normal -0.587856 -0.808966 -0
    outer loop
      vertex -25.375 23.1103 4.7
      vertex -25.4511 23.1656 1.2
      vertex -25.375 23.1103 1.2
    endloop
  endfacet
  facet normal -0.950893 0.309519 0
    outer loop
      vertex -25.5902 43.3936 1.2
      vertex -25.5611 43.483 4.7
      vertex -25.5611 43.483 1.2
    endloop
  endfacet
  facet normal -0.950893 0.309519 0
    outer loop
      vertex -25.5611 43.483 4.7
      vertex -25.5902 43.3936 1.2
      vertex -25.5902 43.3936 4.7
    endloop
  endfacet
  facet normal 0.742818 0.669493 0
    outer loop
      vertex 25.5141 43.5645 4.7
      vertex 25.4511 43.6344 1.2
      vertex 25.4511 43.6344 4.7
    endloop
  endfacet
  facet normal 0.742818 0.669493 0
    outer loop
      vertex 25.4511 43.6344 1.2
      vertex 25.5141 43.5645 4.7
      vertex 25.5141 43.5645 1.2
    endloop
  endfacet
  facet normal -0.742818 -0.669493 0
    outer loop
      vertex -25.4511 23.1656 1.2
      vertex -25.5141 23.2355 4.7
      vertex -25.5141 23.2355 1.2
    endloop
  endfacet
  facet normal -0.742818 -0.669493 0
    outer loop
      vertex -25.5141 23.2355 4.7
      vertex -25.4511 23.1656 1.2
      vertex -25.4511 23.1656 4.7
    endloop
  endfacet
  facet normal -0.866274 0.499569 0
    outer loop
      vertex -25.5611 43.483 1.2
      vertex -25.5141 43.5645 4.7
      vertex -25.5141 43.5645 1.2
    endloop
  endfacet
  facet normal -0.866274 0.499569 0
    outer loop
      vertex -25.5141 43.5645 4.7
      vertex -25.5611 43.483 1.2
      vertex -25.5611 43.483 4.7
    endloop
  endfacet
  facet normal -0.406915 0.913466 0
    outer loop
      vertex -22.4 40.3608 1.90735e-07
      vertex -22.6292 40.2587 4.7
      vertex -22.4 40.3608 4.7
    endloop
  endfacet
  facet normal -0.406915 0.913466 0
    outer loop
      vertex -22.6292 40.2587 4.7
      vertex -22.4 40.3608 1.90735e-07
      vertex -22.6292 40.2587 1.90735e-07
    endloop
  endfacet
  facet normal -0.951087 0.308924 0
    outer loop
      vertex -21.9037 40.9119 1.90735e-07
      vertex -21.8262 41.1505 4.7
      vertex -21.8262 41.1505 1.90735e-07
    endloop
  endfacet
  facet normal -0.951087 0.308924 0
    outer loop
      vertex -21.8262 41.1505 4.7
      vertex -21.9037 40.9119 1.90735e-07
      vertex -21.9037 40.9119 4.7
    endloop
  endfacet
  facet normal -0.994532 0.104436 0
    outer loop
      vertex -21.8262 41.1505 1.90735e-07
      vertex -21.8 41.4 4.7
      vertex -21.8 41.4 1.90735e-07
    endloop
  endfacet
  facet normal -0.994532 0.104436 0
    outer loop
      vertex -21.8 41.4 4.7
      vertex -21.8262 41.1505 1.90735e-07
      vertex -21.8262 41.1505 4.7
    endloop
  endfacet
  facet normal -0.865854 0.500298 0
    outer loop
      vertex -22.0292 40.6947 1.90735e-07
      vertex -21.9037 40.9119 4.7
      vertex -21.9037 40.9119 1.90735e-07
    endloop
  endfacet
  facet normal -0.865854 0.500298 0
    outer loop
      vertex -21.9037 40.9119 4.7
      vertex -22.0292 40.6947 1.90735e-07
      vertex -22.0292 40.6947 4.7
    endloop
  endfacet
  facet normal -0.207678 0.978197 0
    outer loop
      vertex -22.6292 40.2587 1.90735e-07
      vertex -22.8746 40.2066 4.7
      vertex -22.6292 40.2587 4.7
    endloop
  endfacet
  facet normal -0.207678 0.978197 0
    outer loop
      vertex -22.8746 40.2066 4.7
      vertex -22.6292 40.2587 1.90735e-07
      vertex -22.8746 40.2066 1.90735e-07
    endloop
  endfacet
  facet normal -0.951087 -0.308924 0
    outer loop
      vertex -21.8262 41.6495 1.90735e-07
      vertex -21.9037 41.8881 4.7
      vertex -21.9037 41.8881 1.90735e-07
    endloop
  endfacet
  facet normal -0.951087 -0.308924 0
    outer loop
      vertex -21.9037 41.8881 4.7
      vertex -21.8262 41.6495 1.90735e-07
      vertex -21.8262 41.6495 4.7
    endloop
  endfacet
  facet normal 0.406915 -0.913466 0
    outer loop
      vertex -23.6 42.4392 1.90735e-07
      vertex -23.3708 42.5413 4.7
      vertex -23.6 42.4392 4.7
    endloop
  endfacet
  facet normal 0.406915 -0.913466 0
    outer loop
      vertex -23.3708 42.5413 4.7
      vertex -23.6 42.4392 1.90735e-07
      vertex -23.3708 42.5413 1.90735e-07
    endloop
  endfacet
  facet normal 0.587555 -0.809184 0
    outer loop
      vertex -23.803 42.2918 1.90735e-07
      vertex -23.6 42.4392 4.7
      vertex -23.803 42.2918 4.7
    endloop
  endfacet
  facet normal 0.587555 -0.809184 0
    outer loop
      vertex -23.6 42.4392 4.7
      vertex -23.803 42.2918 1.90735e-07
      vertex -23.6 42.4392 1.90735e-07
    endloop
  endfacet
  facet normal -0.743393 0.668855 0
    outer loop
      vertex -22.197 40.5082 1.90735e-07
      vertex -22.0292 40.6947 4.7
      vertex -22.0292 40.6947 1.90735e-07
    endloop
  endfacet
  facet normal -0.743393 0.668855 0
    outer loop
      vertex -22.0292 40.6947 4.7
      vertex -22.197 40.5082 1.90735e-07
      vertex -22.197 40.5082 4.7
    endloop
  endfacet
  facet normal -0.587555 -0.809184 0
    outer loop
      vertex -22.4 42.4392 1.90735e-07
      vertex -22.197 42.2918 4.7
      vertex -22.4 42.4392 4.7
    endloop
  endfacet
  facet normal -0.587555 -0.809184 -0
    outer loop
      vertex -22.197 42.2918 4.7
      vertex -22.4 42.4392 1.90735e-07
      vertex -22.197 42.2918 1.90735e-07
    endloop
  endfacet
  facet normal 0.743393 0.668855 0
    outer loop
      vertex -23.803 40.5082 4.7
      vertex -23.9708 40.6947 1.90735e-07
      vertex -23.9708 40.6947 4.7
    endloop
  endfacet
  facet normal 0.743393 0.668855 0
    outer loop
      vertex -23.9708 40.6947 1.90735e-07
      vertex -23.803 40.5082 4.7
      vertex -23.803 40.5082 1.90735e-07
    endloop
  endfacet
  facet normal -0.994532 -0.104436 0
    outer loop
      vertex -21.8 41.4 1.90735e-07
      vertex -21.8262 41.6495 4.7
      vertex -21.8262 41.6495 1.90735e-07
    endloop
  endfacet
  facet normal -0.994532 -0.104436 0
    outer loop
      vertex -21.8262 41.6495 4.7
      vertex -21.8 41.4 1.90735e-07
      vertex -21.8 41.4 4.7
    endloop
  endfacet
  facet normal 0.207678 -0.978197 0
    outer loop
      vertex -23.3708 42.5413 1.90735e-07
      vertex -23.1254 42.5934 4.7
      vertex -23.3708 42.5413 4.7
    endloop
  endfacet
  facet normal 0.207678 -0.978197 0
    outer loop
      vertex -23.1254 42.5934 4.7
      vertex -23.3708 42.5413 1.90735e-07
      vertex -23.1254 42.5934 1.90735e-07
    endloop
  endfacet
  facet normal 0.406915 0.913466 -0
    outer loop
      vertex -23.3708 40.2587 1.90735e-07
      vertex -23.6 40.3608 4.7
      vertex -23.3708 40.2587 4.7
    endloop
  endfacet
  facet normal 0.406915 0.913466 0
    outer loop
      vertex -23.6 40.3608 4.7
      vertex -23.3708 40.2587 1.90735e-07
      vertex -23.6 40.3608 1.90735e-07
    endloop
  endfacet
  facet normal 0.587555 0.809184 -0
    outer loop
      vertex -23.6 40.3608 1.90735e-07
      vertex -23.803 40.5082 4.7
      vertex -23.6 40.3608 4.7
    endloop
  endfacet
  facet normal 0.587555 0.809184 0
    outer loop
      vertex -23.803 40.5082 4.7
      vertex -23.6 40.3608 1.90735e-07
      vertex -23.803 40.5082 1.90735e-07
    endloop
  endfacet
  facet normal 0.865854 -0.500298 0
    outer loop
      vertex -24.0963 41.8881 4.7
      vertex -23.9708 42.1053 1.90735e-07
      vertex -23.9708 42.1053 4.7
    endloop
  endfacet
  facet normal 0.865854 -0.500298 0
    outer loop
      vertex -23.9708 42.1053 1.90735e-07
      vertex -24.0963 41.8881 4.7
      vertex -24.0963 41.8881 1.90735e-07
    endloop
  endfacet
  facet normal 0.865854 0.500298 0
    outer loop
      vertex -23.9708 40.6947 4.7
      vertex -24.0963 40.9119 1.90735e-07
      vertex -24.0963 40.9119 4.7
    endloop
  endfacet
  facet normal 0.865854 0.500298 0
    outer loop
      vertex -24.0963 40.9119 1.90735e-07
      vertex -23.9708 40.6947 4.7
      vertex -23.9708 40.6947 1.90735e-07
    endloop
  endfacet
  facet normal 0.951087 0.308924 0
    outer loop
      vertex -24.0963 40.9119 4.7
      vertex -24.1738 41.1505 1.90735e-07
      vertex -24.1738 41.1505 4.7
    endloop
  endfacet
  facet normal 0.951087 0.308924 0
    outer loop
      vertex -24.1738 41.1505 1.90735e-07
      vertex -24.0963 40.9119 4.7
      vertex -24.0963 40.9119 1.90735e-07
    endloop
  endfacet
  facet normal 0.207678 0.978197 -0
    outer loop
      vertex -23.1254 40.2066 1.90735e-07
      vertex -23.3708 40.2587 4.7
      vertex -23.1254 40.2066 4.7
    endloop
  endfacet
  facet normal 0.207678 0.978197 0
    outer loop
      vertex -23.3708 40.2587 4.7
      vertex -23.1254 40.2066 1.90735e-07
      vertex -23.3708 40.2587 1.90735e-07
    endloop
  endfacet
  facet normal -0.207678 -0.978197 0
    outer loop
      vertex -22.8746 42.5934 1.90735e-07
      vertex -22.6292 42.5413 4.7
      vertex -22.8746 42.5934 4.7
    endloop
  endfacet
  facet normal -0.207678 -0.978197 -0
    outer loop
      vertex -22.6292 42.5413 4.7
      vertex -22.8746 42.5934 1.90735e-07
      vertex -22.6292 42.5413 1.90735e-07
    endloop
  endfacet
  facet normal 0 1 -0
    outer loop
      vertex -22.8746 40.2066 1.90735e-07
      vertex -23.1254 40.2066 4.7
      vertex -22.8746 40.2066 4.7
    endloop
  endfacet
  facet normal 0 1 0
    outer loop
      vertex -23.1254 40.2066 4.7
      vertex -22.8746 40.2066 1.90735e-07
      vertex -23.1254 40.2066 1.90735e-07
    endloop
  endfacet
  facet normal -0.865854 -0.500298 0
    outer loop
      vertex -21.9037 41.8881 1.90735e-07
      vertex -22.0292 42.1053 4.7
      vertex -22.0292 42.1053 1.90735e-07
    endloop
  endfacet
  facet normal -0.865854 -0.500298 0
    outer loop
      vertex -22.0292 42.1053 4.7
      vertex -21.9037 41.8881 1.90735e-07
      vertex -21.9037 41.8881 4.7
    endloop
  endfacet
  facet normal -0.406915 -0.913466 0
    outer loop
      vertex -22.6292 42.5413 1.90735e-07
      vertex -22.4 42.4392 4.7
      vertex -22.6292 42.5413 4.7
    endloop
  endfacet
  facet normal -0.406915 -0.913466 -0
    outer loop
      vertex -22.4 42.4392 4.7
      vertex -22.6292 42.5413 1.90735e-07
      vertex -22.4 42.4392 1.90735e-07
    endloop
  endfacet
  facet normal 0.994532 0.104436 0
    outer loop
      vertex -24.1738 41.1505 4.7
      vertex -24.2 41.4 1.90735e-07
      vertex -24.2 41.4 4.7
    endloop
  endfacet
  facet normal 0.994532 0.104436 0
    outer loop
      vertex -24.2 41.4 1.90735e-07
      vertex -24.1738 41.1505 4.7
      vertex -24.1738 41.1505 1.90735e-07
    endloop
  endfacet
  facet normal -0.743393 -0.668855 0
    outer loop
      vertex -22.0292 42.1053 1.90735e-07
      vertex -22.197 42.2918 4.7
      vertex -22.197 42.2918 1.90735e-07
    endloop
  endfacet
  facet normal -0.743393 -0.668855 0
    outer loop
      vertex -22.197 42.2918 4.7
      vertex -22.0292 42.1053 1.90735e-07
      vertex -22.0292 42.1053 4.7
    endloop
  endfacet
  facet normal -0.587555 0.809184 0
    outer loop
      vertex -22.197 40.5082 1.90735e-07
      vertex -22.4 40.3608 4.7
      vertex -22.197 40.5082 4.7
    endloop
  endfacet
  facet normal -0.587555 0.809184 0
    outer loop
      vertex -22.4 40.3608 4.7
      vertex -22.197 40.5082 1.90735e-07
      vertex -22.4 40.3608 1.90735e-07
    endloop
  endfacet
  facet normal 0 -1 0
    outer loop
      vertex -23.1254 42.5934 1.90735e-07
      vertex -22.8746 42.5934 4.7
      vertex -23.1254 42.5934 4.7
    endloop
  endfacet
  facet normal 0 -1 -0
    outer loop
      vertex -22.8746 42.5934 4.7
      vertex -23.1254 42.5934 1.90735e-07
      vertex -22.8746 42.5934 1.90735e-07
    endloop
  endfacet
  facet normal 0.951087 -0.308924 0
    outer loop
      vertex -24.1738 41.6495 4.7
      vertex -24.0963 41.8881 1.90735e-07
      vertex -24.0963 41.8881 4.7
    endloop
  endfacet
  facet normal 0.951087 -0.308924 0
    outer loop
      vertex -24.0963 41.8881 1.90735e-07
      vertex -24.1738 41.6495 4.7
      vertex -24.1738 41.6495 1.90735e-07
    endloop
  endfacet
  facet normal 0.743393 -0.668855 0
    outer loop
      vertex -23.9708 42.1053 4.7
      vertex -23.803 42.2918 1.90735e-07
      vertex -23.803 42.2918 4.7
    endloop
  endfacet
  facet normal 0.743393 -0.668855 0
    outer loop
      vertex -23.803 42.2918 1.90735e-07
      vertex -23.9708 42.1053 4.7
      vertex -23.9708 42.1053 1.90735e-07
    endloop
  endfacet
  facet normal 0.994532 -0.104436 0
    outer loop
      vertex -24.2 41.4 4.7
      vertex -24.1738 41.6495 1.90735e-07
      vertex -24.1738 41.6495 4.7
    endloop
  endfacet
  facet normal 0.994532 -0.104436 0
    outer loop
      vertex -24.1738 41.6495 1.90735e-07
      vertex -24.2 41.4 4.7
      vertex -24.2 41.4 1.90735e-07
    endloop
  endfacet
  facet normal -0.951087 -0.308924 0
    outer loop
      vertex -21.8262 25.6495 1.90735e-07
      vertex -21.9037 25.8881 4.7
      vertex -21.9037 25.8881 1.90735e-07
    endloop
  endfacet
  facet normal -0.951087 -0.308924 0
    outer loop
      vertex -21.9037 25.8881 4.7
      vertex -21.8262 25.6495 1.90735e-07
      vertex -21.8262 25.6495 4.7
    endloop
  endfacet
  facet normal -0.951087 0.308924 0
    outer loop
      vertex -21.9037 24.9119 1.90735e-07
      vertex -21.8262 25.1505 4.7
      vertex -21.8262 25.1505 1.90735e-07
    endloop
  endfacet
  facet normal -0.951087 0.308924 0
    outer loop
      vertex -21.8262 25.1505 4.7
      vertex -21.9037 24.9119 1.90735e-07
      vertex -21.9037 24.9119 4.7
    endloop
  endfacet
  facet normal -0.994532 0.104436 0
    outer loop
      vertex -21.8262 25.1505 1.90735e-07
      vertex -21.8 25.4 4.7
      vertex -21.8 25.4 1.90735e-07
    endloop
  endfacet
  facet normal -0.994532 0.104436 0
    outer loop
      vertex -21.8 25.4 4.7
      vertex -21.8262 25.1505 1.90735e-07
      vertex -21.8262 25.1505 4.7
    endloop
  endfacet
  facet normal -0.865854 0.500298 0
    outer loop
      vertex -22.0292 24.6947 1.90735e-07
      vertex -21.9037 24.9119 4.7
      vertex -21.9037 24.9119 1.90735e-07
    endloop
  endfacet
  facet normal -0.865854 0.500298 0
    outer loop
      vertex -21.9037 24.9119 4.7
      vertex -22.0292 24.6947 1.90735e-07
      vertex -22.0292 24.6947 4.7
    endloop
  endfacet
  facet normal -0.406915 -0.913466 0
    outer loop
      vertex -22.6292 26.5413 1.90735e-07
      vertex -22.4 26.4392 4.7
      vertex -22.6292 26.5413 4.7
    endloop
  endfacet
  facet normal -0.406915 -0.913466 -0
    outer loop
      vertex -22.4 26.4392 4.7
      vertex -22.6292 26.5413 1.90735e-07
      vertex -22.4 26.4392 1.90735e-07
    endloop
  endfacet
  facet normal -0.743393 -0.668855 0
    outer loop
      vertex -22.0292 26.1053 1.90735e-07
      vertex -22.197 26.2918 4.7
      vertex -22.197 26.2918 1.90735e-07
    endloop
  endfacet
  facet normal -0.743393 -0.668855 0
    outer loop
      vertex -22.197 26.2918 4.7
      vertex -22.0292 26.1053 1.90735e-07
      vertex -22.0292 26.1053 4.7
    endloop
  endfacet
  facet normal 0.587555 0.809184 -0
    outer loop
      vertex -23.6 24.3608 1.90735e-07
      vertex -23.803 24.5082 4.7
      vertex -23.6 24.3608 4.7
    endloop
  endfacet
  facet normal 0.587555 0.809184 0
    outer loop
      vertex -23.803 24.5082 4.7
      vertex -23.6 24.3608 1.90735e-07
      vertex -23.803 24.5082 1.90735e-07
    endloop
  endfacet
  facet normal 0.587555 -0.809184 0
    outer loop
      vertex -23.803 26.2918 1.90735e-07
      vertex -23.6 26.4392 4.7
      vertex -23.803 26.2918 4.7
    endloop
  endfacet
  facet normal 0.587555 -0.809184 0
    outer loop
      vertex -23.6 26.4392 4.7
      vertex -23.803 26.2918 1.90735e-07
      vertex -23.6 26.4392 1.90735e-07
    endloop
  endfacet
  facet normal 0.207678 0.978197 -0
    outer loop
      vertex -23.1254 24.2066 1.90735e-07
      vertex -23.3708 24.2587 4.7
      vertex -23.1254 24.2066 4.7
    endloop
  endfacet
  facet normal 0.207678 0.978197 0
    outer loop
      vertex -23.3708 24.2587 4.7
      vertex -23.1254 24.2066 1.90735e-07
      vertex -23.3708 24.2587 1.90735e-07
    endloop
  endfacet
  facet normal -0.207678 0.978197 0
    outer loop
      vertex -22.6292 24.2587 1.90735e-07
      vertex -22.8746 24.2066 4.7
      vertex -22.6292 24.2587 4.7
    endloop
  endfacet
  facet normal -0.207678 0.978197 0
    outer loop
      vertex -22.8746 24.2066 4.7
      vertex -22.6292 24.2587 1.90735e-07
      vertex -22.8746 24.2066 1.90735e-07
    endloop
  endfacet
  facet normal 0.207678 -0.978197 0
    outer loop
      vertex -23.3708 26.5413 1.90735e-07
      vertex -23.1254 26.5934 4.7
      vertex -23.3708 26.5413 4.7
    endloop
  endfacet
  facet normal 0.207678 -0.978197 0
    outer loop
      vertex -23.1254 26.5934 4.7
      vertex -23.3708 26.5413 1.90735e-07
      vertex -23.1254 26.5934 1.90735e-07
    endloop
  endfacet
  facet normal 0.743393 0.668855 0
    outer loop
      vertex -23.803 24.5082 4.7
      vertex -23.9708 24.6947 1.90735e-07
      vertex -23.9708 24.6947 4.7
    endloop
  endfacet
  facet normal 0.743393 0.668855 0
    outer loop
      vertex -23.9708 24.6947 1.90735e-07
      vertex -23.803 24.5082 4.7
      vertex -23.803 24.5082 1.90735e-07
    endloop
  endfacet
  facet normal -0.865854 -0.500298 0
    outer loop
      vertex -21.9037 25.8881 1.90735e-07
      vertex -22.0292 26.1053 4.7
      vertex -22.0292 26.1053 1.90735e-07
    endloop
  endfacet
  facet normal -0.865854 -0.500298 0
    outer loop
      vertex -22.0292 26.1053 4.7
      vertex -21.9037 25.8881 1.90735e-07
      vertex -21.9037 25.8881 4.7
    endloop
  endfacet
  facet normal 0.994532 -0.104436 0
    outer loop
      vertex -24.2 25.4 4.7
      vertex -24.1738 25.6495 1.90735e-07
      vertex -24.1738 25.6495 4.7
    endloop
  endfacet
  facet normal 0.994532 -0.104436 0
    outer loop
      vertex -24.1738 25.6495 1.90735e-07
      vertex -24.2 25.4 4.7
      vertex -24.2 25.4 1.90735e-07
    endloop
  endfacet
  facet normal 0 -1 0
    outer loop
      vertex -23.1254 26.5934 1.90735e-07
      vertex -22.8746 26.5934 4.7
      vertex -23.1254 26.5934 4.7
    endloop
  endfacet
  facet normal 0 -1 -0
    outer loop
      vertex -22.8746 26.5934 4.7
      vertex -23.1254 26.5934 1.90735e-07
      vertex -22.8746 26.5934 1.90735e-07
    endloop
  endfacet
  facet normal 0.865854 -0.500298 0
    outer loop
      vertex -24.0963 25.8881 4.7
      vertex -23.9708 26.1053 1.90735e-07
      vertex -23.9708 26.1053 4.7
    endloop
  endfacet
  facet normal 0.865854 -0.500298 0
    outer loop
      vertex -23.9708 26.1053 1.90735e-07
      vertex -24.0963 25.8881 4.7
      vertex -24.0963 25.8881 1.90735e-07
    endloop
  endfacet
  facet normal 0.951087 -0.308924 0
    outer loop
      vertex -24.1738 25.6495 4.7
      vertex -24.0963 25.8881 1.90735e-07
      vertex -24.0963 25.8881 4.7
    endloop
  endfacet
  facet normal 0.951087 -0.308924 0
    outer loop
      vertex -24.0963 25.8881 1.90735e-07
      vertex -24.1738 25.6495 4.7
      vertex -24.1738 25.6495 1.90735e-07
    endloop
  endfacet
  facet normal -0.406915 0.913466 0
    outer loop
      vertex -22.4 24.3608 1.90735e-07
      vertex -22.6292 24.2587 4.7
      vertex -22.4 24.3608 4.7
    endloop
  endfacet
  facet normal -0.406915 0.913466 0
    outer loop
      vertex -22.6292 24.2587 4.7
      vertex -22.4 24.3608 1.90735e-07
      vertex -22.6292 24.2587 1.90735e-07
    endloop
  endfacet
  facet normal 0.994532 0.104436 0
    outer loop
      vertex -24.1738 25.1505 4.7
      vertex -24.2 25.4 1.90735e-07
      vertex -24.2 25.4 4.7
    endloop
  endfacet
  facet normal 0.994532 0.104436 0
    outer loop
      vertex -24.2 25.4 1.90735e-07
      vertex -24.1738 25.1505 4.7
      vertex -24.1738 25.1505 1.90735e-07
    endloop
  endfacet
  facet normal -0.994532 -0.104436 0
    outer loop
      vertex -21.8 25.4 1.90735e-07
      vertex -21.8262 25.6495 4.7
      vertex -21.8262 25.6495 1.90735e-07
    endloop
  endfacet
  facet normal -0.994532 -0.104436 0
    outer loop
      vertex -21.8262 25.6495 4.7
      vertex -21.8 25.4 1.90735e-07
      vertex -21.8 25.4 4.7
    endloop
  endfacet
  facet normal 0 1 -0
    outer loop
      vertex -22.8746 24.2066 1.90735e-07
      vertex -23.1254 24.2066 4.7
      vertex -22.8746 24.2066 4.7
    endloop
  endfacet
  facet normal 0 1 0
    outer loop
      vertex -23.1254 24.2066 4.7
      vertex -22.8746 24.2066 1.90735e-07
      vertex -23.1254 24.2066 1.90735e-07
    endloop
  endfacet
  facet normal 0.406915 0.913466 -0
    outer loop
      vertex -23.3708 24.2587 1.90735e-07
      vertex -23.6 24.3608 4.7
      vertex -23.3708 24.2587 4.7
    endloop
  endfacet
  facet normal 0.406915 0.913466 0
    outer loop
      vertex -23.6 24.3608 4.7
      vertex -23.3708 24.2587 1.90735e-07
      vertex -23.6 24.3608 1.90735e-07
    endloop
  endfacet
  facet normal -0.743393 0.668855 0
    outer loop
      vertex -22.197 24.5082 1.90735e-07
      vertex -22.0292 24.6947 4.7
      vertex -22.0292 24.6947 1.90735e-07
    endloop
  endfacet
  facet normal -0.743393 0.668855 0
    outer loop
      vertex -22.0292 24.6947 4.7
      vertex -22.197 24.5082 1.90735e-07
      vertex -22.197 24.5082 4.7
    endloop
  endfacet
  facet normal 0.406915 -0.913466 0
    outer loop
      vertex -23.6 26.4392 1.90735e-07
      vertex -23.3708 26.5413 4.7
      vertex -23.6 26.4392 4.7
    endloop
  endfacet
  facet normal 0.406915 -0.913466 0
    outer loop
      vertex -23.3708 26.5413 4.7
      vertex -23.6 26.4392 1.90735e-07
      vertex -23.3708 26.5413 1.90735e-07
    endloop
  endfacet
  facet normal -0.207678 -0.978197 0
    outer loop
      vertex -22.8746 26.5934 1.90735e-07
      vertex -22.6292 26.5413 4.7
      vertex -22.8746 26.5934 4.7
    endloop
  endfacet
  facet normal -0.207678 -0.978197 -0
    outer loop
      vertex -22.6292 26.5413 4.7
      vertex -22.8746 26.5934 1.90735e-07
      vertex -22.6292 26.5413 1.90735e-07
    endloop
  endfacet
  facet normal -0.587555 0.809184 0
    outer loop
      vertex -22.197 24.5082 1.90735e-07
      vertex -22.4 24.3608 4.7
      vertex -22.197 24.5082 4.7
    endloop
  endfacet
  facet normal -0.587555 0.809184 0
    outer loop
      vertex -22.4 24.3608 4.7
      vertex -22.197 24.5082 1.90735e-07
      vertex -22.4 24.3608 1.90735e-07
    endloop
  endfacet
  facet normal 0.865854 0.500298 0
    outer loop
      vertex -23.9708 24.6947 4.7
      vertex -24.0963 24.9119 1.90735e-07
      vertex -24.0963 24.9119 4.7
    endloop
  endfacet
  facet normal 0.865854 0.500298 0
    outer loop
      vertex -24.0963 24.9119 1.90735e-07
      vertex -23.9708 24.6947 4.7
      vertex -23.9708 24.6947 1.90735e-07
    endloop
  endfacet
  facet normal 0.743393 -0.668855 0
    outer loop
      vertex -23.9708 26.1053 4.7
      vertex -23.803 26.2918 1.90735e-07
      vertex -23.803 26.2918 4.7
    endloop
  endfacet
  facet normal 0.743393 -0.668855 0
    outer loop
      vertex -23.803 26.2918 1.90735e-07
      vertex -23.9708 26.1053 4.7
      vertex -23.9708 26.1053 1.90735e-07
    endloop
  endfacet
  facet normal -0.587555 -0.809184 0
    outer loop
      vertex -22.4 26.4392 1.90735e-07
      vertex -22.197 26.2918 4.7
      vertex -22.4 26.4392 4.7
    endloop
  endfacet
  facet normal -0.587555 -0.809184 -0
    outer loop
      vertex -22.197 26.2918 4.7
      vertex -22.4 26.4392 1.90735e-07
      vertex -22.197 26.2918 1.90735e-07
    endloop
  endfacet
  facet normal 0.951087 0.308924 0
    outer loop
      vertex -24.0963 24.9119 4.7
      vertex -24.1738 25.1505 1.90735e-07
      vertex -24.1738 25.1505 4.7
    endloop
  endfacet
  facet normal 0.951087 0.308924 0
    outer loop
      vertex -24.1738 25.1505 1.90735e-07
      vertex -24.0963 24.9119 4.7
      vertex -24.0963 24.9119 1.90735e-07
    endloop
  endfacet
  facet normal 0 -0.891062 -0.453881
    outer loop
      vertex -25.6 34.1608 3.24721
      vertex -23.25 34.0472 3.47023
      vertex -25.6 34.0472 3.47023
    endloop
  endfacet
  facet normal 0 -0.891062 -0.453881
    outer loop
      vertex -23.25 34.0472 3.47023
      vertex -25.6 34.1608 3.24721
      vertex -23.25 34.1608 3.24721
    endloop
  endfacet
  facet normal 0 0.98766 -0.156613
    outer loop
      vertex -23.25 32.6 3
      vertex -25.6 32.6392 3.24721
      vertex -23.25 32.6392 3.24721
    endloop
  endfacet
  facet normal 0 0.98766 -0.156613
    outer loop
      vertex -25.6 32.6392 3.24721
      vertex -23.25 32.6 3
      vertex -25.6 32.6 3
    endloop
  endfacet
  facet normal 0 0.156463 -0.987684
    outer loop
      vertex -25.6 33.1528 3.76084
      vertex -23.25 33.4 3.8
      vertex -23.25 33.1528 3.76084
    endloop
  endfacet
  facet normal 0 0.156463 -0.987684
    outer loop
      vertex -23.25 33.4 3.8
      vertex -25.6 33.1528 3.76084
      vertex -25.6 33.4 3.8
    endloop
  endfacet
  facet normal 0 -0.454041 0.890981
    outer loop
      vertex -25.6 33.8702 2.35279
      vertex -23.25 33.6472 2.23915
      vertex -23.25 33.8702 2.35279
    endloop
  endfacet
  facet normal 0 -0.454041 0.890981
    outer loop
      vertex -23.25 33.6472 2.23915
      vertex -25.6 33.8702 2.35279
      vertex -25.6 33.6472 2.23915
    endloop
  endfacet
  facet normal -0 0.454041 0.890981
    outer loop
      vertex -25.6 33.1528 2.23915
      vertex -23.25 32.9298 2.35279
      vertex -23.25 33.1528 2.23915
    endloop
  endfacet
  facet normal 0 0.454041 0.890981
    outer loop
      vertex -23.25 32.9298 2.35279
      vertex -25.6 33.1528 2.23915
      vertex -25.6 32.9298 2.35279
    endloop
  endfacet
  facet normal 0 0.891062 0.453881
    outer loop
      vertex -23.25 32.7528 2.52977
      vertex -25.6 32.6392 2.75279
      vertex -23.25 32.6392 2.75279
    endloop
  endfacet
  facet normal 0 0.891062 0.453881
    outer loop
      vertex -25.6 32.6392 2.75279
      vertex -23.25 32.7528 2.52977
      vertex -25.6 32.7528 2.52977
    endloop
  endfacet
  facet normal 0 -0.707067 -0.707147
    outer loop
      vertex -25.6 33.8702 3.64721
      vertex -23.25 34.0472 3.47023
      vertex -23.25 33.8702 3.64721
    endloop
  endfacet
  facet normal -0 -0.707067 -0.707147
    outer loop
      vertex -23.25 34.0472 3.47023
      vertex -25.6 33.8702 3.64721
      vertex -25.6 34.0472 3.47023
    endloop
  endfacet
  facet normal -1 0 0
    outer loop
      vertex -23.25 34.1608 2.75279
      vertex -23.25 34.1608 3.24721
      vertex -23.25 34.2 3
    endloop
  endfacet
  facet normal -1 0 0
    outer loop
      vertex -23.25 34.0472 2.52977
      vertex -23.25 34.1608 3.24721
      vertex -23.25 34.1608 2.75279
    endloop
  endfacet
  facet normal -1 0 0
    outer loop
      vertex -23.25 34.0472 2.52977
      vertex -23.25 34.0472 3.47023
      vertex -23.25 34.1608 3.24721
    endloop
  endfacet
  facet normal -1 0 0
    outer loop
      vertex -23.25 33.8702 2.35279
      vertex -23.25 34.0472 3.47023
      vertex -23.25 34.0472 2.52977
    endloop
  endfacet
  facet normal -1 0 0
    outer loop
      vertex -23.25 33.8702 2.35279
      vertex -23.25 33.8702 3.64721
      vertex -23.25 34.0472 3.47023
    endloop
  endfacet
  facet normal -1 0 0
    outer loop
      vertex -23.25 33.6472 2.23915
      vertex -23.25 33.8702 3.64721
      vertex -23.25 33.8702 2.35279
    endloop
  endfacet
  facet normal -1 0 0
    outer loop
      vertex -23.25 33.6472 2.23915
      vertex -23.25 33.6472 3.76084
      vertex -23.25 33.8702 3.64721
    endloop
  endfacet
  facet normal -1 0 0
    outer loop
      vertex -23.25 33.4 2.2
      vertex -23.25 33.6472 3.76084
      vertex -23.25 33.6472 2.23915
    endloop
  endfacet
  facet normal -1 0 0
    outer loop
      vertex -23.25 33.4 2.2
      vertex -23.25 33.4 3.8
      vertex -23.25 33.6472 3.76084
    endloop
  endfacet
  facet normal -1 0 0
    outer loop
      vertex -23.25 33.1528 2.23915
      vertex -23.25 33.4 3.8
      vertex -23.25 33.4 2.2
    endloop
  endfacet
  facet normal -1 0 0
    outer loop
      vertex -23.25 33.1528 2.23915
      vertex -23.25 33.1528 3.76084
      vertex -23.25 33.4 3.8
    endloop
  endfacet
  facet normal -1 0 0
    outer loop
      vertex -23.25 32.9298 2.35279
      vertex -23.25 33.1528 3.76084
      vertex -23.25 33.1528 2.23915
    endloop
  endfacet
  facet normal -1 0 0
    outer loop
      vertex -23.25 32.9298 2.35279
      vertex -23.25 32.9298 3.64721
      vertex -23.25 33.1528 3.76084
    endloop
  endfacet
  facet normal -1 0 0
    outer loop
      vertex -23.25 32.7528 2.52977
      vertex -23.25 32.9298 3.64721
      vertex -23.25 32.9298 2.35279
    endloop
  endfacet
  facet normal -1 0 0
    outer loop
      vertex -23.25 32.7528 2.52977
      vertex -23.25 32.7528 3.47023
      vertex -23.25 32.9298 3.64721
    endloop
  endfacet
  facet normal -1 0 0
    outer loop
      vertex -23.25 32.6392 2.75279
      vertex -23.25 32.7528 3.47023
      vertex -23.25 32.7528 2.52977
    endloop
  endfacet
  facet normal -1 0 0
    outer loop
      vertex -23.25 32.6392 2.75279
      vertex -23.25 32.6392 3.24721
      vertex -23.25 32.7528 3.47023
    endloop
  endfacet
  facet normal -1 0 -0
    outer loop
      vertex -23.25 32.6392 3.24721
      vertex -23.25 32.6392 2.75279
      vertex -23.25 32.6 3
    endloop
  endfacet
  facet normal -0 0.156424 0.98769
    outer loop
      vertex -25.6 33.4 2.2
      vertex -23.25 33.1528 2.23915
      vertex -23.25 33.4 2.2
    endloop
  endfacet
  facet normal 0 0.156424 0.98769
    outer loop
      vertex -23.25 33.1528 2.23915
      vertex -25.6 33.4 2.2
      vertex -25.6 33.1528 2.23915
    endloop
  endfacet
  facet normal 0 0.707067 0.707147
    outer loop
      vertex -23.25 32.9298 2.35279
      vertex -25.6 32.7528 2.52977
      vertex -23.25 32.7528 2.52977
    endloop
  endfacet
  facet normal 0 0.707067 0.707147
    outer loop
      vertex -25.6 32.7528 2.52977
      vertex -23.25 32.9298 2.35279
      vertex -25.6 32.9298 2.35279
    endloop
  endfacet
  facet normal 0 -0.98766 -0.156613
    outer loop
      vertex -25.6 34.2 3
      vertex -23.25 34.1608 3.24721
      vertex -25.6 34.1608 3.24721
    endloop
  endfacet
  facet normal 0 -0.98766 -0.156613
    outer loop
      vertex -23.25 34.1608 3.24721
      vertex -25.6 34.2 3
      vertex -23.25 34.2 3
    endloop
  endfacet
  facet normal 0 0.454009 -0.890997
    outer loop
      vertex -25.6 32.9298 3.64721
      vertex -23.25 33.1528 3.76084
      vertex -23.25 32.9298 3.64721
    endloop
  endfacet
  facet normal 0 0.454009 -0.890997
    outer loop
      vertex -23.25 33.1528 3.76084
      vertex -25.6 32.9298 3.64721
      vertex -25.6 33.1528 3.76084
    endloop
  endfacet
  facet normal 0 -0.98766 0.156613
    outer loop
      vertex -25.6 34.1608 2.75279
      vertex -23.25 34.2 3
      vertex -25.6 34.2 3
    endloop
  endfacet
  facet normal 0 -0.98766 0.156613
    outer loop
      vertex -23.25 34.2 3
      vertex -25.6 34.1608 2.75279
      vertex -23.25 34.1608 2.75279
    endloop
  endfacet
  facet normal 0 0.98766 0.156613
    outer loop
      vertex -23.25 32.6392 2.75279
      vertex -25.6 32.6 3
      vertex -23.25 32.6 3
    endloop
  endfacet
  facet normal 0 0.98766 0.156613
    outer loop
      vertex -25.6 32.6 3
      vertex -23.25 32.6392 2.75279
      vertex -25.6 32.6392 2.75279
    endloop
  endfacet
  facet normal 0 0.891062 -0.453881
    outer loop
      vertex -23.25 32.6392 3.24721
      vertex -25.6 32.7528 3.47023
      vertex -23.25 32.7528 3.47023
    endloop
  endfacet
  facet normal 0 0.891062 -0.453881
    outer loop
      vertex -25.6 32.7528 3.47023
      vertex -23.25 32.6392 3.24721
      vertex -25.6 32.6392 3.24721
    endloop
  endfacet
  facet normal 0 -0.891062 0.453881
    outer loop
      vertex -25.6 34.0472 2.52977
      vertex -23.25 34.1608 2.75279
      vertex -25.6 34.1608 2.75279
    endloop
  endfacet
  facet normal 0 -0.891062 0.453881
    outer loop
      vertex -23.25 34.1608 2.75279
      vertex -25.6 34.0472 2.52977
      vertex -23.25 34.0472 2.52977
    endloop
  endfacet
  facet normal 0 -0.454009 -0.890997
    outer loop
      vertex -25.6 33.6472 3.76084
      vertex -23.25 33.8702 3.64721
      vertex -23.25 33.6472 3.76084
    endloop
  endfacet
  facet normal -0 -0.454009 -0.890997
    outer loop
      vertex -23.25 33.8702 3.64721
      vertex -25.6 33.6472 3.76084
      vertex -25.6 33.8702 3.64721
    endloop
  endfacet
  facet normal 0 -0.156463 -0.987684
    outer loop
      vertex -25.6 33.4 3.8
      vertex -23.25 33.6472 3.76084
      vertex -23.25 33.4 3.8
    endloop
  endfacet
  facet normal -0 -0.156463 -0.987684
    outer loop
      vertex -23.25 33.6472 3.76084
      vertex -25.6 33.4 3.8
      vertex -25.6 33.6472 3.76084
    endloop
  endfacet
  facet normal 0 -0.156424 0.98769
    outer loop
      vertex -25.6 33.6472 2.23915
      vertex -23.25 33.4 2.2
      vertex -23.25 33.6472 2.23915
    endloop
  endfacet
  facet normal 0 -0.156424 0.98769
    outer loop
      vertex -23.25 33.4 2.2
      vertex -25.6 33.6472 2.23915
      vertex -25.6 33.4 2.2
    endloop
  endfacet
  facet normal 0 0.707067 -0.707147
    outer loop
      vertex -23.25 32.7528 3.47023
      vertex -25.6 32.9298 3.64721
      vertex -23.25 32.9298 3.64721
    endloop
  endfacet
  facet normal 0 0.707067 -0.707147
    outer loop
      vertex -25.6 32.9298 3.64721
      vertex -23.25 32.7528 3.47023
      vertex -25.6 32.7528 3.47023
    endloop
  endfacet
  facet normal 0 -0.707067 0.707147
    outer loop
      vertex -25.6 34.0472 2.52977
      vertex -23.25 33.8702 2.35279
      vertex -23.25 34.0472 2.52977
    endloop
  endfacet
  facet normal 0 -0.707067 0.707147
    outer loop
      vertex -23.25 33.8702 2.35279
      vertex -25.6 34.0472 2.52977
      vertex -25.6 33.8702 2.35279
    endloop
  endfacet
  facet normal 0 -0.891062 -0.453881
    outer loop
      vertex 23.25 34.1608 3.24721
      vertex 25.6 34.0472 3.47023
      vertex 23.25 34.0472 3.47023
    endloop
  endfacet
  facet normal 0 -0.891062 -0.453881
    outer loop
      vertex 25.6 34.0472 3.47023
      vertex 23.25 34.1608 3.24721
      vertex 25.6 34.1608 3.24721
    endloop
  endfacet
  facet normal 0 0.98766 -0.156613
    outer loop
      vertex 25.6 32.6 3
      vertex 23.25 32.6392 3.24721
      vertex 25.6 32.6392 3.24721
    endloop
  endfacet
  facet normal 0 0.98766 -0.156613
    outer loop
      vertex 23.25 32.6392 3.24721
      vertex 25.6 32.6 3
      vertex 23.25 32.6 3
    endloop
  endfacet
  facet normal 0 0.156463 -0.987684
    outer loop
      vertex 23.25 33.1528 3.76084
      vertex 25.6 33.4 3.8
      vertex 25.6 33.1528 3.76084
    endloop
  endfacet
  facet normal 0 0.156463 -0.987684
    outer loop
      vertex 25.6 33.4 3.8
      vertex 23.25 33.1528 3.76084
      vertex 23.25 33.4 3.8
    endloop
  endfacet
  facet normal 0 -0.454041 0.890981
    outer loop
      vertex 23.25 33.8702 2.35279
      vertex 25.6 33.6472 2.23915
      vertex 25.6 33.8702 2.35279
    endloop
  endfacet
  facet normal 0 -0.454041 0.890981
    outer loop
      vertex 25.6 33.6472 2.23915
      vertex 23.25 33.8702 2.35279
      vertex 23.25 33.6472 2.23915
    endloop
  endfacet
  facet normal -0 0.454041 0.890981
    outer loop
      vertex 23.25 33.1528 2.23915
      vertex 25.6 32.9298 2.35279
      vertex 25.6 33.1528 2.23915
    endloop
  endfacet
  facet normal 0 0.454041 0.890981
    outer loop
      vertex 25.6 32.9298 2.35279
      vertex 23.25 33.1528 2.23915
      vertex 23.25 32.9298 2.35279
    endloop
  endfacet
  facet normal 0 0.891062 0.453881
    outer loop
      vertex 25.6 32.7528 2.52977
      vertex 23.25 32.6392 2.75279
      vertex 25.6 32.6392 2.75279
    endloop
  endfacet
  facet normal 0 0.891062 0.453881
    outer loop
      vertex 23.25 32.6392 2.75279
      vertex 25.6 32.7528 2.52977
      vertex 23.25 32.7528 2.52977
    endloop
  endfacet
  facet normal -0 0.156424 0.98769
    outer loop
      vertex 23.25 33.4 2.2
      vertex 25.6 33.1528 2.23915
      vertex 25.6 33.4 2.2
    endloop
  endfacet
  facet normal 0 0.156424 0.98769
    outer loop
      vertex 25.6 33.1528 2.23915
      vertex 23.25 33.4 2.2
      vertex 23.25 33.1528 2.23915
    endloop
  endfacet
  facet normal 0 0.707067 0.707147
    outer loop
      vertex 25.6 32.9298 2.35279
      vertex 23.25 32.7528 2.52977
      vertex 25.6 32.7528 2.52977
    endloop
  endfacet
  facet normal 0 0.707067 0.707147
    outer loop
      vertex 23.25 32.7528 2.52977
      vertex 25.6 32.9298 2.35279
      vertex 23.25 32.9298 2.35279
    endloop
  endfacet
  facet normal 0 -0.98766 -0.156613
    outer loop
      vertex 23.25 34.2 3
      vertex 25.6 34.1608 3.24721
      vertex 23.25 34.1608 3.24721
    endloop
  endfacet
  facet normal 0 -0.98766 -0.156613
    outer loop
      vertex 25.6 34.1608 3.24721
      vertex 23.25 34.2 3
      vertex 25.6 34.2 3
    endloop
  endfacet
  facet normal 1 0 0
    outer loop
      vertex 23.25 34.1608 3.24721
      vertex 23.25 34.1608 2.75279
      vertex 23.25 34.2 3
    endloop
  endfacet
  facet normal 1 0 0
    outer loop
      vertex 23.25 34.0472 3.47023
      vertex 23.25 34.1608 2.75279
      vertex 23.25 34.1608 3.24721
    endloop
  endfacet
  facet normal 1 0 0
    outer loop
      vertex 23.25 34.0472 3.47023
      vertex 23.25 34.0472 2.52977
      vertex 23.25 34.1608 2.75279
    endloop
  endfacet
  facet normal 1 0 0
    outer loop
      vertex 23.25 33.8702 3.64721
      vertex 23.25 34.0472 2.52977
      vertex 23.25 34.0472 3.47023
    endloop
  endfacet
  facet normal 1 0 0
    outer loop
      vertex 23.25 33.8702 3.64721
      vertex 23.25 33.8702 2.35279
      vertex 23.25 34.0472 2.52977
    endloop
  endfacet
  facet normal 1 0 0
    outer loop
      vertex 23.25 33.6472 3.76084
      vertex 23.25 33.8702 2.35279
      vertex 23.25 33.8702 3.64721
    endloop
  endfacet
  facet normal 1 0 0
    outer loop
      vertex 23.25 33.6472 3.76084
      vertex 23.25 33.6472 2.23915
      vertex 23.25 33.8702 2.35279
    endloop
  endfacet
  facet normal 1 0 0
    outer loop
      vertex 23.25 33.4 3.8
      vertex 23.25 33.6472 2.23915
      vertex 23.25 33.6472 3.76084
    endloop
  endfacet
  facet normal 1 0 0
    outer loop
      vertex 23.25 33.4 3.8
      vertex 23.25 33.4 2.2
      vertex 23.25 33.6472 2.23915
    endloop
  endfacet
  facet normal 1 -0 0
    outer loop
      vertex 23.25 33.1528 3.76084
      vertex 23.25 33.4 2.2
      vertex 23.25 33.4 3.8
    endloop
  endfacet
  facet normal 1 0 0
    outer loop
      vertex 23.25 33.1528 3.76084
      vertex 23.25 33.1528 2.23915
      vertex 23.25 33.4 2.2
    endloop
  endfacet
  facet normal 1 -0 0
    outer loop
      vertex 23.25 32.9298 3.64721
      vertex 23.25 33.1528 2.23915
      vertex 23.25 33.1528 3.76084
    endloop
  endfacet
  facet normal 1 0 0
    outer loop
      vertex 23.25 32.9298 3.64721
      vertex 23.25 32.9298 2.35279
      vertex 23.25 33.1528 2.23915
    endloop
  endfacet
  facet normal 1 -0 0
    outer loop
      vertex 23.25 32.7528 3.47023
      vertex 23.25 32.9298 2.35279
      vertex 23.25 32.9298 3.64721
    endloop
  endfacet
  facet normal 1 0 0
    outer loop
      vertex 23.25 32.7528 3.47023
      vertex 23.25 32.7528 2.52977
      vertex 23.25 32.9298 2.35279
    endloop
  endfacet
  facet normal 1 -0 0
    outer loop
      vertex 23.25 32.6392 3.24721
      vertex 23.25 32.7528 2.52977
      vertex 23.25 32.7528 3.47023
    endloop
  endfacet
  facet normal 1 0 0
    outer loop
      vertex 23.25 32.6392 3.24721
      vertex 23.25 32.6392 2.75279
      vertex 23.25 32.7528 2.52977
    endloop
  endfacet
  facet normal 1 0 -0
    outer loop
      vertex 23.25 32.6392 2.75279
      vertex 23.25 32.6392 3.24721
      vertex 23.25 32.6 3
    endloop
  endfacet
  facet normal 0 0.454009 -0.890997
    outer loop
      vertex 23.25 32.9298 3.64721
      vertex 25.6 33.1528 3.76084
      vertex 25.6 32.9298 3.64721
    endloop
  endfacet
  facet normal 0 0.454009 -0.890997
    outer loop
      vertex 25.6 33.1528 3.76084
      vertex 23.25 32.9298 3.64721
      vertex 23.25 33.1528 3.76084
    endloop
  endfacet
  facet normal 0 -0.707067 -0.707147
    outer loop
      vertex 23.25 33.8702 3.64721
      vertex 25.6 34.0472 3.47023
      vertex 25.6 33.8702 3.64721
    endloop
  endfacet
  facet normal -0 -0.707067 -0.707147
    outer loop
      vertex 25.6 34.0472 3.47023
      vertex 23.25 33.8702 3.64721
      vertex 23.25 34.0472 3.47023
    endloop
  endfacet
  facet normal 0 -0.98766 0.156613
    outer loop
      vertex 23.25 34.1608 2.75279
      vertex 25.6 34.2 3
      vertex 23.25 34.2 3
    endloop
  endfacet
  facet normal 0 -0.98766 0.156613
    outer loop
      vertex 25.6 34.2 3
      vertex 23.25 34.1608 2.75279
      vertex 25.6 34.1608 2.75279
    endloop
  endfacet
  facet normal 0 0.98766 0.156613
    outer loop
      vertex 25.6 32.6392 2.75279
      vertex 23.25 32.6 3
      vertex 25.6 32.6 3
    endloop
  endfacet
  facet normal 0 0.98766 0.156613
    outer loop
      vertex 23.25 32.6 3
      vertex 25.6 32.6392 2.75279
      vertex 23.25 32.6392 2.75279
    endloop
  endfacet
  facet normal 0 0.891062 -0.453881
    outer loop
      vertex 25.6 32.6392 3.24721
      vertex 23.25 32.7528 3.47023
      vertex 25.6 32.7528 3.47023
    endloop
  endfacet
  facet normal 0 0.891062 -0.453881
    outer loop
      vertex 23.25 32.7528 3.47023
      vertex 25.6 32.6392 3.24721
      vertex 23.25 32.6392 3.24721
    endloop
  endfacet
  facet normal 0 -0.891062 0.453881
    outer loop
      vertex 23.25 34.0472 2.52977
      vertex 25.6 34.1608 2.75279
      vertex 23.25 34.1608 2.75279
    endloop
  endfacet
  facet normal 0 -0.891062 0.453881
    outer loop
      vertex 25.6 34.1608 2.75279
      vertex 23.25 34.0472 2.52977
      vertex 25.6 34.0472 2.52977
    endloop
  endfacet
  facet normal 0 -0.454009 -0.890997
    outer loop
      vertex 23.25 33.6472 3.76084
      vertex 25.6 33.8702 3.64721
      vertex 25.6 33.6472 3.76084
    endloop
  endfacet
  facet normal -0 -0.454009 -0.890997
    outer loop
      vertex 25.6 33.8702 3.64721
      vertex 23.25 33.6472 3.76084
      vertex 23.25 33.8702 3.64721
    endloop
  endfacet
  facet normal 0 -0.156463 -0.987684
    outer loop
      vertex 23.25 33.4 3.8
      vertex 25.6 33.6472 3.76084
      vertex 25.6 33.4 3.8
    endloop
  endfacet
  facet normal -0 -0.156463 -0.987684
    outer loop
      vertex 25.6 33.6472 3.76084
      vertex 23.25 33.4 3.8
      vertex 23.25 33.6472 3.76084
    endloop
  endfacet
  facet normal 0 -0.156424 0.98769
    outer loop
      vertex 23.25 33.6472 2.23915
      vertex 25.6 33.4 2.2
      vertex 25.6 33.6472 2.23915
    endloop
  endfacet
  facet normal 0 -0.156424 0.98769
    outer loop
      vertex 25.6 33.4 2.2
      vertex 23.25 33.6472 2.23915
      vertex 23.25 33.4 2.2
    endloop
  endfacet
  facet normal 0 0.707067 -0.707147
    outer loop
      vertex 25.6 32.7528 3.47023
      vertex 23.25 32.9298 3.64721
      vertex 25.6 32.9298 3.64721
    endloop
  endfacet
  facet normal 0 0.707067 -0.707147
    outer loop
      vertex 23.25 32.9298 3.64721
      vertex 25.6 32.7528 3.47023
      vertex 23.25 32.7528 3.47023
    endloop
  endfacet
  facet normal 0 -0.707067 0.707147
    outer loop
      vertex 23.25 34.0472 2.52977
      vertex 25.6 33.8702 2.35279
      vertex 25.6 34.0472 2.52977
    endloop
  endfacet
  facet normal 0 -0.707067 0.707147
    outer loop
      vertex 25.6 33.8702 2.35279
      vertex 23.25 34.0472 2.52977
      vertex 23.25 33.8702 2.35279
    endloop
  endfacet
  facet normal -0.207954 0 -0.978139
    outer loop
      vertex -29.5062 -54.2 0.0880985
      vertex -29.1382 -22 0.00986099
      vertex -29.1382 -54.2 0.00986099
    endloop
  endfacet
  facet normal -0.207954 0 -0.978139
    outer loop
      vertex -29.1382 -22 0.00986099
      vertex -29.5062 -54.2 0.0880985
      vertex -29.5062 -22 0.0880985
    endloop
  endfacet
  facet normal 0 -1 0
    outer loop
      vertex -30.75 -54.2 3.2
      vertex -29.1382 -54.2 4.99014
      vertex -29.5062 -54.2 4.9119
    endloop
  endfacet
  facet normal 0 -1 0
    outer loop
      vertex -29.1382 -54.2 4.99014
      vertex -29.1382 -54.2 0.00986099
      vertex 29.1382 -54.2 4.99014
    endloop
  endfacet
  facet normal 0 -1 0
    outer loop
      vertex -30.75 -54.2 3.2
      vertex -29.5062 -54.2 4.9119
      vertex -29.85 -54.2 4.75885
    endloop
  endfacet
  facet normal 0 -1 0
    outer loop
      vertex 29.1382 -54.2 0.00986099
      vertex 29.1382 -54.2 4.99014
      vertex -29.1382 -54.2 0.00986099
    endloop
  endfacet
  facet normal 0 -1 0
    outer loop
      vertex -30.75 -54.2 3.2
      vertex -29.85 -54.2 4.75885
      vertex -30.1544 -54.2 4.53766
    endloop
  endfacet
  facet normal -0 -1 0
    outer loop
      vertex 30.75 -54.2 3.2
      vertex 29.1382 -54.2 4.99014
      vertex 29.1382 -54.2 0.00986099
    endloop
  endfacet
  facet normal 0 -1 0
    outer loop
      vertex -30.75 -54.2 3.2
      vertex -30.1544 -54.2 4.53766
      vertex -30.4062 -54.2 4.25801
    endloop
  endfacet
  facet normal 0 -1 0
    outer loop
      vertex 29.1382 -54.2 4.99014
      vertex 30.75 -54.2 3.2
      vertex 29.5062 -54.2 4.9119
    endloop
  endfacet
  facet normal 0 -1 0
    outer loop
      vertex -30.75 -54.2 3.2
      vertex -30.4062 -54.2 4.25801
      vertex -30.5944 -54.2 3.93213
    endloop
  endfacet
  facet normal 0 -1 0
    outer loop
      vertex 29.5062 -54.2 4.9119
      vertex 30.75 -54.2 3.2
      vertex 29.85 -54.2 4.75885
    endloop
  endfacet
  facet normal 0 -1 0
    outer loop
      vertex -30.75 -54.2 3.2
      vertex -30.5944 -54.2 3.93213
      vertex -30.7107 -54.2 3.57424
    endloop
  endfacet
  facet normal 0 -1 0
    outer loop
      vertex 29.85 -54.2 4.75885
      vertex 30.75 -54.2 3.2
      vertex 30.1544 -54.2 4.53766
    endloop
  endfacet
  facet normal 0 -1 -0
    outer loop
      vertex -29.1382 -54.2 4.99014
      vertex -30.75 -54.2 3.2
      vertex -29.1382 -54.2 0.00986099
    endloop
  endfacet
  facet normal 0 -1 0
    outer loop
      vertex 30.1544 -54.2 4.53766
      vertex 30.75 -54.2 3.2
      vertex 30.4062 -54.2 4.25801
    endloop
  endfacet
  facet normal 0 -1 0
    outer loop
      vertex -29.1382 -54.2 0.00986099
      vertex -30.75 -54.2 3.2
      vertex -30.75 -54.2 1.8
    endloop
  endfacet
  facet normal 0 -1 0
    outer loop
      vertex 30.4062 -54.2 4.25801
      vertex 30.75 -54.2 3.2
      vertex 30.5944 -54.2 3.93213
    endloop
  endfacet
  facet normal 0 -1 0
    outer loop
      vertex -29.1382 -54.2 0.00986099
      vertex -30.75 -54.2 1.8
      vertex -30.7107 -54.2 1.42576
    endloop
  endfacet
  facet normal 0 -1 0
    outer loop
      vertex 30.5944 -54.2 3.93213
      vertex 30.75 -54.2 3.2
      vertex 30.7107 -54.2 3.57424
    endloop
  endfacet
  facet normal 0 -1 0
    outer loop
      vertex -29.1382 -54.2 0.00986099
      vertex -30.7107 -54.2 1.42576
      vertex -30.5944 -54.2 1.06787
    endloop
  endfacet
  facet normal 0 -1 -0
    outer loop
      vertex 30.75 -54.2 3.2
      vertex 29.1382 -54.2 0.00986099
      vertex 30.75 -54.2 1.8
    endloop
  endfacet
  facet normal 0 -1 0
    outer loop
      vertex -29.1382 -54.2 0.00986099
      vertex -30.5944 -54.2 1.06787
      vertex -30.4062 -54.2 0.741987
    endloop
  endfacet
  facet normal 0 -1 0
    outer loop
      vertex 30.75 -54.2 1.8
      vertex 29.1382 -54.2 0.00986099
      vertex 30.7107 -54.2 1.42576
    endloop
  endfacet
  facet normal 0 -1 0
    outer loop
      vertex -29.1382 -54.2 0.00986099
      vertex -30.4062 -54.2 0.741987
      vertex -30.1544 -54.2 0.462339
    endloop
  endfacet
  facet normal 0 -1 0
    outer loop
      vertex 30.7107 -54.2 1.42576
      vertex 29.1382 -54.2 0.00986099
      vertex 30.5944 -54.2 1.06787
    endloop
  endfacet
  facet normal 0 -1 0
    outer loop
      vertex -29.1382 -54.2 0.00986099
      vertex -30.1544 -54.2 0.462339
      vertex -29.85 -54.2 0.241155
    endloop
  endfacet
  facet normal 0 -1 0
    outer loop
      vertex 30.5944 -54.2 1.06787
      vertex 29.1382 -54.2 0.00986099
      vertex 30.4062 -54.2 0.741987
    endloop
  endfacet
  facet normal 0 -1 0
    outer loop
      vertex -29.1382 -54.2 0.00986099
      vertex -29.85 -54.2 0.241155
      vertex -29.5062 -54.2 0.0880985
    endloop
  endfacet
  facet normal 0 -1 0
    outer loop
      vertex 30.4062 -54.2 0.741987
      vertex 29.1382 -54.2 0.00986099
      vertex 30.1544 -54.2 0.462339
    endloop
  endfacet
  facet normal 0 -1 0
    outer loop
      vertex 30.1544 -54.2 0.462339
      vertex 29.1382 -54.2 0.00986099
      vertex 29.85 -54.2 0.241155
    endloop
  endfacet
  facet normal 0 -1 0
    outer loop
      vertex 29.85 -54.2 0.241155
      vertex 29.1382 -54.2 0.00986099
      vertex 29.5062 -54.2 0.0880985
    endloop
  endfacet
  facet normal 0.951045 0 -0.309052
    outer loop
      vertex 30.7107 -54.2 1.42576
      vertex 30.5944 -22 1.06787
      vertex 30.7107 -22 1.42576
    endloop
  endfacet
  facet normal 0.951045 0 -0.309052
    outer loop
      vertex 30.5944 -22 1.06787
      vertex 30.7107 -54.2 1.42576
      vertex 30.5944 -54.2 1.06787
    endloop
  endfacet
  facet normal 0 0 -1
    outer loop
      vertex 29.1382 -54.2 0.00986099
      vertex 24.75 -37.1 0.00986099
      vertex 29.1382 -22 0.00986099
    endloop
  endfacet
  facet normal 0 0 -1
    outer loop
      vertex 29.1382 -54.2 0.00986099
      vertex 24.6521 -37.718 0.00986099
      vertex 24.75 -37.1 0.00986099
    endloop
  endfacet
  facet normal 0 0 -1
    outer loop
      vertex 29.1382 -54.2 0.00986099
      vertex 24.368 -38.2756 0.00986099
      vertex 24.6521 -37.718 0.00986099
    endloop
  endfacet
  facet normal 0 0 -1
    outer loop
      vertex 29.1382 -54.2 0.00986099
      vertex 23.9256 -38.718 0.00986099
      vertex 24.368 -38.2756 0.00986099
    endloop
  endfacet
  facet normal 0 0 -1
    outer loop
      vertex 29.1382 -54.2 0.00986099
      vertex 23.368 -39.0021 0.00986099
      vertex 23.9256 -38.718 0.00986099
    endloop
  endfacet
  facet normal 0 0 -1
    outer loop
      vertex 29.1382 -54.2 0.00986099
      vertex 22.75 -39.1 0.00986099
      vertex 23.368 -39.0021 0.00986099
    endloop
  endfacet
  facet normal 0 0 -1
    outer loop
      vertex 29.1382 -54.2 0.00986099
      vertex 22.132 -39.0021 0.00986099
      vertex 22.75 -39.1 0.00986099
    endloop
  endfacet
  facet normal 0 0 -1
    outer loop
      vertex 29.1382 -54.2 0.00986099
      vertex 21.5744 -38.718 0.00986099
      vertex 22.132 -39.0021 0.00986099
    endloop
  endfacet
  facet normal 0 0 -1
    outer loop
      vertex 29.1382 -54.2 0.00986099
      vertex 21.132 -38.2756 0.00986099
      vertex 21.5744 -38.718 0.00986099
    endloop
  endfacet
  facet normal 0 0 -1
    outer loop
      vertex -21.132 -38.2756 0.00986099
      vertex 21.132 -38.2756 0.00986099
      vertex 29.1382 -54.2 0.00986099
    endloop
  endfacet
  facet normal 0 0 -1
    outer loop
      vertex 20.8479 -37.718 0.00986099
      vertex -20.75 -37.1 0.00986099
      vertex 20.75 -37.1 0.00986099
    endloop
  endfacet
  facet normal 0 0 -1
    outer loop
      vertex 21.132 -38.2756 0.00986099
      vertex -21.132 -38.2756 0.00986099
      vertex 20.8479 -37.718 0.00986099
    endloop
  endfacet
  facet normal 0 0 -1
    outer loop
      vertex 20.8479 -37.718 0.00986099
      vertex -20.8479 -37.718 0.00986099
      vertex -20.75 -37.1 0.00986099
    endloop
  endfacet
  facet normal -0 0 -1
    outer loop
      vertex 20.8479 -37.718 0.00986099
      vertex -21.132 -38.2756 0.00986099
      vertex -20.8479 -37.718 0.00986099
    endloop
  endfacet
  facet normal 0 0 -1
    outer loop
      vertex -29.1382 -54.2 0.00986099
      vertex -21.132 -38.2756 0.00986099
      vertex 29.1382 -54.2 0.00986099
    endloop
  endfacet
  facet normal 0 0 -1
    outer loop
      vertex -21.132 -38.2756 0.00986099
      vertex -29.1382 -54.2 0.00986099
      vertex -21.5744 -38.718 0.00986099
    endloop
  endfacet
  facet normal 0 0 -1
    outer loop
      vertex -21.5744 -38.718 0.00986099
      vertex -29.1382 -54.2 0.00986099
      vertex -22.132 -39.0021 0.00986099
    endloop
  endfacet
  facet normal 0 0 -1
    outer loop
      vertex -22.132 -39.0021 0.00986099
      vertex -29.1382 -54.2 0.00986099
      vertex -22.75 -39.1 0.00986099
    endloop
  endfacet
  facet normal -0 0 -1
    outer loop
      vertex -24.6521 -37.718 0.00986099
      vertex -29.1382 -54.2 0.00986099
      vertex -24.75 -37.1 0.00986099
    endloop
  endfacet
  facet normal -0 0 -1
    outer loop
      vertex -24.368 -38.2756 0.00986099
      vertex -29.1382 -54.2 0.00986099
      vertex -24.6521 -37.718 0.00986099
    endloop
  endfacet
  facet normal -0 0 -1
    outer loop
      vertex -23.9256 -38.718 0.00986099
      vertex -29.1382 -54.2 0.00986099
      vertex -24.368 -38.2756 0.00986099
    endloop
  endfacet
  facet normal -0 0 -1
    outer loop
      vertex -23.368 -39.0021 0.00986099
      vertex -29.1382 -54.2 0.00986099
      vertex -23.9256 -38.718 0.00986099
    endloop
  endfacet
  facet normal -0 0 -1
    outer loop
      vertex -22.75 -39.1 0.00986099
      vertex -29.1382 -54.2 0.00986099
      vertex -23.368 -39.0021 0.00986099
    endloop
  endfacet
  facet normal 0 0 -1
    outer loop
      vertex 24.6521 -36.482 0.00986099
      vertex 29.1382 -22 0.00986099
      vertex 24.75 -37.1 0.00986099
    endloop
  endfacet
  facet normal 0 0 -1
    outer loop
      vertex 24.368 -35.9244 0.00986099
      vertex 29.1382 -22 0.00986099
      vertex 24.6521 -36.482 0.00986099
    endloop
  endfacet
  facet normal 0 0 -1
    outer loop
      vertex 23.9256 -35.482 0.00986099
      vertex 29.1382 -22 0.00986099
      vertex 24.368 -35.9244 0.00986099
    endloop
  endfacet
  facet normal 0 0 -1
    outer loop
      vertex 23.368 -35.1979 0.00986099
      vertex 29.1382 -22 0.00986099
      vertex 23.9256 -35.482 0.00986099
    endloop
  endfacet
  facet normal 0 0 -1
    outer loop
      vertex 22.75 -35.1 0.00986099
      vertex 29.1382 -22 0.00986099
      vertex 23.368 -35.1979 0.00986099
    endloop
  endfacet
  facet normal 0 0 -1
    outer loop
      vertex 22.132 -35.1979 0.00986099
      vertex 29.1382 -22 0.00986099
      vertex 22.75 -35.1 0.00986099
    endloop
  endfacet
  facet normal 0 0 -1
    outer loop
      vertex 21.5744 -35.482 0.00986099
      vertex 29.1382 -22 0.00986099
      vertex 22.132 -35.1979 0.00986099
    endloop
  endfacet
  facet normal 0 0 -1
    outer loop
      vertex 21.132 -35.9244 0.00986099
      vertex 29.1382 -22 0.00986099
      vertex 21.5744 -35.482 0.00986099
    endloop
  endfacet
  facet normal 0 0 -1
    outer loop
      vertex -20.75 -37.1 0.00986099
      vertex 20.8479 -36.482 0.00986099
      vertex 20.75 -37.1 0.00986099
    endloop
  endfacet
  facet normal 0 0 -1
    outer loop
      vertex -20.8479 -36.482 0.00986099
      vertex 20.8479 -36.482 0.00986099
      vertex -20.75 -37.1 0.00986099
    endloop
  endfacet
  facet normal 0 0 -1
    outer loop
      vertex 20.8479 -36.482 0.00986099
      vertex -20.8479 -36.482 0.00986099
      vertex 21.132 -35.9244 0.00986099
    endloop
  endfacet
  facet normal 0 0 -1
    outer loop
      vertex -21.132 -35.9244 0.00986099
      vertex 21.132 -35.9244 0.00986099
      vertex -20.8479 -36.482 0.00986099
    endloop
  endfacet
  facet normal 0 0 -1
    outer loop
      vertex 21.132 -35.9244 0.00986099
      vertex -21.132 -35.9244 0.00986099
      vertex 29.1382 -22 0.00986099
    endloop
  endfacet
  facet normal 0 0 -1
    outer loop
      vertex -21.5744 -35.482 0.00986099
      vertex 29.1382 -22 0.00986099
      vertex -21.132 -35.9244 0.00986099
    endloop
  endfacet
  facet normal 0 0 -1
    outer loop
      vertex -29.1382 -22 0.00986099
      vertex -21.5744 -35.482 0.00986099
      vertex -22.132 -35.1979 0.00986099
    endloop
  endfacet
  facet normal 0 0 -1
    outer loop
      vertex -29.1382 -22 0.00986099
      vertex -22.132 -35.1979 0.00986099
      vertex -22.75 -35.1 0.00986099
    endloop
  endfacet
  facet normal 0 0 -1
    outer loop
      vertex -29.1382 -22 0.00986099
      vertex -22.75 -35.1 0.00986099
      vertex -23.368 -35.1979 0.00986099
    endloop
  endfacet
  facet normal 0 0 -1
    outer loop
      vertex -29.1382 -22 0.00986099
      vertex -24.75 -37.1 0.00986099
      vertex -29.1382 -54.2 0.00986099
    endloop
  endfacet
  facet normal 0 0 -1
    outer loop
      vertex -21.5744 -35.482 0.00986099
      vertex -29.1382 -22 0.00986099
      vertex 29.1382 -22 0.00986099
    endloop
  endfacet
  facet normal 0 0 -1
    outer loop
      vertex -23.9256 -35.482 0.00986099
      vertex -29.1382 -22 0.00986099
      vertex -23.368 -35.1979 0.00986099
    endloop
  endfacet
  facet normal 0 0 -1
    outer loop
      vertex -24.368 -35.9244 0.00986099
      vertex -29.1382 -22 0.00986099
      vertex -23.9256 -35.482 0.00986099
    endloop
  endfacet
  facet normal 0 0 -1
    outer loop
      vertex -24.6521 -36.482 0.00986099
      vertex -29.1382 -22 0.00986099
      vertex -24.368 -35.9244 0.00986099
    endloop
  endfacet
  facet normal 0 0 -1
    outer loop
      vertex -24.75 -37.1 0.00986099
      vertex -29.1382 -22 0.00986099
      vertex -24.6521 -36.482 0.00986099
    endloop
  endfacet
  facet normal -0.743142 0 0.669134
    outer loop
      vertex -30.4062 -54.2 4.25801
      vertex -30.1544 -22 4.53766
      vertex -30.4062 -22 4.25801
    endloop
  endfacet
  facet normal -0.743142 0 0.669134
    outer loop
      vertex -30.1544 -22 4.53766
      vertex -30.4062 -54.2 4.25801
      vertex -30.1544 -54.2 4.53766
    endloop
  endfacet
  facet normal 0.406708 0 -0.913558
    outer loop
      vertex 29.5062 -54.2 0.0880985
      vertex 29.85 -22 0.241155
      vertex 29.85 -54.2 0.241155
    endloop
  endfacet
  facet normal 0.406708 0 -0.913558
    outer loop
      vertex 29.85 -22 0.241155
      vertex 29.5062 -54.2 0.0880985
      vertex 29.5062 -22 0.0880985
    endloop
  endfacet
  facet normal -0.994531 0 0.104439
    outer loop
      vertex -30.75 -54.2 3.2
      vertex -30.7107 -22 3.57424
      vertex -30.75 -22 3.2
    endloop
  endfacet
  facet normal -0.994531 0 0.104439
    outer loop
      vertex -30.7107 -22 3.57424
      vertex -30.75 -54.2 3.2
      vertex -30.7107 -54.2 3.57424
    endloop
  endfacet
  facet normal 0 0 1
    outer loop
      vertex -3.77164 -22 4.99014
      vertex -18.75 -37.1 4.99014
      vertex -3.77164 -51.7 4.99014
    endloop
  endfacet
  facet normal 0 0 1
    outer loop
      vertex -3.77164 -22 4.99014
      vertex -18.9458 -35.8639 4.99014
      vertex -18.75 -37.1 4.99014
    endloop
  endfacet
  facet normal 0 0 1
    outer loop
      vertex -3.77164 -22 4.99014
      vertex -19.5139 -34.7489 4.99014
      vertex -18.9458 -35.8639 4.99014
    endloop
  endfacet
  facet normal 0 0 1
    outer loop
      vertex -3.77164 -22 4.99014
      vertex -20.3989 -33.8639 4.99014
      vertex -19.5139 -34.7489 4.99014
    endloop
  endfacet
  facet normal 0 0 1
    outer loop
      vertex -3.77164 -22 4.99014
      vertex -21.5139 -33.2958 4.99014
      vertex -20.3989 -33.8639 4.99014
    endloop
  endfacet
  facet normal -0 0 1
    outer loop
      vertex -29.1382 -22 4.99014
      vertex -21.5139 -33.2958 4.99014
      vertex -3.77164 -22 4.99014
    endloop
  endfacet
  facet normal 0 0 1
    outer loop
      vertex -21.5139 -33.2958 4.99014
      vertex -29.1382 -22 4.99014
      vertex -22.75 -33.1 4.99014
    endloop
  endfacet
  facet normal 0 0 1
    outer loop
      vertex -22.75 -33.1 4.99014
      vertex -29.1382 -22 4.99014
      vertex -23.9861 -33.2958 4.99014
    endloop
  endfacet
  facet normal 0 0 1
    outer loop
      vertex -26.5542 -35.8639 4.99014
      vertex -29.1382 -22 4.99014
      vertex -26.75 -37.1 4.99014
    endloop
  endfacet
  facet normal 0 0 1
    outer loop
      vertex -25.9861 -34.7489 4.99014
      vertex -29.1382 -22 4.99014
      vertex -26.5542 -35.8639 4.99014
    endloop
  endfacet
  facet normal 0 0 1
    outer loop
      vertex -25.1011 -33.8639 4.99014
      vertex -29.1382 -22 4.99014
      vertex -25.9861 -34.7489 4.99014
    endloop
  endfacet
  facet normal 0 0 1
    outer loop
      vertex -23.9861 -33.2958 4.99014
      vertex -29.1382 -22 4.99014
      vertex -25.1011 -33.8639 4.99014
    endloop
  endfacet
  facet normal 0 0 1
    outer loop
      vertex 29.1382 -22 4.99014
      vertex 26.75 -37.1 4.99014
      vertex 29.1382 -54.2 4.99014
    endloop
  endfacet
  facet normal 0 0 1
    outer loop
      vertex 29.1382 -22 4.99014
      vertex 26.5542 -35.8639 4.99014
      vertex 26.75 -37.1 4.99014
    endloop
  endfacet
  facet normal 0 0 1
    outer loop
      vertex 29.1382 -22 4.99014
      vertex 25.9861 -34.7489 4.99014
      vertex 26.5542 -35.8639 4.99014
    endloop
  endfacet
  facet normal 0 0 1
    outer loop
      vertex 29.1382 -22 4.99014
      vertex 25.1011 -33.8639 4.99014
      vertex 25.9861 -34.7489 4.99014
    endloop
  endfacet
  facet normal 0 0 1
    outer loop
      vertex 29.1382 -22 4.99014
      vertex 23.9861 -33.2958 4.99014
      vertex 25.1011 -33.8639 4.99014
    endloop
  endfacet
  facet normal 0 0 1
    outer loop
      vertex 29.1382 -22 4.99014
      vertex 22.75 -33.1 4.99014
      vertex 23.9861 -33.2958 4.99014
    endloop
  endfacet
  facet normal 0 0 1
    outer loop
      vertex 29.1382 -22 4.99014
      vertex 21.5139 -33.2958 4.99014
      vertex 22.75 -33.1 4.99014
    endloop
  endfacet
  facet normal -0 0 1
    outer loop
      vertex 3.77164 -22 4.99014
      vertex 21.5139 -33.2958 4.99014
      vertex 29.1382 -22 4.99014
    endloop
  endfacet
  facet normal 0 0 1
    outer loop
      vertex 21.5139 -33.2958 4.99014
      vertex 3.77164 -22 4.99014
      vertex 20.3989 -33.8639 4.99014
    endloop
  endfacet
  facet normal 0 0 1
    outer loop
      vertex 18.9458 -35.8639 4.99014
      vertex 3.77164 -22 4.99014
      vertex 18.75 -37.1 4.99014
    endloop
  endfacet
  facet normal 0 0 1
    outer loop
      vertex 19.5139 -34.7489 4.99014
      vertex 3.77164 -22 4.99014
      vertex 18.9458 -35.8639 4.99014
    endloop
  endfacet
  facet normal 0 0 1
    outer loop
      vertex 20.3989 -33.8639 4.99014
      vertex 3.77164 -22 4.99014
      vertex 19.5139 -34.7489 4.99014
    endloop
  endfacet
  facet normal -0 0 1
    outer loop
      vertex 26.5542 -38.3361 4.99014
      vertex 29.1382 -54.2 4.99014
      vertex 26.75 -37.1 4.99014
    endloop
  endfacet
  facet normal -0 0 1
    outer loop
      vertex 25.9861 -39.4511 4.99014
      vertex 29.1382 -54.2 4.99014
      vertex 26.5542 -38.3361 4.99014
    endloop
  endfacet
  facet normal -0 0 1
    outer loop
      vertex 25.1011 -40.3361 4.99014
      vertex 29.1382 -54.2 4.99014
      vertex 25.9861 -39.4511 4.99014
    endloop
  endfacet
  facet normal -0 0 1
    outer loop
      vertex 23.9861 -40.9042 4.99014
      vertex 29.1382 -54.2 4.99014
      vertex 25.1011 -40.3361 4.99014
    endloop
  endfacet
  facet normal -0 0 1
    outer loop
      vertex 22.75 -41.1 4.99014
      vertex 29.1382 -54.2 4.99014
      vertex 23.9861 -40.9042 4.99014
    endloop
  endfacet
  facet normal 0 0 1
    outer loop
      vertex 21.5139 -40.9042 4.99014
      vertex 29.1382 -54.2 4.99014
      vertex 22.75 -41.1 4.99014
    endloop
  endfacet
  facet normal 0 0 1
    outer loop
      vertex 3.77164 -51.7 4.99014
      vertex 21.5139 -40.9042 4.99014
      vertex 20.3989 -40.3361 4.99014
    endloop
  endfacet
  facet normal 0 0 1
    outer loop
      vertex 3.77164 -51.7 4.99014
      vertex 20.3989 -40.3361 4.99014
      vertex 19.5139 -39.4511 4.99014
    endloop
  endfacet
  facet normal 0 0 1
    outer loop
      vertex 3.77164 -51.7 4.99014
      vertex 18.75 -37.1 4.99014
      vertex 3.77164 -22 4.99014
    endloop
  endfacet
  facet normal 0 0 1
    outer loop
      vertex 18.75 -37.1 4.99014
      vertex 3.77164 -51.7 4.99014
      vertex 18.9458 -38.3361 4.99014
    endloop
  endfacet
  facet normal 0 0 1
    outer loop
      vertex 18.9458 -38.3361 4.99014
      vertex 3.77164 -51.7 4.99014
      vertex 19.5139 -39.4511 4.99014
    endloop
  endfacet
  facet normal 0 0 1
    outer loop
      vertex 21.5139 -40.9042 4.99014
      vertex 3.77164 -51.7 4.99014
      vertex 29.1382 -54.2 4.99014
    endloop
  endfacet
  facet normal -0 0 1
    outer loop
      vertex -3.77164 -51.7 4.99014
      vertex 29.1382 -54.2 4.99014
      vertex 3.77164 -51.7 4.99014
    endloop
  endfacet
  facet normal -0 0 1
    outer loop
      vertex -18.9458 -38.3361 4.99014
      vertex -3.77164 -51.7 4.99014
      vertex -18.75 -37.1 4.99014
    endloop
  endfacet
  facet normal -0 0 1
    outer loop
      vertex -19.5139 -39.4511 4.99014
      vertex -3.77164 -51.7 4.99014
      vertex -18.9458 -38.3361 4.99014
    endloop
  endfacet
  facet normal -0 0 1
    outer loop
      vertex -20.3989 -40.3361 4.99014
      vertex -3.77164 -51.7 4.99014
      vertex -19.5139 -39.4511 4.99014
    endloop
  endfacet
  facet normal -0 0 1
    outer loop
      vertex -21.5139 -40.9042 4.99014
      vertex -3.77164 -51.7 4.99014
      vertex -20.3989 -40.3361 4.99014
    endloop
  endfacet
  facet normal 0 0 1
    outer loop
      vertex -29.1382 -54.2 4.99014
      vertex -21.5139 -40.9042 4.99014
      vertex -22.75 -41.1 4.99014
    endloop
  endfacet
  facet normal 0 0 1
    outer loop
      vertex -29.1382 -54.2 4.99014
      vertex -22.75 -41.1 4.99014
      vertex -23.9861 -40.9042 4.99014
    endloop
  endfacet
  facet normal 0 0 1
    outer loop
      vertex -29.1382 -54.2 4.99014
      vertex -23.9861 -40.9042 4.99014
      vertex -25.1011 -40.3361 4.99014
    endloop
  endfacet
  facet normal 0 0 1
    outer loop
      vertex -3.77164 -51.7 4.99014
      vertex -29.1382 -54.2 4.99014
      vertex 29.1382 -54.2 4.99014
    endloop
  endfacet
  facet normal 0 0 1
    outer loop
      vertex -21.5139 -40.9042 4.99014
      vertex -29.1382 -54.2 4.99014
      vertex -3.77164 -51.7 4.99014
    endloop
  endfacet
  facet normal 0 0 1
    outer loop
      vertex -25.9861 -39.4511 4.99014
      vertex -29.1382 -54.2 4.99014
      vertex -25.1011 -40.3361 4.99014
    endloop
  endfacet
  facet normal 0 0 1
    outer loop
      vertex -26.5542 -38.3361 4.99014
      vertex -29.1382 -54.2 4.99014
      vertex -25.9861 -39.4511 4.99014
    endloop
  endfacet
  facet normal 0 0 1
    outer loop
      vertex -26.75 -37.1 4.99014
      vertex -29.1382 -54.2 4.99014
      vertex -26.5542 -38.3361 4.99014
    endloop
  endfacet
  facet normal 0 0 1
    outer loop
      vertex -29.1382 -54.2 4.99014
      vertex -26.75 -37.1 4.99014
      vertex -29.1382 -22 4.99014
    endloop
  endfacet
  facet normal -0.994531 0 -0.104439
    outer loop
      vertex -30.7107 -54.2 1.42576
      vertex -30.75 -22 1.8
      vertex -30.7107 -22 1.42576
    endloop
  endfacet
  facet normal -0.994531 -0 -0.104439
    outer loop
      vertex -30.75 -22 1.8
      vertex -30.7107 -54.2 1.42576
      vertex -30.75 -54.2 1.8
    endloop
  endfacet
  facet normal -0.406693 0 0.913565
    outer loop
      vertex -29.85 -22 4.75885
      vertex -29.5062 -54.2 4.9119
      vertex -29.5062 -22 4.9119
    endloop
  endfacet
  facet normal -0.406693 0 0.913565
    outer loop
      vertex -29.5062 -54.2 4.9119
      vertex -29.85 -22 4.75885
      vertex -29.85 -54.2 4.75885
    endloop
  endfacet
  facet normal 1 -0 0
    outer loop
      vertex 30.75 -54.2 3.2
      vertex 30.75 -22 1.8
      vertex 30.75 -22 3.2
    endloop
  endfacet
  facet normal 1 0 0
    outer loop
      vertex 30.75 -22 1.8
      vertex 30.75 -54.2 3.2
      vertex 30.75 -54.2 1.8
    endloop
  endfacet
  facet normal -0.951045 0 -0.309052
    outer loop
      vertex -30.5944 -54.2 1.06787
      vertex -30.7107 -22 1.42576
      vertex -30.5944 -22 1.06787
    endloop
  endfacet
  facet normal -0.951045 -0 -0.309052
    outer loop
      vertex -30.7107 -22 1.42576
      vertex -30.5944 -54.2 1.06787
      vertex -30.7107 -54.2 1.42576
    endloop
  endfacet
  facet normal -0.406708 0 -0.913558
    outer loop
      vertex -29.85 -54.2 0.241155
      vertex -29.5062 -22 0.0880985
      vertex -29.5062 -54.2 0.0880985
    endloop
  endfacet
  facet normal -0.406708 0 -0.913558
    outer loop
      vertex -29.5062 -22 0.0880985
      vertex -29.85 -54.2 0.241155
      vertex -29.85 -22 0.241155
    endloop
  endfacet
  facet normal -0.865964 0 0.500106
    outer loop
      vertex -30.5944 -54.2 3.93213
      vertex -30.4062 -22 4.25801
      vertex -30.5944 -22 3.93213
    endloop
  endfacet
  facet normal -0.865964 0 0.500106
    outer loop
      vertex -30.4062 -22 4.25801
      vertex -30.5944 -54.2 3.93213
      vertex -30.4062 -54.2 4.25801
    endloop
  endfacet
  facet normal 0.74314 0 -0.669136
    outer loop
      vertex 30.4062 -54.2 0.741987
      vertex 30.1544 -22 0.462339
      vertex 30.4062 -22 0.741987
    endloop
  endfacet
  facet normal 0.74314 0 -0.669136
    outer loop
      vertex 30.1544 -22 0.462339
      vertex 30.4062 -54.2 0.741987
      vertex 30.1544 -54.2 0.462339
    endloop
  endfacet
  facet normal -0.587828 0 -0.808986
    outer loop
      vertex -30.1544 -54.2 0.462339
      vertex -29.85 -22 0.241155
      vertex -29.85 -54.2 0.241155
    endloop
  endfacet
  facet normal -0.587828 0 -0.808986
    outer loop
      vertex -29.85 -22 0.241155
      vertex -30.1544 -54.2 0.462339
      vertex -30.1544 -22 0.462339
    endloop
  endfacet
  facet normal 0.743142 -0 0.669134
    outer loop
      vertex 30.1544 -54.2 4.53766
      vertex 30.4062 -22 4.25801
      vertex 30.1544 -22 4.53766
    endloop
  endfacet
  facet normal 0.743142 0 0.669134
    outer loop
      vertex 30.4062 -22 4.25801
      vertex 30.1544 -54.2 4.53766
      vertex 30.4062 -54.2 4.25801
    endloop
  endfacet
  facet normal -0.587838 0 0.808979
    outer loop
      vertex -30.1544 -22 4.53766
      vertex -29.85 -54.2 4.75885
      vertex -29.85 -22 4.75885
    endloop
  endfacet
  facet normal -0.587838 0 0.808979
    outer loop
      vertex -29.85 -54.2 4.75885
      vertex -30.1544 -22 4.53766
      vertex -30.1544 -54.2 4.53766
    endloop
  endfacet
  facet normal 0.207954 0 -0.978139
    outer loop
      vertex 29.1382 -54.2 0.00986099
      vertex 29.5062 -22 0.0880985
      vertex 29.5062 -54.2 0.0880985
    endloop
  endfacet
  facet normal 0.207954 0 -0.978139
    outer loop
      vertex 29.5062 -22 0.0880985
      vertex 29.1382 -54.2 0.00986099
      vertex 29.1382 -22 0.00986099
    endloop
  endfacet
  facet normal -0.20796 0 0.978137
    outer loop
      vertex -29.5062 -22 4.9119
      vertex -29.1382 -54.2 4.99014
      vertex -29.1382 -22 4.99014
    endloop
  endfacet
  facet normal -0.20796 0 0.978137
    outer loop
      vertex -29.1382 -54.2 4.99014
      vertex -29.5062 -22 4.9119
      vertex -29.5062 -54.2 4.9119
    endloop
  endfacet
  facet normal -0.951045 0 0.309052
    outer loop
      vertex -30.7107 -54.2 3.57424
      vertex -30.5944 -22 3.93213
      vertex -30.7107 -22 3.57424
    endloop
  endfacet
  facet normal -0.951045 0 0.309052
    outer loop
      vertex -30.5944 -22 3.93213
      vertex -30.7107 -54.2 3.57424
      vertex -30.5944 -54.2 3.93213
    endloop
  endfacet
  facet normal 0.994531 0 -0.104439
    outer loop
      vertex 30.75 -54.2 1.8
      vertex 30.7107 -22 1.42576
      vertex 30.75 -22 1.8
    endloop
  endfacet
  facet normal 0.994531 0 -0.104439
    outer loop
      vertex 30.7107 -22 1.42576
      vertex 30.75 -54.2 1.8
      vertex 30.7107 -54.2 1.42576
    endloop
  endfacet
  facet normal 0.994531 -0 0.104439
    outer loop
      vertex 30.7107 -54.2 3.57424
      vertex 30.75 -22 3.2
      vertex 30.7107 -22 3.57424
    endloop
  endfacet
  facet normal 0.994531 0 0.104439
    outer loop
      vertex 30.75 -22 3.2
      vertex 30.7107 -54.2 3.57424
      vertex 30.75 -54.2 3.2
    endloop
  endfacet
  facet normal 0.587828 0 -0.808986
    outer loop
      vertex 29.85 -54.2 0.241155
      vertex 30.1544 -22 0.462339
      vertex 30.1544 -54.2 0.462339
    endloop
  endfacet
  facet normal 0.587828 0 -0.808986
    outer loop
      vertex 30.1544 -22 0.462339
      vertex 29.85 -54.2 0.241155
      vertex 29.85 -22 0.241155
    endloop
  endfacet
  facet normal 0.20796 0 0.978137
    outer loop
      vertex 29.1382 -22 4.99014
      vertex 29.5062 -54.2 4.9119
      vertex 29.5062 -22 4.9119
    endloop
  endfacet
  facet normal 0.20796 0 0.978137
    outer loop
      vertex 29.5062 -54.2 4.9119
      vertex 29.1382 -22 4.99014
      vertex 29.1382 -54.2 4.99014
    endloop
  endfacet
  facet normal 0.951045 -0 0.309052
    outer loop
      vertex 30.5944 -54.2 3.93213
      vertex 30.7107 -22 3.57424
      vertex 30.5944 -22 3.93213
    endloop
  endfacet
  facet normal 0.951045 0 0.309052
    outer loop
      vertex 30.7107 -22 3.57424
      vertex 30.5944 -54.2 3.93213
      vertex 30.7107 -54.2 3.57424
    endloop
  endfacet
  facet normal 0.406693 0 0.913565
    outer loop
      vertex 29.5062 -22 4.9119
      vertex 29.85 -54.2 4.75885
      vertex 29.85 -22 4.75885
    endloop
  endfacet
  facet normal 0.406693 0 0.913565
    outer loop
      vertex 29.85 -54.2 4.75885
      vertex 29.5062 -22 4.9119
      vertex 29.5062 -54.2 4.9119
    endloop
  endfacet
  facet normal -1 0 0
    outer loop
      vertex -30.75 -54.2 1.8
      vertex -30.75 -22 3.2
      vertex -30.75 -22 1.8
    endloop
  endfacet
  facet normal -1 -0 0
    outer loop
      vertex -30.75 -22 3.2
      vertex -30.75 -54.2 1.8
      vertex -30.75 -54.2 3.2
    endloop
  endfacet
  facet normal -0.74314 0 -0.669136
    outer loop
      vertex -30.1544 -54.2 0.462339
      vertex -30.4062 -22 0.741987
      vertex -30.1544 -22 0.462339
    endloop
  endfacet
  facet normal -0.74314 -0 -0.669136
    outer loop
      vertex -30.4062 -22 0.741987
      vertex -30.1544 -54.2 0.462339
      vertex -30.4062 -54.2 0.741987
    endloop
  endfacet
  facet normal 0.865964 -0 0.500106
    outer loop
      vertex 30.4062 -54.2 4.25801
      vertex 30.5944 -22 3.93213
      vertex 30.4062 -22 4.25801
    endloop
  endfacet
  facet normal 0.865964 0 0.500106
    outer loop
      vertex 30.5944 -22 3.93213
      vertex 30.4062 -54.2 4.25801
      vertex 30.5944 -54.2 3.93213
    endloop
  endfacet
  facet normal -0.865966 0 -0.500102
    outer loop
      vertex -30.4062 -54.2 0.741987
      vertex -30.5944 -22 1.06787
      vertex -30.4062 -22 0.741987
    endloop
  endfacet
  facet normal -0.865966 -0 -0.500102
    outer loop
      vertex -30.5944 -22 1.06787
      vertex -30.4062 -54.2 0.741987
      vertex -30.5944 -54.2 1.06787
    endloop
  endfacet
  facet normal 0.865966 0 -0.500102
    outer loop
      vertex 30.5944 -54.2 1.06787
      vertex 30.4062 -22 0.741987
      vertex 30.5944 -22 1.06787
    endloop
  endfacet
  facet normal 0.865966 0 -0.500102
    outer loop
      vertex 30.4062 -22 0.741987
      vertex 30.5944 -54.2 1.06787
      vertex 30.4062 -54.2 0.741987
    endloop
  endfacet
  facet normal 0.587838 0 0.808979
    outer loop
      vertex 29.85 -22 4.75885
      vertex 30.1544 -54.2 4.53766
      vertex 30.1544 -22 4.53766
    endloop
  endfacet
  facet normal 0.587838 0 0.808979
    outer loop
      vertex 30.1544 -54.2 4.53766
      vertex 29.85 -22 4.75885
      vertex 29.85 -54.2 4.75885
    endloop
  endfacet
  facet normal 0 1 0
    outer loop
      vertex 30.75 -22 3.2
      vertex 29.1382 -22 4.99014
      vertex 29.5062 -22 4.9119
    endloop
  endfacet
  facet normal 0 1 0
    outer loop
      vertex 30.75 -22 3.2
      vertex 29.5062 -22 4.9119
      vertex 29.85 -22 4.75885
    endloop
  endfacet
  facet normal 0 1 0
    outer loop
      vertex 30.75 -22 3.2
      vertex 29.85 -22 4.75885
      vertex 30.1544 -22 4.53766
    endloop
  endfacet
  facet normal 0 1 0
    outer loop
      vertex 30.75 -22 3.2
      vertex 30.1544 -22 4.53766
      vertex 30.4062 -22 4.25801
    endloop
  endfacet
  facet normal 0 1 0
    outer loop
      vertex 30.75 -22 3.2
      vertex 30.4062 -22 4.25801
      vertex 30.5944 -22 3.93213
    endloop
  endfacet
  facet normal 0 1 0
    outer loop
      vertex 30.75 -22 3.2
      vertex 30.5944 -22 3.93213
      vertex 30.7107 -22 3.57424
    endloop
  endfacet
  facet normal 0 1 0
    outer loop
      vertex 29.1382 -22 4.99014
      vertex 30.75 -22 3.2
      vertex 29.1382 -22 0.00986099
    endloop
  endfacet
  facet normal 0 1 0
    outer loop
      vertex 29.1382 -22 4.99014
      vertex 5.2 -22 2.8
      vertex 3.77164 -22 4.99014
    endloop
  endfacet
  facet normal 0 1 0
    outer loop
      vertex 29.1382 -22 4.99014
      vertex 29.1382 -22 0.00986099
      vertex 5.2 -22 2.8
    endloop
  endfacet
  facet normal 0 1 0
    outer loop
      vertex 29.1382 -22 0.00986099
      vertex 30.75 -22 3.2
      vertex 30.75 -22 1.8
    endloop
  endfacet
  facet normal 0 1 -0
    outer loop
      vertex -5.2 -22 2.8
      vertex -29.1382 -22 4.99014
      vertex -3.77164 -22 4.99014
    endloop
  endfacet
  facet normal 0 1 0
    outer loop
      vertex -29.1382 -22 0.00986099
      vertex -29.1382 -22 4.99014
      vertex -5.2 -22 2.8
    endloop
  endfacet
  facet normal -0 1 0
    outer loop
      vertex -30.75 -22 3.2
      vertex -29.1382 -22 4.99014
      vertex -29.1382 -22 0.00986099
    endloop
  endfacet
  facet normal 0 1 0
    outer loop
      vertex -29.1382 -22 4.99014
      vertex -30.75 -22 3.2
      vertex -29.5062 -22 4.9119
    endloop
  endfacet
  facet normal 0 1 0
    outer loop
      vertex -29.5062 -22 4.9119
      vertex -30.75 -22 3.2
      vertex -29.85 -22 4.75885
    endloop
  endfacet
  facet normal 0 1 0
    outer loop
      vertex -29.85 -22 4.75885
      vertex -30.75 -22 3.2
      vertex -30.1544 -22 4.53766
    endloop
  endfacet
  facet normal 0 1 0
    outer loop
      vertex -30.1544 -22 4.53766
      vertex -30.75 -22 3.2
      vertex -30.4062 -22 4.25801
    endloop
  endfacet
  facet normal 0 1 0
    outer loop
      vertex -30.4062 -22 4.25801
      vertex -30.75 -22 3.2
      vertex -30.5944 -22 3.93213
    endloop
  endfacet
  facet normal 0 1 0
    outer loop
      vertex 5.2 -22 2.8
      vertex 29.1382 -22 0.00986099
      vertex -5.2 -22 2.8
    endloop
  endfacet
  facet normal 0 1 0
    outer loop
      vertex -29.1382 -22 0.00986099
      vertex -5.2 -22 2.8
      vertex 29.1382 -22 0.00986099
    endloop
  endfacet
  facet normal 0 1 0
    outer loop
      vertex 29.1382 -22 0.00986099
      vertex 30.75 -22 1.8
      vertex 30.7107 -22 1.42576
    endloop
  endfacet
  facet normal 0 1 0
    outer loop
      vertex -30.5944 -22 3.93213
      vertex -30.75 -22 3.2
      vertex -30.7107 -22 3.57424
    endloop
  endfacet
  facet normal 0 1 0
    outer loop
      vertex 29.1382 -22 0.00986099
      vertex 30.7107 -22 1.42576
      vertex 30.5944 -22 1.06787
    endloop
  endfacet
  facet normal 0 1 0
    outer loop
      vertex -30.75 -22 3.2
      vertex -29.1382 -22 0.00986099
      vertex -30.75 -22 1.8
    endloop
  endfacet
  facet normal 0 1 0
    outer loop
      vertex 29.1382 -22 0.00986099
      vertex 30.5944 -22 1.06787
      vertex 30.4062 -22 0.741987
    endloop
  endfacet
  facet normal 0 1 0
    outer loop
      vertex -30.75 -22 1.8
      vertex -29.1382 -22 0.00986099
      vertex -30.7107 -22 1.42576
    endloop
  endfacet
  facet normal 0 1 0
    outer loop
      vertex 29.1382 -22 0.00986099
      vertex 30.4062 -22 0.741987
      vertex 30.1544 -22 0.462339
    endloop
  endfacet
  facet normal 0 1 0
    outer loop
      vertex -30.7107 -22 1.42576
      vertex -29.1382 -22 0.00986099
      vertex -30.5944 -22 1.06787
    endloop
  endfacet
  facet normal 0 1 0
    outer loop
      vertex 29.1382 -22 0.00986099
      vertex 30.1544 -22 0.462339
      vertex 29.85 -22 0.241155
    endloop
  endfacet
  facet normal 0 1 0
    outer loop
      vertex -30.5944 -22 1.06787
      vertex -29.1382 -22 0.00986099
      vertex -30.4062 -22 0.741987
    endloop
  endfacet
  facet normal 0 1 0
    outer loop
      vertex 29.1382 -22 0.00986099
      vertex 29.85 -22 0.241155
      vertex 29.5062 -22 0.0880985
    endloop
  endfacet
  facet normal 0 1 0
    outer loop
      vertex -30.4062 -22 0.741987
      vertex -29.1382 -22 0.00986099
      vertex -30.1544 -22 0.462339
    endloop
  endfacet
  facet normal 0 1 0
    outer loop
      vertex -30.1544 -22 0.462339
      vertex -29.1382 -22 0.00986099
      vertex -29.85 -22 0.241155
    endloop
  endfacet
  facet normal 0 1 0
    outer loop
      vertex -29.85 -22 0.241155
      vertex -29.1382 -22 0.00986099
      vertex -29.5062 -22 0.0880985
    endloop
  endfacet
  facet normal -0.837609 0 -0.54627
    outer loop
      vertex 5.2 -51.7 2.8
      vertex 3.77164 -22 4.99014
      vertex 5.2 -22 2.8
    endloop
  endfacet
  facet normal -0.837609 -0 -0.54627
    outer loop
      vertex 3.77164 -22 4.99014
      vertex 5.2 -51.7 2.8
      vertex 3.77164 -51.7 4.99014
    endloop
  endfacet
  facet normal 0 1 0
    outer loop
      vertex 5.2 -51.7 2.8
      vertex -3.77164 -51.7 4.99014
      vertex 3.77164 -51.7 4.99014
    endloop
  endfacet
  facet normal 0 1 0
    outer loop
      vertex -3.77164 -51.7 4.99014
      vertex 5.2 -51.7 2.8
      vertex -5.2 -51.7 2.8
    endloop
  endfacet
  facet normal 0.837609 0 -0.54627
    outer loop
      vertex -3.77164 -51.7 4.99014
      vertex -5.2 -22 2.8
      vertex -3.77164 -22 4.99014
    endloop
  endfacet
  facet normal 0.837609 0 -0.54627
    outer loop
      vertex -5.2 -22 2.8
      vertex -3.77164 -51.7 4.99014
      vertex -5.2 -51.7 2.8
    endloop
  endfacet
  facet normal -0 0 1
    outer loop
      vertex -5.2 -22 2.8
      vertex 5.2 -51.7 2.8
      vertex 5.2 -22 2.8
    endloop
  endfacet
  facet normal 0 0 1
    outer loop
      vertex 5.2 -51.7 2.8
      vertex -5.2 -22 2.8
      vertex -5.2 -51.7 2.8
    endloop
  endfacet
  facet normal -0.891014 -0.453976 0
    outer loop
      vertex -20.8479 -36.482 0.00986099
      vertex -21.132 -35.9244 1.95
      vertex -21.132 -35.9244 0.00986099
    endloop
  endfacet
  facet normal -0.891014 -0.453976 0
    outer loop
      vertex -21.132 -35.9244 1.95
      vertex -20.8479 -36.482 0.00986099
      vertex -20.8479 -36.482 1.95
    endloop
  endfacet
  facet normal -0.987684 -0.156463 0
    outer loop
      vertex -20.75 -37.1 0.00986099
      vertex -20.8479 -36.482 1.95
      vertex -20.8479 -36.482 0.00986099
    endloop
  endfacet
  facet normal -0.987684 -0.156463 0
    outer loop
      vertex -20.8479 -36.482 1.95
      vertex -20.75 -37.1 0.00986099
      vertex -20.75 -37.1 1.95
    endloop
  endfacet
  facet normal 0.707107 0.707107 0
    outer loop
      vertex -23.9256 -38.718 1.95
      vertex -24.368 -38.2756 0.00986099
      vertex -24.368 -38.2756 1.95
    endloop
  endfacet
  facet normal 0.707107 0.707107 0
    outer loop
      vertex -24.368 -38.2756 0.00986099
      vertex -23.9256 -38.718 1.95
      vertex -23.9256 -38.718 0.00986099
    endloop
  endfacet
  facet normal 0.453976 -0.891014 0
    outer loop
      vertex -23.9256 -35.482 0.00986099
      vertex -23.368 -35.1979 1.95
      vertex -23.9256 -35.482 1.95
    endloop
  endfacet
  facet normal 0.453976 -0.891014 0
    outer loop
      vertex -23.368 -35.1979 1.95
      vertex -23.9256 -35.482 0.00986099
      vertex -23.368 -35.1979 0.00986099
    endloop
  endfacet
  facet normal -0.453976 0.891014 0
    outer loop
      vertex -21.5744 -38.718 0.00986099
      vertex -22.132 -39.0021 1.95
      vertex -21.5744 -38.718 1.95
    endloop
  endfacet
  facet normal -0.453976 0.891014 0
    outer loop
      vertex -22.132 -39.0021 1.95
      vertex -21.5744 -38.718 0.00986099
      vertex -22.132 -39.0021 0.00986099
    endloop
  endfacet
  facet normal -0.156463 0.987684 0
    outer loop
      vertex -22.132 -39.0021 0.00986099
      vertex -22.75 -39.1 1.95
      vertex -22.132 -39.0021 1.95
    endloop
  endfacet
  facet normal -0.156463 0.987684 0
    outer loop
      vertex -22.75 -39.1 1.95
      vertex -22.132 -39.0021 0.00986099
      vertex -22.75 -39.1 0.00986099
    endloop
  endfacet
  facet normal -0.707107 -0.707107 0
    outer loop
      vertex -21.132 -35.9244 0.00986099
      vertex -21.5744 -35.482 1.95
      vertex -21.5744 -35.482 0.00986099
    endloop
  endfacet
  facet normal -0.707107 -0.707107 0
    outer loop
      vertex -21.5744 -35.482 1.95
      vertex -21.132 -35.9244 0.00986099
      vertex -21.132 -35.9244 1.95
    endloop
  endfacet
  facet normal -0.156463 -0.987684 0
    outer loop
      vertex -22.75 -35.1 0.00986099
      vertex -22.132 -35.1979 1.95
      vertex -22.75 -35.1 1.95
    endloop
  endfacet
  facet normal -0.156463 -0.987684 -0
    outer loop
      vertex -22.132 -35.1979 1.95
      vertex -22.75 -35.1 0.00986099
      vertex -22.132 -35.1979 0.00986099
    endloop
  endfacet
  facet normal 0.156463 0.987684 -0
    outer loop
      vertex -22.75 -39.1 0.00986099
      vertex -23.368 -39.0021 1.95
      vertex -22.75 -39.1 1.95
    endloop
  endfacet
  facet normal 0.156463 0.987684 0
    outer loop
      vertex -23.368 -39.0021 1.95
      vertex -22.75 -39.1 0.00986099
      vertex -23.368 -39.0021 0.00986099
    endloop
  endfacet
  facet normal -0.453976 -0.891014 0
    outer loop
      vertex -22.132 -35.1979 0.00986099
      vertex -21.5744 -35.482 1.95
      vertex -22.132 -35.1979 1.95
    endloop
  endfacet
  facet normal -0.453976 -0.891014 -0
    outer loop
      vertex -21.5744 -35.482 1.95
      vertex -22.132 -35.1979 0.00986099
      vertex -21.5744 -35.482 0.00986099
    endloop
  endfacet
  facet normal 0.987684 0.156463 0
    outer loop
      vertex -24.6521 -37.718 1.95
      vertex -24.75 -37.1 0.00986099
      vertex -24.75 -37.1 1.95
    endloop
  endfacet
  facet normal 0.987684 0.156463 0
    outer loop
      vertex -24.75 -37.1 0.00986099
      vertex -24.6521 -37.718 1.95
      vertex -24.6521 -37.718 0.00986099
    endloop
  endfacet
  facet normal 0.156463 -0.987684 0
    outer loop
      vertex -23.368 -35.1979 0.00986099
      vertex -22.75 -35.1 1.95
      vertex -23.368 -35.1979 1.95
    endloop
  endfacet
  facet normal 0.156463 -0.987684 0
    outer loop
      vertex -22.75 -35.1 1.95
      vertex -23.368 -35.1979 0.00986099
      vertex -22.75 -35.1 0.00986099
    endloop
  endfacet
  facet normal -0.987684 0.156463 0
    outer loop
      vertex -20.8479 -37.718 0.00986099
      vertex -20.75 -37.1 1.95
      vertex -20.75 -37.1 0.00986099
    endloop
  endfacet
  facet normal -0.987684 0.156463 0
    outer loop
      vertex -20.75 -37.1 1.95
      vertex -20.8479 -37.718 0.00986099
      vertex -20.8479 -37.718 1.95
    endloop
  endfacet
  facet normal -0.707107 0.707107 0
    outer loop
      vertex -21.5744 -38.718 0.00986099
      vertex -21.132 -38.2756 1.95
      vertex -21.132 -38.2756 0.00986099
    endloop
  endfacet
  facet normal -0.707107 0.707107 0
    outer loop
      vertex -21.132 -38.2756 1.95
      vertex -21.5744 -38.718 0.00986099
      vertex -21.5744 -38.718 1.95
    endloop
  endfacet
  facet normal 0.891014 0.453976 0
    outer loop
      vertex -24.368 -38.2756 1.95
      vertex -24.6521 -37.718 0.00986099
      vertex -24.6521 -37.718 1.95
    endloop
  endfacet
  facet normal 0.891014 0.453976 0
    outer loop
      vertex -24.6521 -37.718 0.00986099
      vertex -24.368 -38.2756 1.95
      vertex -24.368 -38.2756 0.00986099
    endloop
  endfacet
  facet normal 0.987684 -0.156463 0
    outer loop
      vertex -24.75 -37.1 1.95
      vertex -24.6521 -36.482 0.00986099
      vertex -24.6521 -36.482 1.95
    endloop
  endfacet
  facet normal 0.987684 -0.156463 0
    outer loop
      vertex -24.6521 -36.482 0.00986099
      vertex -24.75 -37.1 1.95
      vertex -24.75 -37.1 0.00986099
    endloop
  endfacet
  facet normal -0.891014 0.453976 0
    outer loop
      vertex -21.132 -38.2756 0.00986099
      vertex -20.8479 -37.718 1.95
      vertex -20.8479 -37.718 0.00986099
    endloop
  endfacet
  facet normal -0.891014 0.453976 0
    outer loop
      vertex -20.8479 -37.718 1.95
      vertex -21.132 -38.2756 0.00986099
      vertex -21.132 -38.2756 1.95
    endloop
  endfacet
  facet normal 0.891014 -0.453976 0
    outer loop
      vertex -24.6521 -36.482 1.95
      vertex -24.368 -35.9244 0.00986099
      vertex -24.368 -35.9244 1.95
    endloop
  endfacet
  facet normal 0.891014 -0.453976 0
    outer loop
      vertex -24.368 -35.9244 0.00986099
      vertex -24.6521 -36.482 1.95
      vertex -24.6521 -36.482 0.00986099
    endloop
  endfacet
  facet normal 0.707107 -0.707107 0
    outer loop
      vertex -24.368 -35.9244 1.95
      vertex -23.9256 -35.482 0.00986099
      vertex -23.9256 -35.482 1.95
    endloop
  endfacet
  facet normal 0.707107 -0.707107 0
    outer loop
      vertex -23.9256 -35.482 0.00986099
      vertex -24.368 -35.9244 1.95
      vertex -24.368 -35.9244 0.00986099
    endloop
  endfacet
  facet normal 0.453976 0.891014 -0
    outer loop
      vertex -23.368 -39.0021 0.00986099
      vertex -23.9256 -38.718 1.95
      vertex -23.368 -39.0021 1.95
    endloop
  endfacet
  facet normal 0.453976 0.891014 0
    outer loop
      vertex -23.9256 -38.718 1.95
      vertex -23.368 -39.0021 0.00986099
      vertex -23.9256 -38.718 0.00986099
    endloop
  endfacet
  facet normal 0.707107 -0.707107 0
    outer loop
      vertex 21.132 -35.9244 1.95
      vertex 21.5744 -35.482 0.00986099
      vertex 21.5744 -35.482 1.95
    endloop
  endfacet
  facet normal 0.707107 -0.707107 0
    outer loop
      vertex 21.5744 -35.482 0.00986099
      vertex 21.132 -35.9244 1.95
      vertex 21.132 -35.9244 0.00986099
    endloop
  endfacet
  facet normal -0.891014 -0.453976 0
    outer loop
      vertex 24.6521 -36.482 0.00986099
      vertex 24.368 -35.9244 1.95
      vertex 24.368 -35.9244 0.00986099
    endloop
  endfacet
  facet normal -0.891014 -0.453976 0
    outer loop
      vertex 24.368 -35.9244 1.95
      vertex 24.6521 -36.482 0.00986099
      vertex 24.6521 -36.482 1.95
    endloop
  endfacet
  facet normal -0.987684 -0.156463 0
    outer loop
      vertex 24.75 -37.1 0.00986099
      vertex 24.6521 -36.482 1.95
      vertex 24.6521 -36.482 0.00986099
    endloop
  endfacet
  facet normal -0.987684 -0.156463 0
    outer loop
      vertex 24.6521 -36.482 1.95
      vertex 24.75 -37.1 0.00986099
      vertex 24.75 -37.1 1.95
    endloop
  endfacet
  facet normal -0.891014 0.453976 0
    outer loop
      vertex 24.368 -38.2756 0.00986099
      vertex 24.6521 -37.718 1.95
      vertex 24.6521 -37.718 0.00986099
    endloop
  endfacet
  facet normal -0.891014 0.453976 0
    outer loop
      vertex 24.6521 -37.718 1.95
      vertex 24.368 -38.2756 0.00986099
      vertex 24.368 -38.2756 1.95
    endloop
  endfacet
  facet normal -0.453976 0.891014 0
    outer loop
      vertex 23.9256 -38.718 0.00986099
      vertex 23.368 -39.0021 1.95
      vertex 23.9256 -38.718 1.95
    endloop
  endfacet
  facet normal -0.453976 0.891014 0
    outer loop
      vertex 23.368 -39.0021 1.95
      vertex 23.9256 -38.718 0.00986099
      vertex 23.368 -39.0021 0.00986099
    endloop
  endfacet
  facet normal -0.156463 0.987684 0
    outer loop
      vertex 23.368 -39.0021 0.00986099
      vertex 22.75 -39.1 1.95
      vertex 23.368 -39.0021 1.95
    endloop
  endfacet
  facet normal -0.156463 0.987684 0
    outer loop
      vertex 22.75 -39.1 1.95
      vertex 23.368 -39.0021 0.00986099
      vertex 22.75 -39.1 0.00986099
    endloop
  endfacet
  facet normal -0.707107 -0.707107 0
    outer loop
      vertex 24.368 -35.9244 0.00986099
      vertex 23.9256 -35.482 1.95
      vertex 23.9256 -35.482 0.00986099
    endloop
  endfacet
  facet normal -0.707107 -0.707107 0
    outer loop
      vertex 23.9256 -35.482 1.95
      vertex 24.368 -35.9244 0.00986099
      vertex 24.368 -35.9244 1.95
    endloop
  endfacet
  facet normal -0.453976 -0.891014 0
    outer loop
      vertex 23.368 -35.1979 0.00986099
      vertex 23.9256 -35.482 1.95
      vertex 23.368 -35.1979 1.95
    endloop
  endfacet
  facet normal -0.453976 -0.891014 -0
    outer loop
      vertex 23.9256 -35.482 1.95
      vertex 23.368 -35.1979 0.00986099
      vertex 23.9256 -35.482 0.00986099
    endloop
  endfacet
  facet normal -0.987684 0.156463 0
    outer loop
      vertex 24.6521 -37.718 0.00986099
      vertex 24.75 -37.1 1.95
      vertex 24.75 -37.1 0.00986099
    endloop
  endfacet
  facet normal -0.987684 0.156463 0
    outer loop
      vertex 24.75 -37.1 1.95
      vertex 24.6521 -37.718 0.00986099
      vertex 24.6521 -37.718 1.95
    endloop
  endfacet
  facet normal 0.987684 0.156463 0
    outer loop
      vertex 20.8479 -37.718 1.95
      vertex 20.75 -37.1 0.00986099
      vertex 20.75 -37.1 1.95
    endloop
  endfacet
  facet normal 0.987684 0.156463 0
    outer loop
      vertex 20.75 -37.1 0.00986099
      vertex 20.8479 -37.718 1.95
      vertex 20.8479 -37.718 0.00986099
    endloop
  endfacet
  facet normal 0.156463 -0.987684 0
    outer loop
      vertex 22.132 -35.1979 0.00986099
      vertex 22.75 -35.1 1.95
      vertex 22.132 -35.1979 1.95
    endloop
  endfacet
  facet normal 0.156463 -0.987684 0
    outer loop
      vertex 22.75 -35.1 1.95
      vertex 22.132 -35.1979 0.00986099
      vertex 22.75 -35.1 0.00986099
    endloop
  endfacet
  facet normal -0.707107 0.707107 0
    outer loop
      vertex 23.9256 -38.718 0.00986099
      vertex 24.368 -38.2756 1.95
      vertex 24.368 -38.2756 0.00986099
    endloop
  endfacet
  facet normal -0.707107 0.707107 0
    outer loop
      vertex 24.368 -38.2756 1.95
      vertex 23.9256 -38.718 0.00986099
      vertex 23.9256 -38.718 1.95
    endloop
  endfacet
  facet normal 0.453976 0.891014 -0
    outer loop
      vertex 22.132 -39.0021 0.00986099
      vertex 21.5744 -38.718 1.95
      vertex 22.132 -39.0021 1.95
    endloop
  endfacet
  facet normal 0.453976 0.891014 0
    outer loop
      vertex 21.5744 -38.718 1.95
      vertex 22.132 -39.0021 0.00986099
      vertex 21.5744 -38.718 0.00986099
    endloop
  endfacet
  facet normal 0.891014 0.453976 0
    outer loop
      vertex 21.132 -38.2756 1.95
      vertex 20.8479 -37.718 0.00986099
      vertex 20.8479 -37.718 1.95
    endloop
  endfacet
  facet normal 0.891014 0.453976 0
    outer loop
      vertex 20.8479 -37.718 0.00986099
      vertex 21.132 -38.2756 1.95
      vertex 21.132 -38.2756 0.00986099
    endloop
  endfacet
  facet normal 0.453976 -0.891014 0
    outer loop
      vertex 21.5744 -35.482 0.00986099
      vertex 22.132 -35.1979 1.95
      vertex 21.5744 -35.482 1.95
    endloop
  endfacet
  facet normal 0.453976 -0.891014 0
    outer loop
      vertex 22.132 -35.1979 1.95
      vertex 21.5744 -35.482 0.00986099
      vertex 22.132 -35.1979 0.00986099
    endloop
  endfacet
  facet normal 0.156463 0.987684 -0
    outer loop
      vertex 22.75 -39.1 0.00986099
      vertex 22.132 -39.0021 1.95
      vertex 22.75 -39.1 1.95
    endloop
  endfacet
  facet normal 0.156463 0.987684 0
    outer loop
      vertex 22.132 -39.0021 1.95
      vertex 22.75 -39.1 0.00986099
      vertex 22.132 -39.0021 0.00986099
    endloop
  endfacet
  facet normal 0.891014 -0.453976 0
    outer loop
      vertex 20.8479 -36.482 1.95
      vertex 21.132 -35.9244 0.00986099
      vertex 21.132 -35.9244 1.95
    endloop
  endfacet
  facet normal 0.891014 -0.453976 0
    outer loop
      vertex 21.132 -35.9244 0.00986099
      vertex 20.8479 -36.482 1.95
      vertex 20.8479 -36.482 0.00986099
    endloop
  endfacet
  facet normal 0.987684 -0.156463 0
    outer loop
      vertex 20.75 -37.1 1.95
      vertex 20.8479 -36.482 0.00986099
      vertex 20.8479 -36.482 1.95
    endloop
  endfacet
  facet normal 0.987684 -0.156463 0
    outer loop
      vertex 20.8479 -36.482 0.00986099
      vertex 20.75 -37.1 1.95
      vertex 20.75 -37.1 0.00986099
    endloop
  endfacet
  facet normal 0.707107 0.707107 0
    outer loop
      vertex 21.5744 -38.718 1.95
      vertex 21.132 -38.2756 0.00986099
      vertex 21.132 -38.2756 1.95
    endloop
  endfacet
  facet normal 0.707107 0.707107 0
    outer loop
      vertex 21.132 -38.2756 0.00986099
      vertex 21.5744 -38.718 1.95
      vertex 21.5744 -38.718 0.00986099
    endloop
  endfacet
  facet normal -0.156463 -0.987684 0
    outer loop
      vertex 22.75 -35.1 0.00986099
      vertex 23.368 -35.1979 1.95
      vertex 22.75 -35.1 1.95
    endloop
  endfacet
  facet normal -0.156463 -0.987684 -0
    outer loop
      vertex 23.368 -35.1979 1.95
      vertex 22.75 -35.1 0.00986099
      vertex 23.368 -35.1979 0.00986099
    endloop
  endfacet
  facet normal -0.891013 -0.453977 0
    outer loop
      vertex -18.9458 -35.8639 1.95
      vertex -19.5139 -34.7489 4.99014
      vertex -19.5139 -34.7489 1.95
    endloop
  endfacet
  facet normal -0.891013 -0.453977 0
    outer loop
      vertex -19.5139 -34.7489 4.99014
      vertex -18.9458 -35.8639 1.95
      vertex -18.9458 -35.8639 4.99014
    endloop
  endfacet
  facet normal -0.987686 -0.156451 0
    outer loop
      vertex -18.75 -37.1 1.95
      vertex -18.9458 -35.8639 4.99014
      vertex -18.9458 -35.8639 1.95
    endloop
  endfacet
  facet normal -0.987686 -0.156451 0
    outer loop
      vertex -18.9458 -35.8639 4.99014
      vertex -18.75 -37.1 1.95
      vertex -18.75 -37.1 4.99014
    endloop
  endfacet
  facet normal -0.987686 0.156451 0
    outer loop
      vertex -18.9458 -38.3361 1.95
      vertex -18.75 -37.1 4.99014
      vertex -18.75 -37.1 1.95
    endloop
  endfacet
  facet normal -0.987686 0.156451 0
    outer loop
      vertex -18.75 -37.1 4.99014
      vertex -18.9458 -38.3361 1.95
      vertex -18.9458 -38.3361 4.99014
    endloop
  endfacet
  facet normal 0.156451 -0.987686 0
    outer loop
      vertex -23.9861 -33.2958 1.95
      vertex -22.75 -33.1 4.99014
      vertex -23.9861 -33.2958 4.99014
    endloop
  endfacet
  facet normal 0.156451 -0.987686 0
    outer loop
      vertex -22.75 -33.1 4.99014
      vertex -23.9861 -33.2958 1.95
      vertex -22.75 -33.1 1.95
    endloop
  endfacet
  facet normal -0.156451 -0.987686 0
    outer loop
      vertex -22.75 -33.1 1.95
      vertex -21.5139 -33.2958 4.99014
      vertex -22.75 -33.1 4.99014
    endloop
  endfacet
  facet normal -0.156451 -0.987686 -0
    outer loop
      vertex -21.5139 -33.2958 4.99014
      vertex -22.75 -33.1 1.95
      vertex -21.5139 -33.2958 1.95
    endloop
  endfacet
  facet normal -0.707107 -0.707107 0
    outer loop
      vertex -19.5139 -34.7489 1.95
      vertex -20.3989 -33.8639 4.99014
      vertex -20.3989 -33.8639 1.95
    endloop
  endfacet
  facet normal -0.707107 -0.707107 0
    outer loop
      vertex -20.3989 -33.8639 4.99014
      vertex -19.5139 -34.7489 1.95
      vertex -19.5139 -34.7489 4.99014
    endloop
  endfacet
  facet normal -0.891013 0.453977 0
    outer loop
      vertex -19.5139 -39.4511 1.95
      vertex -18.9458 -38.3361 4.99014
      vertex -18.9458 -38.3361 1.95
    endloop
  endfacet
  facet normal -0.891013 0.453977 0
    outer loop
      vertex -18.9458 -38.3361 4.99014
      vertex -19.5139 -39.4511 1.95
      vertex -19.5139 -39.4511 4.99014
    endloop
  endfacet
  facet normal 0 0 1
    outer loop
      vertex -20.75 -37.1 1.95
      vertex -18.75 -37.1 1.95
      vertex -18.9458 -35.8639 1.95
    endloop
  endfacet
  facet normal 0 0 1
    outer loop
      vertex -20.8479 -36.482 1.95
      vertex -18.9458 -35.8639 1.95
      vertex -19.5139 -34.7489 1.95
    endloop
  endfacet
  facet normal 0 0 1
    outer loop
      vertex -18.75 -37.1 1.95
      vertex -20.75 -37.1 1.95
      vertex -18.9458 -38.3361 1.95
    endloop
  endfacet
  facet normal 0 0 1
    outer loop
      vertex -21.132 -35.9244 1.95
      vertex -19.5139 -34.7489 1.95
      vertex -20.3989 -33.8639 1.95
    endloop
  endfacet
  facet normal -0 0 1
    outer loop
      vertex -20.8479 -37.718 1.95
      vertex -18.9458 -38.3361 1.95
      vertex -20.75 -37.1 1.95
    endloop
  endfacet
  facet normal 0 0 1
    outer loop
      vertex -18.9458 -38.3361 1.95
      vertex -20.8479 -37.718 1.95
      vertex -19.5139 -39.4511 1.95
    endloop
  endfacet
  facet normal 0 0 1
    outer loop
      vertex -18.9458 -35.8639 1.95
      vertex -20.8479 -36.482 1.95
      vertex -20.75 -37.1 1.95
    endloop
  endfacet
  facet normal 0 0 1
    outer loop
      vertex -19.5139 -34.7489 1.95
      vertex -21.132 -35.9244 1.95
      vertex -20.8479 -36.482 1.95
    endloop
  endfacet
  facet normal 0 0 1
    outer loop
      vertex -21.5744 -35.482 1.95
      vertex -20.3989 -33.8639 1.95
      vertex -21.5139 -33.2958 1.95
    endloop
  endfacet
  facet normal 0 0 1
    outer loop
      vertex -20.3989 -33.8639 1.95
      vertex -21.5744 -35.482 1.95
      vertex -21.132 -35.9244 1.95
    endloop
  endfacet
  facet normal 0 0 1
    outer loop
      vertex -21.5139 -33.2958 1.95
      vertex -22.132 -35.1979 1.95
      vertex -21.5744 -35.482 1.95
    endloop
  endfacet
  facet normal 0 0 1
    outer loop
      vertex -22.75 -33.1 1.95
      vertex -22.132 -35.1979 1.95
      vertex -21.5139 -33.2958 1.95
    endloop
  endfacet
  facet normal 0 0 1
    outer loop
      vertex -22.75 -33.1 1.95
      vertex -22.75 -35.1 1.95
      vertex -22.132 -35.1979 1.95
    endloop
  endfacet
  facet normal 0 0 1
    outer loop
      vertex -22.75 -33.1 1.95
      vertex -23.368 -35.1979 1.95
      vertex -22.75 -35.1 1.95
    endloop
  endfacet
  facet normal -0 0 1
    outer loop
      vertex -23.9861 -33.2958 1.95
      vertex -23.368 -35.1979 1.95
      vertex -22.75 -33.1 1.95
    endloop
  endfacet
  facet normal 0 0 1
    outer loop
      vertex -23.368 -35.1979 1.95
      vertex -23.9861 -33.2958 1.95
      vertex -23.9256 -35.482 1.95
    endloop
  endfacet
  facet normal -0 0 1
    outer loop
      vertex -25.1011 -33.8639 1.95
      vertex -23.9256 -35.482 1.95
      vertex -23.9861 -33.2958 1.95
    endloop
  endfacet
  facet normal 0 0 1
    outer loop
      vertex -23.9256 -35.482 1.95
      vertex -25.1011 -33.8639 1.95
      vertex -24.368 -35.9244 1.95
    endloop
  endfacet
  facet normal 0 0 1
    outer loop
      vertex -24.368 -35.9244 1.95
      vertex -25.9861 -34.7489 1.95
      vertex -24.6521 -36.482 1.95
    endloop
  endfacet
  facet normal -0 0 1
    outer loop
      vertex -25.9861 -34.7489 1.95
      vertex -24.368 -35.9244 1.95
      vertex -25.1011 -33.8639 1.95
    endloop
  endfacet
  facet normal -0 0 1
    outer loop
      vertex -21.132 -38.2756 1.95
      vertex -19.5139 -39.4511 1.95
      vertex -20.8479 -37.718 1.95
    endloop
  endfacet
  facet normal 0 0 1
    outer loop
      vertex -19.5139 -39.4511 1.95
      vertex -21.132 -38.2756 1.95
      vertex -20.3989 -40.3361 1.95
    endloop
  endfacet
  facet normal -0 0 1
    outer loop
      vertex -21.5744 -38.718 1.95
      vertex -20.3989 -40.3361 1.95
      vertex -21.132 -38.2756 1.95
    endloop
  endfacet
  facet normal 0 0 1
    outer loop
      vertex -20.3989 -40.3361 1.95
      vertex -21.5744 -38.718 1.95
      vertex -21.5139 -40.9042 1.95
    endloop
  endfacet
  facet normal -0 0 1
    outer loop
      vertex -22.132 -39.0021 1.95
      vertex -21.5139 -40.9042 1.95
      vertex -21.5744 -38.718 1.95
    endloop
  endfacet
  facet normal -0 0 1
    outer loop
      vertex -22.75 -39.1 1.95
      vertex -21.5139 -40.9042 1.95
      vertex -22.132 -39.0021 1.95
    endloop
  endfacet
  facet normal 0 0 1
    outer loop
      vertex -22.75 -39.1 1.95
      vertex -22.75 -41.1 1.95
      vertex -21.5139 -40.9042 1.95
    endloop
  endfacet
  facet normal 0 0 1
    outer loop
      vertex -23.368 -39.0021 1.95
      vertex -22.75 -41.1 1.95
      vertex -22.75 -39.1 1.95
    endloop
  endfacet
  facet normal 0 0 1
    outer loop
      vertex -23.9861 -40.9042 1.95
      vertex -23.368 -39.0021 1.95
      vertex -23.9256 -38.718 1.95
    endloop
  endfacet
  facet normal 0 0 1
    outer loop
      vertex -23.368 -39.0021 1.95
      vertex -23.9861 -40.9042 1.95
      vertex -22.75 -41.1 1.95
    endloop
  endfacet
  facet normal 0 0 1
    outer loop
      vertex -25.1011 -40.3361 1.95
      vertex -23.9256 -38.718 1.95
      vertex -24.368 -38.2756 1.95
    endloop
  endfacet
  facet normal 0 0 1
    outer loop
      vertex -25.9861 -39.4511 1.95
      vertex -24.368 -38.2756 1.95
      vertex -24.6521 -37.718 1.95
    endloop
  endfacet
  facet normal 0 0 1
    outer loop
      vertex -23.9256 -38.718 1.95
      vertex -25.1011 -40.3361 1.95
      vertex -23.9861 -40.9042 1.95
    endloop
  endfacet
  facet normal 0 0 1
    outer loop
      vertex -26.5542 -38.3361 1.95
      vertex -24.6521 -37.718 1.95
      vertex -24.75 -37.1 1.95
    endloop
  endfacet
  facet normal -0 0 1
    outer loop
      vertex -26.5542 -35.8639 1.95
      vertex -24.6521 -36.482 1.95
      vertex -25.9861 -34.7489 1.95
    endloop
  endfacet
  facet normal 0 0 1
    outer loop
      vertex -24.6521 -36.482 1.95
      vertex -26.5542 -35.8639 1.95
      vertex -24.75 -37.1 1.95
    endloop
  endfacet
  facet normal 0 0 1
    outer loop
      vertex -24.368 -38.2756 1.95
      vertex -25.9861 -39.4511 1.95
      vertex -25.1011 -40.3361 1.95
    endloop
  endfacet
  facet normal 0 0 1
    outer loop
      vertex -26.75 -37.1 1.95
      vertex -24.75 -37.1 1.95
      vertex -26.5542 -35.8639 1.95
    endloop
  endfacet
  facet normal 0 0 1
    outer loop
      vertex -24.6521 -37.718 1.95
      vertex -26.5542 -38.3361 1.95
      vertex -25.9861 -39.4511 1.95
    endloop
  endfacet
  facet normal 0 0 1
    outer loop
      vertex -24.75 -37.1 1.95
      vertex -26.75 -37.1 1.95
      vertex -26.5542 -38.3361 1.95
    endloop
  endfacet
  facet normal 0.453977 -0.891013 0
    outer loop
      vertex -25.1011 -33.8639 1.95
      vertex -23.9861 -33.2958 4.99014
      vertex -25.1011 -33.8639 4.99014
    endloop
  endfacet
  facet normal 0.453977 -0.891013 0
    outer loop
      vertex -23.9861 -33.2958 4.99014
      vertex -25.1011 -33.8639 1.95
      vertex -23.9861 -33.2958 1.95
    endloop
  endfacet
  facet normal -0.156451 0.987686 0
    outer loop
      vertex -21.5139 -40.9042 1.95
      vertex -22.75 -41.1 4.99014
      vertex -21.5139 -40.9042 4.99014
    endloop
  endfacet
  facet normal -0.156451 0.987686 0
    outer loop
      vertex -22.75 -41.1 4.99014
      vertex -21.5139 -40.9042 1.95
      vertex -22.75 -41.1 1.95
    endloop
  endfacet
  facet normal 0.891013 -0.453977 0
    outer loop
      vertex -26.5542 -35.8639 4.99014
      vertex -25.9861 -34.7489 1.95
      vertex -25.9861 -34.7489 4.99014
    endloop
  endfacet
  facet normal 0.891013 -0.453977 0
    outer loop
      vertex -25.9861 -34.7489 1.95
      vertex -26.5542 -35.8639 4.99014
      vertex -26.5542 -35.8639 1.95
    endloop
  endfacet
  facet normal -0.453977 -0.891013 0
    outer loop
      vertex -21.5139 -33.2958 1.95
      vertex -20.3989 -33.8639 4.99014
      vertex -21.5139 -33.2958 4.99014
    endloop
  endfacet
  facet normal -0.453977 -0.891013 -0
    outer loop
      vertex -20.3989 -33.8639 4.99014
      vertex -21.5139 -33.2958 1.95
      vertex -20.3989 -33.8639 1.95
    endloop
  endfacet
  facet normal 0.987686 0.156451 0
    outer loop
      vertex -26.5542 -38.3361 4.99014
      vertex -26.75 -37.1 1.95
      vertex -26.75 -37.1 4.99014
    endloop
  endfacet
  facet normal 0.987686 0.156451 0
    outer loop
      vertex -26.75 -37.1 1.95
      vertex -26.5542 -38.3361 4.99014
      vertex -26.5542 -38.3361 1.95
    endloop
  endfacet
  facet normal 0.707107 -0.707107 0
    outer loop
      vertex -25.9861 -34.7489 1.95
      vertex -25.1011 -33.8639 4.99014
      vertex -25.9861 -34.7489 4.99014
    endloop
  endfacet
  facet normal 0.707107 -0.707107 0
    outer loop
      vertex -25.1011 -33.8639 4.99014
      vertex -25.9861 -34.7489 1.95
      vertex -25.1011 -33.8639 1.95
    endloop
  endfacet
  facet normal 0.891013 0.453977 0
    outer loop
      vertex -25.9861 -39.4511 4.99014
      vertex -26.5542 -38.3361 1.95
      vertex -26.5542 -38.3361 4.99014
    endloop
  endfacet
  facet normal 0.891013 0.453977 0
    outer loop
      vertex -26.5542 -38.3361 1.95
      vertex -25.9861 -39.4511 4.99014
      vertex -25.9861 -39.4511 1.95
    endloop
  endfacet
  facet normal 0.156451 0.987686 -0
    outer loop
      vertex -22.75 -41.1 1.95
      vertex -23.9861 -40.9042 4.99014
      vertex -22.75 -41.1 4.99014
    endloop
  endfacet
  facet normal 0.156451 0.987686 0
    outer loop
      vertex -23.9861 -40.9042 4.99014
      vertex -22.75 -41.1 1.95
      vertex -23.9861 -40.9042 1.95
    endloop
  endfacet
  facet normal -0.453977 0.891013 0
    outer loop
      vertex -20.3989 -40.3361 1.95
      vertex -21.5139 -40.9042 4.99014
      vertex -20.3989 -40.3361 4.99014
    endloop
  endfacet
  facet normal -0.453977 0.891013 0
    outer loop
      vertex -21.5139 -40.9042 4.99014
      vertex -20.3989 -40.3361 1.95
      vertex -21.5139 -40.9042 1.95
    endloop
  endfacet
  facet normal -0.707107 0.707107 0
    outer loop
      vertex -20.3989 -40.3361 1.95
      vertex -19.5139 -39.4511 4.99014
      vertex -19.5139 -39.4511 1.95
    endloop
  endfacet
  facet normal -0.707107 0.707107 0
    outer loop
      vertex -19.5139 -39.4511 4.99014
      vertex -20.3989 -40.3361 1.95
      vertex -20.3989 -40.3361 4.99014
    endloop
  endfacet
  facet normal 0.987686 -0.156451 0
    outer loop
      vertex -26.75 -37.1 4.99014
      vertex -26.5542 -35.8639 1.95
      vertex -26.5542 -35.8639 4.99014
    endloop
  endfacet
  facet normal 0.987686 -0.156451 0
    outer loop
      vertex -26.5542 -35.8639 1.95
      vertex -26.75 -37.1 4.99014
      vertex -26.75 -37.1 1.95
    endloop
  endfacet
  facet normal 0.707107 0.707107 -0
    outer loop
      vertex -25.1011 -40.3361 1.95
      vertex -25.9861 -39.4511 4.99014
      vertex -25.1011 -40.3361 4.99014
    endloop
  endfacet
  facet normal 0.707107 0.707107 0
    outer loop
      vertex -25.9861 -39.4511 4.99014
      vertex -25.1011 -40.3361 1.95
      vertex -25.9861 -39.4511 1.95
    endloop
  endfacet
  facet normal 0.453977 0.891013 -0
    outer loop
      vertex -23.9861 -40.9042 1.95
      vertex -25.1011 -40.3361 4.99014
      vertex -23.9861 -40.9042 4.99014
    endloop
  endfacet
  facet normal 0.453977 0.891013 0
    outer loop
      vertex -25.1011 -40.3361 4.99014
      vertex -23.9861 -40.9042 1.95
      vertex -25.1011 -40.3361 1.95
    endloop
  endfacet
  facet normal -0.891013 -0.453977 0
    outer loop
      vertex 26.5542 -35.8639 1.95
      vertex 25.9861 -34.7489 4.99014
      vertex 25.9861 -34.7489 1.95
    endloop
  endfacet
  facet normal -0.891013 -0.453977 0
    outer loop
      vertex 25.9861 -34.7489 4.99014
      vertex 26.5542 -35.8639 1.95
      vertex 26.5542 -35.8639 4.99014
    endloop
  endfacet
  facet normal -0.987686 -0.156451 0
    outer loop
      vertex 26.75 -37.1 1.95
      vertex 26.5542 -35.8639 4.99014
      vertex 26.5542 -35.8639 1.95
    endloop
  endfacet
  facet normal -0.987686 -0.156451 0
    outer loop
      vertex 26.5542 -35.8639 4.99014
      vertex 26.75 -37.1 1.95
      vertex 26.75 -37.1 4.99014
    endloop
  endfacet
  facet normal -0.707107 0.707107 0
    outer loop
      vertex 25.9861 -39.4511 1.95
      vertex 25.1011 -40.3361 4.99014
      vertex 25.9861 -39.4511 4.99014
    endloop
  endfacet
  facet normal -0.707107 0.707107 0
    outer loop
      vertex 25.1011 -40.3361 4.99014
      vertex 25.9861 -39.4511 1.95
      vertex 25.1011 -40.3361 1.95
    endloop
  endfacet
  facet normal -0.453977 0.891013 0
    outer loop
      vertex 25.1011 -40.3361 1.95
      vertex 23.9861 -40.9042 4.99014
      vertex 25.1011 -40.3361 4.99014
    endloop
  endfacet
  facet normal -0.453977 0.891013 0
    outer loop
      vertex 23.9861 -40.9042 4.99014
      vertex 25.1011 -40.3361 1.95
      vertex 23.9861 -40.9042 1.95
    endloop
  endfacet
  facet normal -0.156451 0.987686 0
    outer loop
      vertex 23.9861 -40.9042 1.95
      vertex 22.75 -41.1 4.99014
      vertex 23.9861 -40.9042 4.99014
    endloop
  endfacet
  facet normal -0.156451 0.987686 0
    outer loop
      vertex 22.75 -41.1 4.99014
      vertex 23.9861 -40.9042 1.95
      vertex 22.75 -41.1 1.95
    endloop
  endfacet
  facet normal 0.707107 -0.707107 0
    outer loop
      vertex 19.5139 -34.7489 4.99014
      vertex 20.3989 -33.8639 1.95
      vertex 20.3989 -33.8639 4.99014
    endloop
  endfacet
  facet normal 0.707107 -0.707107 0
    outer loop
      vertex 20.3989 -33.8639 1.95
      vertex 19.5139 -34.7489 4.99014
      vertex 19.5139 -34.7489 1.95
    endloop
  endfacet
  facet normal 0.453977 -0.891013 0
    outer loop
      vertex 20.3989 -33.8639 1.95
      vertex 21.5139 -33.2958 4.99014
      vertex 20.3989 -33.8639 4.99014
    endloop
  endfacet
  facet normal 0.453977 -0.891013 0
    outer loop
      vertex 21.5139 -33.2958 4.99014
      vertex 20.3989 -33.8639 1.95
      vertex 21.5139 -33.2958 1.95
    endloop
  endfacet
  facet normal 0.891013 -0.453977 0
    outer loop
      vertex 18.9458 -35.8639 4.99014
      vertex 19.5139 -34.7489 1.95
      vertex 19.5139 -34.7489 4.99014
    endloop
  endfacet
  facet normal 0.891013 -0.453977 0
    outer loop
      vertex 19.5139 -34.7489 1.95
      vertex 18.9458 -35.8639 4.99014
      vertex 18.9458 -35.8639 1.95
    endloop
  endfacet
  facet normal -0.891013 0.453977 0
    outer loop
      vertex 25.9861 -39.4511 1.95
      vertex 26.5542 -38.3361 4.99014
      vertex 26.5542 -38.3361 1.95
    endloop
  endfacet
  facet normal -0.891013 0.453977 0
    outer loop
      vertex 26.5542 -38.3361 4.99014
      vertex 25.9861 -39.4511 1.95
      vertex 25.9861 -39.4511 4.99014
    endloop
  endfacet
  facet normal 0.891013 0.453977 0
    outer loop
      vertex 19.5139 -39.4511 4.99014
      vertex 18.9458 -38.3361 1.95
      vertex 18.9458 -38.3361 4.99014
    endloop
  endfacet
  facet normal 0.891013 0.453977 0
    outer loop
      vertex 18.9458 -38.3361 1.95
      vertex 19.5139 -39.4511 4.99014
      vertex 19.5139 -39.4511 1.95
    endloop
  endfacet
  facet normal 0.156451 -0.987686 0
    outer loop
      vertex 21.5139 -33.2958 1.95
      vertex 22.75 -33.1 4.99014
      vertex 21.5139 -33.2958 4.99014
    endloop
  endfacet
  facet normal 0.156451 -0.987686 0
    outer loop
      vertex 22.75 -33.1 4.99014
      vertex 21.5139 -33.2958 1.95
      vertex 22.75 -33.1 1.95
    endloop
  endfacet
  facet normal -0.156451 -0.987686 0
    outer loop
      vertex 22.75 -33.1 1.95
      vertex 23.9861 -33.2958 4.99014
      vertex 22.75 -33.1 4.99014
    endloop
  endfacet
  facet normal -0.156451 -0.987686 -0
    outer loop
      vertex 23.9861 -33.2958 4.99014
      vertex 22.75 -33.1 1.95
      vertex 23.9861 -33.2958 1.95
    endloop
  endfacet
  facet normal 0.707107 0.707107 0
    outer loop
      vertex 20.3989 -40.3361 4.99014
      vertex 19.5139 -39.4511 1.95
      vertex 19.5139 -39.4511 4.99014
    endloop
  endfacet
  facet normal 0.707107 0.707107 0
    outer loop
      vertex 19.5139 -39.4511 1.95
      vertex 20.3989 -40.3361 4.99014
      vertex 20.3989 -40.3361 1.95
    endloop
  endfacet
  facet normal 0.453977 0.891013 -0
    outer loop
      vertex 21.5139 -40.9042 1.95
      vertex 20.3989 -40.3361 4.99014
      vertex 21.5139 -40.9042 4.99014
    endloop
  endfacet
  facet normal 0.453977 0.891013 0
    outer loop
      vertex 20.3989 -40.3361 4.99014
      vertex 21.5139 -40.9042 1.95
      vertex 20.3989 -40.3361 1.95
    endloop
  endfacet
  facet normal 0.987686 -0.156451 0
    outer loop
      vertex 18.75 -37.1 4.99014
      vertex 18.9458 -35.8639 1.95
      vertex 18.9458 -35.8639 4.99014
    endloop
  endfacet
  facet normal 0.987686 -0.156451 0
    outer loop
      vertex 18.9458 -35.8639 1.95
      vertex 18.75 -37.1 4.99014
      vertex 18.75 -37.1 1.95
    endloop
  endfacet
  facet normal 0.156451 0.987686 -0
    outer loop
      vertex 22.75 -41.1 1.95
      vertex 21.5139 -40.9042 4.99014
      vertex 22.75 -41.1 4.99014
    endloop
  endfacet
  facet normal 0.156451 0.987686 0
    outer loop
      vertex 21.5139 -40.9042 4.99014
      vertex 22.75 -41.1 1.95
      vertex 21.5139 -40.9042 1.95
    endloop
  endfacet
  facet normal -0.707107 -0.707107 0
    outer loop
      vertex 25.1011 -33.8639 1.95
      vertex 25.9861 -34.7489 4.99014
      vertex 25.1011 -33.8639 4.99014
    endloop
  endfacet
  facet normal -0.707107 -0.707107 -0
    outer loop
      vertex 25.9861 -34.7489 4.99014
      vertex 25.1011 -33.8639 1.95
      vertex 25.9861 -34.7489 1.95
    endloop
  endfacet
  facet normal -0.453977 -0.891013 0
    outer loop
      vertex 23.9861 -33.2958 1.95
      vertex 25.1011 -33.8639 4.99014
      vertex 23.9861 -33.2958 4.99014
    endloop
  endfacet
  facet normal -0.453977 -0.891013 -0
    outer loop
      vertex 25.1011 -33.8639 4.99014
      vertex 23.9861 -33.2958 1.95
      vertex 25.1011 -33.8639 1.95
    endloop
  endfacet
  facet normal -0.987686 0.156451 0
    outer loop
      vertex 26.5542 -38.3361 1.95
      vertex 26.75 -37.1 4.99014
      vertex 26.75 -37.1 1.95
    endloop
  endfacet
  facet normal -0.987686 0.156451 0
    outer loop
      vertex 26.75 -37.1 4.99014
      vertex 26.5542 -38.3361 1.95
      vertex 26.5542 -38.3361 4.99014
    endloop
  endfacet
  facet normal 0 0 1
    outer loop
      vertex 24.75 -37.1 1.95
      vertex 26.75 -37.1 1.95
      vertex 26.5542 -35.8639 1.95
    endloop
  endfacet
  facet normal 0 0 1
    outer loop
      vertex 24.6521 -36.482 1.95
      vertex 26.5542 -35.8639 1.95
      vertex 25.9861 -34.7489 1.95
    endloop
  endfacet
  facet normal 0 0 1
    outer loop
      vertex 26.75 -37.1 1.95
      vertex 24.75 -37.1 1.95
      vertex 26.5542 -38.3361 1.95
    endloop
  endfacet
  facet normal 0 0 1
    outer loop
      vertex 24.368 -35.9244 1.95
      vertex 25.9861 -34.7489 1.95
      vertex 25.1011 -33.8639 1.95
    endloop
  endfacet
  facet normal -0 0 1
    outer loop
      vertex 24.6521 -37.718 1.95
      vertex 26.5542 -38.3361 1.95
      vertex 24.75 -37.1 1.95
    endloop
  endfacet
  facet normal 0 0 1
    outer loop
      vertex 26.5542 -38.3361 1.95
      vertex 24.6521 -37.718 1.95
      vertex 25.9861 -39.4511 1.95
    endloop
  endfacet
  facet normal 0 0 1
    outer loop
      vertex 26.5542 -35.8639 1.95
      vertex 24.6521 -36.482 1.95
      vertex 24.75 -37.1 1.95
    endloop
  endfacet
  facet normal 0 0 1
    outer loop
      vertex 25.9861 -34.7489 1.95
      vertex 24.368 -35.9244 1.95
      vertex 24.6521 -36.482 1.95
    endloop
  endfacet
  facet normal 0 0 1
    outer loop
      vertex 23.9256 -35.482 1.95
      vertex 25.1011 -33.8639 1.95
      vertex 23.9861 -33.2958 1.95
    endloop
  endfacet
  facet normal 0 0 1
    outer loop
      vertex 25.1011 -33.8639 1.95
      vertex 23.9256 -35.482 1.95
      vertex 24.368 -35.9244 1.95
    endloop
  endfacet
  facet normal 0 0 1
    outer loop
      vertex 23.9861 -33.2958 1.95
      vertex 23.368 -35.1979 1.95
      vertex 23.9256 -35.482 1.95
    endloop
  endfacet
  facet normal 0 0 1
    outer loop
      vertex 22.75 -33.1 1.95
      vertex 23.368 -35.1979 1.95
      vertex 23.9861 -33.2958 1.95
    endloop
  endfacet
  facet normal 0 0 1
    outer loop
      vertex 22.75 -33.1 1.95
      vertex 22.75 -35.1 1.95
      vertex 23.368 -35.1979 1.95
    endloop
  endfacet
  facet normal 0 0 1
    outer loop
      vertex 22.75 -33.1 1.95
      vertex 22.132 -35.1979 1.95
      vertex 22.75 -35.1 1.95
    endloop
  endfacet
  facet normal -0 0 1
    outer loop
      vertex 21.5139 -33.2958 1.95
      vertex 22.132 -35.1979 1.95
      vertex 22.75 -33.1 1.95
    endloop
  endfacet
  facet normal 0 0 1
    outer loop
      vertex 22.132 -35.1979 1.95
      vertex 21.5139 -33.2958 1.95
      vertex 21.5744 -35.482 1.95
    endloop
  endfacet
  facet normal -0 0 1
    outer loop
      vertex 20.3989 -33.8639 1.95
      vertex 21.5744 -35.482 1.95
      vertex 21.5139 -33.2958 1.95
    endloop
  endfacet
  facet normal 0 0 1
    outer loop
      vertex 21.5744 -35.482 1.95
      vertex 20.3989 -33.8639 1.95
      vertex 21.132 -35.9244 1.95
    endloop
  endfacet
  facet normal 0 0 1
    outer loop
      vertex 21.132 -35.9244 1.95
      vertex 19.5139 -34.7489 1.95
      vertex 20.8479 -36.482 1.95
    endloop
  endfacet
  facet normal -0 0 1
    outer loop
      vertex 19.5139 -34.7489 1.95
      vertex 21.132 -35.9244 1.95
      vertex 20.3989 -33.8639 1.95
    endloop
  endfacet
  facet normal -0 0 1
    outer loop
      vertex 24.368 -38.2756 1.95
      vertex 25.9861 -39.4511 1.95
      vertex 24.6521 -37.718 1.95
    endloop
  endfacet
  facet normal 0 0 1
    outer loop
      vertex 25.9861 -39.4511 1.95
      vertex 24.368 -38.2756 1.95
      vertex 25.1011 -40.3361 1.95
    endloop
  endfacet
  facet normal -0 0 1
    outer loop
      vertex 23.9256 -38.718 1.95
      vertex 25.1011 -40.3361 1.95
      vertex 24.368 -38.2756 1.95
    endloop
  endfacet
  facet normal 0 0 1
    outer loop
      vertex 25.1011 -40.3361 1.95
      vertex 23.9256 -38.718 1.95
      vertex 23.9861 -40.9042 1.95
    endloop
  endfacet
  facet normal -0 0 1
    outer loop
      vertex 23.368 -39.0021 1.95
      vertex 23.9861 -40.9042 1.95
      vertex 23.9256 -38.718 1.95
    endloop
  endfacet
  facet normal -0 0 1
    outer loop
      vertex 22.75 -39.1 1.95
      vertex 23.9861 -40.9042 1.95
      vertex 23.368 -39.0021 1.95
    endloop
  endfacet
  facet normal 0 0 1
    outer loop
      vertex 22.75 -39.1 1.95
      vertex 22.75 -41.1 1.95
      vertex 23.9861 -40.9042 1.95
    endloop
  endfacet
  facet normal 0 0 1
    outer loop
      vertex 22.132 -39.0021 1.95
      vertex 22.75 -41.1 1.95
      vertex 22.75 -39.1 1.95
    endloop
  endfacet
  facet normal 0 0 1
    outer loop
      vertex 21.5139 -40.9042 1.95
      vertex 22.132 -39.0021 1.95
      vertex 21.5744 -38.718 1.95
    endloop
  endfacet
  facet normal 0 0 1
    outer loop
      vertex 22.132 -39.0021 1.95
      vertex 21.5139 -40.9042 1.95
      vertex 22.75 -41.1 1.95
    endloop
  endfacet
  facet normal 0 0 1
    outer loop
      vertex 20.3989 -40.3361 1.95
      vertex 21.5744 -38.718 1.95
      vertex 21.132 -38.2756 1.95
    endloop
  endfacet
  facet normal 0 0 1
    outer loop
      vertex 19.5139 -39.4511 1.95
      vertex 21.132 -38.2756 1.95
      vertex 20.8479 -37.718 1.95
    endloop
  endfacet
  facet normal 0 0 1
    outer loop
      vertex 21.5744 -38.718 1.95
      vertex 20.3989 -40.3361 1.95
      vertex 21.5139 -40.9042 1.95
    endloop
  endfacet
  facet normal 0 0 1
    outer loop
      vertex 18.9458 -38.3361 1.95
      vertex 20.8479 -37.718 1.95
      vertex 20.75 -37.1 1.95
    endloop
  endfacet
  facet normal -0 0 1
    outer loop
      vertex 18.9458 -35.8639 1.95
      vertex 20.8479 -36.482 1.95
      vertex 19.5139 -34.7489 1.95
    endloop
  endfacet
  facet normal 0 0 1
    outer loop
      vertex 20.8479 -36.482 1.95
      vertex 18.9458 -35.8639 1.95
      vertex 20.75 -37.1 1.95
    endloop
  endfacet
  facet normal 0 0 1
    outer loop
      vertex 21.132 -38.2756 1.95
      vertex 19.5139 -39.4511 1.95
      vertex 20.3989 -40.3361 1.95
    endloop
  endfacet
  facet normal 0 0 1
    outer loop
      vertex 18.75 -37.1 1.95
      vertex 20.75 -37.1 1.95
      vertex 18.9458 -35.8639 1.95
    endloop
  endfacet
  facet normal 0 0 1
    outer loop
      vertex 20.8479 -37.718 1.95
      vertex 18.9458 -38.3361 1.95
      vertex 19.5139 -39.4511 1.95
    endloop
  endfacet
  facet normal 0 0 1
    outer loop
      vertex 20.75 -37.1 1.95
      vertex 18.75 -37.1 1.95
      vertex 18.9458 -38.3361 1.95
    endloop
  endfacet
  facet normal 0.987686 0.156451 0
    outer loop
      vertex 18.9458 -38.3361 4.99014
      vertex 18.75 -37.1 1.95
      vertex 18.75 -37.1 4.99014
    endloop
  endfacet
  facet normal 0.987686 0.156451 0
    outer loop
      vertex 18.75 -37.1 1.95
      vertex 18.9458 -38.3361 4.99014
      vertex 18.9458 -38.3361 1.95
    endloop
  endfacet
endsolid OpenSCAD_Model
